1003,gdfgfdg,3,€4,7722@email.cz
1002,Email Test,1,€1,Erik.Bohac@commerzbank.com
1001,Quintilla,3,€1,bohac.eri@gmail.com
1000,Václav Vondráček,4,€3,vondracekvaclav@seznam.cz
4,Pork - Belly Fresh,13,"€2,71",lclint3@sina.com.cn
5,"Soup - Campbells, Butternut",9,"€9,79",minnerstone4@google.cn
6,Squash - Acorn,7,"€6,00",egodridge5@aol.com
7,"Shrimp - 16/20, Peeled Deviened",8,"€4,42",avasiliu6@myspace.com
8,Bar Bran Honey Nut,9,"€3,47",wdecourcey7@e-recht24.de
9,Cake - Dulce De Leche,3,"€7,97",rrickerby8@bbc.co.uk
10,Beef - Short Ribs,2,"€2,80",tpossa9@bbc.co.uk
11,Scallops - U - 10,19,"€0,78",lblissetta@ehow.com
12,Chicken - Whole Roasting,8,"€7,79",respinoyb@meetup.com
13,Soup - Campbellschix Stew,1,"€0,66",ospeendenc@aol.com
14,Everfresh Products,17,"€1,50",cpattleld@ftc.gov
15,Wine - Stoneliegh Sauvignon,15,"€6,50",etrevaskise@vkontakte.ru
16,English Muffin,14,"€1,28",dshinnf@discovery.com
17,"Lamb - Shoulder, Boneless",13,"€8,34",fcaldecourtg@simplemachines.org
18,Tequila Rose Cream Liquor,5,"€7,11",babdenh@sbwire.com
19,Soup Campbells,8,"€1,63",lcockini@shop-pro.jp
20,Wine - Beaujolais Villages,17,"€4,96",dmeeganj@angelfire.com
21,Chick Peas - Dried,4,"€4,39",gwoolvink@example.com
22,Cup - 8oz Coffee Perforated,11,"€0,37",tjoderl@archive.org
23,Wine - Riesling Dr. Pauly,14,"€2,21",mdomangem@posterous.com
24,Table Cloth 53x69 White,7,"€3,38",furenn@biglobe.ne.jp
25,Pizza Pizza Dough,20,"€3,38",dgedneyo@cbc.ca
26,Wine - Domaine Boyar Royal,13,"€8,58",abaudichonp@addthis.com
27,Capon - Whole,14,"€1,00",dlanawayq@ebay.co.uk
28,Truffle - Peelings,3,"€3,38",olaffinr@quantcast.com
29,Star Fruit,20,"€3,57",whalcros@google.com.hk
30,"Wine - White, Schroder And Schyl",11,"€7,96",pnelest@disqus.com
31,Potatoes - Yukon Gold 5 Oz,7,"€5,46",bnewartu@forbes.com
32,"Nut - Walnut, Chopped",19,"€1,48",wmaragesv@cloudflare.com
33,Sausage - Liver,11,"€5,66",gchilcottw@google.it
34,Tofu - Soft,6,"€9,43",lradkex@so-net.ne.jp
35,"Tart Shells - Savory, 4",7,"€1,34",khalletty@ft.com
36,Mustard - Seed,7,"€1,27",aguilliattz@furl.net
37,"Chocolate - Semi Sweet, Calets",9,"€2,26",pnisuis10@reddit.com
38,Sobe - Liz Blizz,9,"€6,85",aogdahl11@nba.com
39,Lettuce - California Mix,13,"€4,41",ghakewell12@shutterfly.com
40,"Salmon - Atlantic, Skin On",16,"€7,93",lselwin13@reverbnation.com
41,Oranges,14,"€2,21",avasyutochkin14@cbsnews.com
42,Godiva White Chocolate,9,"€2,83",bolivari15@economist.com
43,Cheese - Parmigiano Reggiano,15,"€6,65",aphilipart16@is.gd
44,"Trout - Hot Smkd, Dbl Fillet",9,"€5,34",aparram17@usnews.com
45,Wanton Wrap,9,"€3,26",soffiler18@google.ca
46,"C - Plus, Orange",3,"€6,85",fmcelory19@bloglovin.com
47,Melon - Watermelon Yellow,17,"€0,13",khubble1a@mapquest.com
48,Pepper - Yellow Bell,13,"€6,84",keasey1b@illinois.edu
49,Tandoori Curry Paste,20,"€9,27",lmcconville1c@un.org
50,"Juice - Pineapple, 341 Ml",8,"€1,65",rlerwill1d@1688.com
51,Skirt - 24 Foot,11,"€3,42",lhaccleton1e@bloglines.com
52,Straw - Regular,14,"€0,44",smquharg1f@cnet.com
53,Veal - Eye Of Round,20,"€5,47",kaskey1g@bizjournals.com
54,Wine - Tio Pepe Sherry Fino,17,"€0,16",rtumilty1h@cbsnews.com
55,Galliano,15,"€5,86",pwardlaw1i@census.gov
56,"Mushroom - Chantrelle, Fresh",8,"€5,50",mmcmurtyr1j@indiatimes.com
57,"Wine - White, Lindemans Bin 95",16,"€5,54",thodcroft1k@pinterest.com
58,Longos - Chicken Caeser Salad,12,"€7,35",lhuguenet1l@prnewswire.com
59,Fudge - Cream Fudge,12,"€3,79",bbarritt1m@nytimes.com
60,"Crab - Back Fin Meat, Canned",4,"€7,36",rchettoe1n@digg.com
61,Yams,11,"€5,72",jsteers1o@bbb.org
62,Coffee Decaf Colombian,13,"€4,43",tbarabisch1p@macromedia.com
63,Wine - Sicilia Igt Nero Avola,1,"€5,45",igeorgelin1q@t.co
64,"Pork - Tenderloin, Frozen",12,"€4,98",alortzing1r@businessweek.com
65,Tomatoes - Roma,5,"€1,77",ahaxley1s@xing.com
66,Lobster - Tail 6 Oz,9,"€4,74",gbasford1t@webmd.com
67,"Cheese - Mozzarella, Buffalo",7,"€9,99",fbeaze1u@yale.edu
68,Turnip - Wax,12,"€2,83",ugommes1v@sun.com
69,Hipnotiq Liquor,20,"€1,96",abrigham1w@columbia.edu
70,Macaroons - Two Bite Choc,15,"€0,07",fpeasey1x@un.org
71,Appetizer - Lobster Phyllo Roll,19,"€8,93",cbastie1y@typepad.com
72,Ostrich - Prime Cut,12,"€0,62",scripwell1z@meetup.com
73,Sambuca Cream,18,"€5,79",phandlin20@wordpress.com
74,Okra,5,"€5,51",kburke21@cdc.gov
75,Chicken - Soup Base,16,"€9,00",mkubik22@cbsnews.com
76,Cookie Chocolate Chip With,16,"€6,61",lvowell23@cnn.com
77,"Loaf Pan - 2 Lb, Foil",3,"€3,69",lgillard24@zimbio.com
78,Shark - Loin,14,"€1,77",cmcreidy25@shareasale.com
79,Hold Up Tool Storage Rack,20,"€8,94",tculham26@theglobeandmail.com
80,"Wine - Magnotta - Red, Baco",8,"€9,83",aridder27@earthlink.net
81,Wine - Champagne Brut Veuve,8,"€1,53",tleblanc28@nasa.gov
82,"Soup - Knorr, Veg / Beef",4,"€0,97",blampaert29@deviantart.com
83,Salmon - Fillets,6,"€2,16",tnormabell2a@omniture.com
84,Butter Sweet,10,"€3,44",dtenbroek2b@ocn.ne.jp
85,Salmon Atl.whole 8 - 10 Lb,5,"€4,67",cmccobb2c@hubpages.com
86,Monkfish Fresh - Skin Off,7,"€7,63",cbernardotte2d@yahoo.com
87,Butter - Pod,20,"€7,06",rgauler2e@pbs.org
88,Shrimp - Prawn,10,"€1,77",ccund2f@flickr.com
89,"Bread - Roll, Italian",12,"€6,26",rderl2g@goo.gl
90,Egg - Salad Premix,4,"€7,01",rmaestrini2h@telegraph.co.uk
91,Pimento - Canned,1,"€8,47",djollye2i@economist.com
92,"Sauce - Soya, Light",14,"€5,39",cdermott2j@flavors.me
93,Venison - Striploin,8,"€0,02",lwayman2k@ebay.co.uk
94,Bread - Corn Muffaleta Onion,10,"€1,26",lhills2l@un.org
95,Salmon Steak - Cohoe 8 Oz,2,"€3,89",soffill2m@si.edu
96,Bulgar,16,"€2,72",rbein2n@addthis.com
97,Raspberries - Frozen,1,"€1,59",tkauble2o@xinhuanet.com
98,Muffin Mix - Chocolate Chip,13,"€7,95",mhubbucke2p@apple.com
99,Table Cloth 72x144 White,4,"€3,55",jboules2q@nbcnews.com
100,Apricots - Dried,12,"€5,32",sedon2r@unblog.fr
101,"Sprite, Diet - 355ml",10,"€3,58",lsmouten2s@moonfruit.com
102,"Chilli Paste, Hot Sambal Oelek",9,"€1,52",ghorsey2t@comcast.net
103,Schnappes Peppermint - Walker,3,"€3,55",vbleby2u@about.me
104,Extract Vanilla Pure,6,"€2,54",jdansken2v@uiuc.edu
105,Asparagus - Frozen,20,"€5,58",fstopford2w@examiner.com
106,"Pork - Bacon, Double Smoked",4,"€2,65",cleil2x@example.com
107,Soup - Cream Of Broccoli,9,"€2,47",cglassopp2y@mysql.com
108,"Wine - Magnotta, White",13,"€9,81",tpauletti2z@upenn.edu
109,Chef Hat 20cm,17,"€2,90",grodell30@reference.com
110,Raisin - Dark,13,"€5,19",emeasen31@dropbox.com
111,Bread - Corn Muffaleta Onion,2,"€1,81",lmapes32@csmonitor.com
112,Truffle Cups - Brown,7,"€2,73",bhaynesford33@51.la
113,"Wine - White, Gewurtzraminer",10,"€5,40",acrighton34@smh.com.au
114,"Stock - Veal, Brown",2,"€2,67",dgeard35@sciencedaily.com
115,Lettuce - Lolla Rosa,1,"€0,87",mwhitney36@elegantthemes.com
116,Lobster - Tail 6 Oz,3,"€2,92",dmcowis37@imageshack.us
117,Bread - Olive Dinner Roll,11,"€0,79",elailey38@ft.com
118,Nut - Macadamia,7,"€4,39",mminichi39@mozilla.com
119,Sword Pick Asst,18,"€6,96",bclench3a@tinypic.com
120,Wine - Pinot Noir Pond Haddock,9,"€1,13",jbowstead3b@bloomberg.com
121,Veal - Heart,1,"€6,31",dbaudacci3c@wikipedia.org
122,"Cup - 6oz, Foam",18,"€9,85",mnornable3d@shop-pro.jp
123,Pastry - Cheese Baked Scones,9,"€0,95",osayers3e@wired.com
124,Wine - Baron De Rothschild,5,"€2,31",ttoma3f@meetup.com
125,Wine - Niagara Peninsula Vqa,5,"€9,64",wmoyes3g@sphinn.com
126,Pork - Liver,9,"€5,88",sdarbon3h@cloudflare.com
127,Rice Paper,17,"€8,24",npantridge3i@so-net.ne.jp
128,"Tendrils - Baby Pea, Organic",5,"€0,02",ccoit3j@narod.ru
129,Tomatoes - Roma,10,"€4,13",ayakushkev3k@dailymail.co.uk
130,Wine - Duboeuf Beaujolais,9,"€4,83",erennicks3l@biblegateway.com
131,Pears - Bartlett,10,"€4,06",hroughley3m@cbc.ca
132,"Pasta - Detalini, White, Fresh",17,"€3,91",cdrever3n@miitbeian.gov.cn
133,Nantucket - Pomegranate Pear,11,"€1,19",bungerechts3o@goo.ne.jp
134,Tea - Black Currant,17,"€1,70",ocalloway3p@privacy.gov.au
135,Snapple - Iced Tea Peach,12,"€8,48",ahillhouse3q@upenn.edu
136,"Wine - Mas Chicet Rose, Vintage",19,"€7,05",bandriveau3r@bloglovin.com
137,Dish Towel,20,"€0,28",lmckoy3s@mozilla.com
138,Wine - Peller Estates Late,2,"€6,96",nwoolmer3t@mail.ru
139,Celery Root,5,"€7,65",lduffil3u@census.gov
140,Beer - Steamwhistle,13,"€4,58",ghowett3v@nymag.com
141,"Juice - Clam, 46 Oz",1,"€9,52",mtwiggs3w@princeton.edu
142,Beans - Fava Fresh,18,"€8,02",jbuney3x@canalblog.com
143,Tuna - Bluefin,11,"€7,50",rburkinshaw3y@fotki.com
144,Pork - Belly Fresh,6,"€9,55",smcilharga3z@ucla.edu
145,"Bread - Pullman, Sliced",9,"€9,53",nmattson40@so-net.ne.jp
146,Juice - Apple 284ml,19,"€9,24",tatter41@google.cn
147,"Lamb - Racks, Frenched",8,"€4,38",iridgway42@hibu.com
148,"Beef - Chuck, Boneless",6,"€3,31",aedgehill43@list-manage.com
149,Pasta - Agnolotti - Butternut,3,"€0,09",mswannell44@e-recht24.de
150,Eggplant Italian,15,"€7,00",reynald45@noaa.gov
151,Pepper - Red Bell,5,"€2,69",mbembrigg46@unesco.org
152,The Pop Shoppe - Grape,3,"€9,37",cmanneville47@squidoo.com
153,"Chicken - Thigh, Bone In",17,"€3,09",mcraig48@flickr.com
154,Pickles - Gherkins,18,"€0,40",echillingworth49@constantcontact.com
155,Wine - Manischewitz Concord,8,"€9,49",hreeks4a@live.com
156,Absolut Citron,12,"€0,98",pgopsill4b@baidu.com
157,Lamb Rack Frenched Australian,5,"€7,99",gdannett4c@who.int
158,Potatoes - Peeled,15,"€1,90",hhumbee4d@nps.gov
159,Cheese Cloth No 60,7,"€3,25",htwinberrow4e@cam.ac.uk
160,Beer - Labatt Blue,20,"€4,69",enelhams4f@ezinearticles.com
161,Pastry - Chocolate Marble Tea,1,"€9,83",jgarwill4g@whitehouse.gov
162,"Roe - Lump Fish, Red",9,"€6,31",spalffy4h@lycos.com
163,Sage - Rubbed,9,"€9,38",bdefraine4i@patch.com
164,Bagel - Whole White Sesame,6,"€1,43",bassel4j@upenn.edu
165,"Crab - Back Fin Meat, Canned",4,"€0,69",llepruvost4k@weibo.com
166,Stainless Steel Cleaner Vision,18,"€4,97",sperassi4l@cbslocal.com
167,Eggs - Extra Large,9,"€1,73",aweall4m@mtv.com
168,Foil Wrap,7,"€0,53",cmaunsell4n@msn.com
169,Scotch - Queen Anne,19,"€4,74",ememory4o@zimbio.com
170,Pan Grease,19,"€5,60",nredwin4p@de.vu
171,Cake - Cake Sheet Macaroon,1,"€4,32",mmabbott4q@sitemeter.com
172,Rice - Long Grain,15,"€2,99",aedgecumbe4r@paginegialle.it
173,Lid - 3oz Med Rec,7,"€2,22",mdoghartie4s@shutterfly.com
174,Tea - Apple Green Tea,6,"€7,20",ciwanowicz4t@163.com
175,Pernod,20,"€6,43",lcreavan4u@omniture.com
176,Sage Derby,18,"€4,15",apeppin4v@samsung.com
177,Flour - Bread,15,"€5,06",fhimpson4w@virginia.edu
178,Cheese - Mix,8,"€7,06",sdawidowsky4x@photobucket.com
179,Sour Puss Sour Apple,4,"€6,94",vbordis4y@gizmodo.com
180,Wine - Carmenere Casillero Del,4,"€3,85",hgronaver4z@google.com.br
181,Chocolate - Unsweetened,18,"€9,52",zcallicott50@hatena.ne.jp
182,Bread - Kimel Stick Poly,19,"€9,73",fblankau51@sciencedirect.com
183,Muffin - Mix - Bran And Maple 15l,3,"€0,73",ranfrey52@exblog.jp
184,Spice - Peppercorn Melange,18,"€1,91",awhitworth53@is.gd
185,Table Cloth 62x120 White,18,"€0,45",iferre54@cnet.com
186,"Wine - Red, Metus Rose",18,"€4,33",ceasey55@youku.com
187,Turkey - Ground. Lean,7,"€5,72",gcaltun56@google.com.hk
188,Gatorade - Orange,10,"€7,73",fshimmans57@a8.net
189,Wine - Crozes Hermitage E.,20,"€0,13",msjostrom58@webeden.co.uk
190,Kolrabi,19,"€8,78",mbaruch59@youtube.com
191,"Wine - Red, Pelee Island Merlot",18,"€3,23",wsyphas5a@nhs.uk
192,Mustard - Seed,2,"€3,44",atidd5b@sourceforge.net
193,Teriyaki Sauce,5,"€7,78",jmacgray5c@cbsnews.com
194,V8 - Tropical Blend,18,"€9,82",sgymlett5d@t.co
195,"Chocolate - Milk, Callets",4,"€6,65",cbispham5e@cnbc.com
196,Wine - Port Late Bottled Vintage,12,"€7,82",dextal5f@cargocollective.com
197,Dish Towel,7,"€5,69",irowley5g@dedecms.com
198,"Beans - Black Bean, Preserved",9,"€3,57",lpalmby5h@webmd.com
199,Lamb - Loin Chops,12,"€5,88",ndahl5i@cargocollective.com
200,Chocolate - Sugar Free Semi Choc,17,"€0,56",dshears5j@etsy.com
201,Creme De Cacao White,3,"€1,53",mhanby5k@ed.gov
202,Energy Drink,13,"€1,35",edunguy5l@mysql.com
203,"Zucchini - Mini, Green",14,"€1,92",ekliche5m@studiopress.com
204,"Basil - Dry, Rubbed",11,"€9,91",spollastrone5n@ted.com
205,Chevere Logs,16,"€7,03",ngullivent5o@nyu.edu
206,Tofu - Soft,19,"€4,08",bespinoy5p@taobao.com
207,Corn - On The Cob,17,"€0,50",dwest5q@adobe.com
208,"Capon - Breast, Double, Wing On",7,"€9,45",oregitz5r@addthis.com
209,"Wine - White, Pinot Grigio",17,"€1,19",cbarnes5s@google.co.uk
210,Tea Peppermint,19,"€6,28",hlequesne5t@slideshare.net
211,Drambuie,7,"€7,88",ttompkinson5u@so-net.ne.jp
212,Pastry - Apple Large,6,"€0,90",mgulvin5v@friendfeed.com
213,Chicken Thigh - Bone Out,6,"€1,70",hcarbett5w@psu.edu
214,Muffin Mix - Oatmeal,16,"€1,45",dyouel5x@tamu.edu
215,Nantucket - Carrot Orange,17,"€9,65",kswetland5y@theglobeandmail.com
216,Bag Stand,20,"€3,42",wpocklington5z@taobao.com
217,Latex Rubber Gloves Size 9,15,"€3,36",mgilstoun60@surveymonkey.com
218,Appetizer - Tarragon Chicken,10,"€1,97",wcraghead61@last.fm
219,Chocolate Bar - Oh Henry,17,"€1,42",esheddan62@mapquest.com
220,Ecolab - Medallion,18,"€6,58",stomasicchio63@japanpost.jp
221,"Rosemary - Primerba, Paste",20,"€8,96",grumbelow64@ehow.com
222,Tart - Pecan Butter Squares,19,"€4,89",dwarn65@psu.edu
223,Sprouts - Onion,17,"€9,70",probertz66@uiuc.edu
224,Oneshot Automatic Soap System,13,"€5,24",garber67@ustream.tv
225,"Cheese - Cheddar, Old White",16,"€6,85",pharp68@senate.gov
226,Truffle Cups - White Paper,15,"€7,16",rscotney69@ed.gov
227,"Lentils - Green, Dry",3,"€4,88",cjobey6a@theatlantic.com
228,Sour Cream,3,"€4,86",wlodemann6b@mlb.com
229,Wine - Charddonnay Errazuriz,1,"€6,85",bber6c@ca.gov
230,Lamb - Loin Chops,9,"€2,80",apetrusch6d@aboutads.info
231,"Oregano - Dry, Rubbed",6,"€9,93",lveevers6e@seattletimes.com
232,Carbonated Water - Blackcherry,15,"€8,32",mbyram6f@nsw.gov.au
233,Vinegar - White Wine,10,"€4,97",ldorsay6g@icq.com
234,"Beef - Ox Tongue, Pickled",5,"€8,54",ahansberry6h@cnet.com
235,"Salmon - Smoked, Sliced",3,"€2,10",gfirle6i@zdnet.com
236,"Pasta - Bauletti, Chicken White",3,"€5,02",lmacmaykin6j@barnesandnoble.com
237,Chocolate Bar - Reese Pieces,9,"€2,30",litscovitz6k@nytimes.com
238,Cranberry Foccacia,16,"€0,02",wplevin6l@etsy.com
239,Bread Roll Foccacia,16,"€1,10",preeday6m@yellowbook.com
240,Wine - Prosecco Valdobienne,18,"€6,30",tlanceley6n@yelp.com
241,Tomatoes - Yellow Hot House,12,"€3,09",fbellwood6o@google.it
242,Fruit Salad Deluxe,15,"€3,09",nnicholes6p@mediafire.com
243,Pepper Squash,16,"€2,63",spaulitschke6q@imdb.com
244,Lotus Root,2,"€1,92",dmacmeeking6r@berkeley.edu
245,Cups 10oz Trans,20,"€2,48",gyoude6s@friendfeed.com
246,Rambutan,12,"€3,92",felliss6t@unesco.org
247,"Quail - Eggs, Fresh",6,"€8,00",elunney6u@vkontakte.ru
248,Lettuce - Radicchio,4,"€0,14",hdannatt6v@unc.edu
249,Compound - Strawberry,9,"€9,03",mmorford6w@angelfire.com
250,Bagelers - Cinn / Brown Sugar,6,"€5,29",ogeekin6x@purevolume.com
251,"Oil - Truffle, Black",5,"€4,00",acutchee6y@cdc.gov
252,Ketchup - Tomato,13,"€0,01",byele6z@hostgator.com
253,Mikes Hard Lemonade,15,"€8,04",dfromont70@about.com
254,The Pop Shoppe - Grape,10,"€7,94",cstrotton71@digg.com
255,Oyster - In Shell,1,"€7,49",afrigout72@columbia.edu
256,Cheese - Brick With Pepper,11,"€5,56",efidge73@ebay.com
257,Chicken - Soup Base,1,"€8,23",jcatton74@illinois.edu
258,Red Pepper Paste,5,"€5,23",edepper75@shinystat.com
259,Container - Clear 32 Oz,4,"€6,67",hodee76@sakura.ne.jp
260,Loquat,8,"€5,76",ujaynes77@instagram.com
261,Wine - Montecillo Rioja Crianza,13,"€8,74",estrettell78@ed.gov
262,Table Cloth 90x90 White,16,"€1,92",bjansens79@ebay.com
263,Vinegar - Tarragon,17,"€3,18",cfeek7a@wufoo.com
264,Wine - Black Tower Qr,15,"€7,50",fmaccahee7b@google.nl
265,Ice Cream - Vanilla,5,"€4,54",rrazzell7c@bloomberg.com
266,"Nut - Pine Nuts, Whole",13,"€4,89",hkull7d@state.tx.us
267,Pie Shell - 5,13,"€9,84",ssink7e@google.nl
268,Pork - Back Ribs,4,"€7,39",udallicott7f@vistaprint.com
269,Bread - Malt,20,"€5,13",lfedorchenko7g@blogs.com
270,Shiratamako - Rice Flour,12,"€5,06",dsofe7h@123-reg.co.uk
271,"Lemonade - Natural, 591 Ml",11,"€7,76",mdonativo7i@nymag.com
272,Water Chestnut - Canned,12,"€3,73",lgut7j@state.tx.us
273,"Crush - Orange, 355ml",11,"€8,90",kwombwell7k@independent.co.uk
274,Pasta - Ravioli,13,"€2,62",kwyant7l@hibu.com
275,Beef - Striploin Aa,7,"€7,87",rdebenham7m@epa.gov
276,Muffin Mix - Chocolate Chip,14,"€0,88",kaynscombe7n@friendfeed.com
277,Beer - Paulaner Hefeweisse,19,"€5,74",thandsheart7o@ycombinator.com
278,Jameson Irish Whiskey,20,"€4,33",wweedenburg7p@4shared.com
279,Soup - Campbells Pasta Fagioli,12,"€3,02",sscalera7q@msu.edu
280,Ham - Cooked,18,"€0,29",jlorenc7r@va.gov
281,"Pasta - Fusili, Dry",10,"€2,50",bgronous7s@rediff.com
282,Oil - Olive Bertolli,9,"€3,90",mhoudhury7t@wordpress.com
283,"Bread - Pumpernickle, Rounds",5,"€7,05",jbowering7u@sina.com.cn
284,Bread - French Stick,9,"€5,69",tthying7v@psu.edu
285,Paper - Brown Paper Mini Cups,18,"€9,03",nbockin7w@cbsnews.com
286,Pastry - Baked Scones - Mini,4,"€0,02",gmattusov7x@godaddy.com
287,Bread - Triangle White,9,"€4,54",mstealfox7y@1und1.de
288,Pork - Bones,15,"€5,92",kmueller7z@sciencedaily.com
289,Bread - Italian Roll With Herbs,5,"€3,65",wandrez80@mail.ru
290,Ginger - Fresh,12,"€0,84",nleehane81@webeden.co.uk
291,Juice - Cranberry 284ml,5,"€6,51",mrolse82@dyndns.org
292,"Water - Mineral, Natural",10,"€8,55",lrimbault83@youku.com
293,Mustard - Seed,19,"€2,95",nscrimshire84@cdc.gov
294,Beef - Tenderloin Tails,20,"€8,17",neslie85@cisco.com
295,Wine - Cava Aria Estate Brut,19,"€0,41",tbriscow86@newsvine.com
296,Temperature Recording Station,4,"€7,82",rchomley87@artisteer.com
297,Lotus Root,7,"€2,07",gmcgaughie88@youku.com
298,Chicken Breast Wing On,13,"€3,23",eguiduzzi89@weibo.com
299,Bulgar,8,"€1,66",aekkel8a@twitter.com
300,The Pop Shoppe - Grape,7,"€2,15",fcanellas8b@auda.org.au
301,"Pepper - White, Ground",5,"€7,63",deccles8c@newsvine.com
302,Tahini Paste,8,"€9,87",jshimwell8d@ox.ac.uk
303,"Pepper - Paprika, Spanish",7,"€6,05",mllorens8e@netlog.com
304,Beans - Wax,16,"€5,32",rlamball8f@hexun.com
305,Monkfish - Fresh,6,"€9,90",kwatson8g@simplemachines.org
306,Appetizer - Sausage Rolls,4,"€5,67",hdoumerque8h@forbes.com
307,Pasta - Cheese / Spinach Bauletti,14,"€0,18",apurviss8i@cafepress.com
308,Ice Cream - Super Sandwich,5,"€7,95",udoone8j@joomla.org
309,Longos - Cheese Tortellini,8,"€3,78",pspiteri8k@digg.com
310,Wine - Tribal Sauvignon,11,"€6,23",dbraybrookes8l@illinois.edu
311,Sugar - Invert,6,"€7,45",fmarshland8m@mashable.com
312,Long Island Ice Tea,4,"€3,72",itheodoris8n@princeton.edu
313,Crackers - Soda / Saltins,19,"€6,96",alezemore8o@usgs.gov
314,Bread - Frozen Basket Variety,19,"€5,44",rspickett8p@blog.com
315,"Crab - Blue, Frozen",19,"€2,80",dsallter8q@nasa.gov
316,Kale - Red,9,"€6,56",mhuntingford8r@cyberchimps.com
317,"Beef - Kindney, Whole",16,"€4,38",mmccoish8s@ehow.com
318,Sauce - Thousand Island,7,"€5,31",cjeanet8t@vkontakte.ru
319,Appetizer - Southwestern,19,"€4,13",bilem8u@cdc.gov
320,Pork - Hock And Feet Attached,1,"€4,97",cmanifold8v@com.com
321,Onions - Vidalia,10,"€7,61",sbodley8w@china.com.cn
322,"Tuna - Canned, Flaked, Light",14,"€1,37",dalwen8x@mapquest.com
323,Hinge W Undercut,9,"€4,49",atook8y@patch.com
324,Vinegar - Rice,3,"€6,12",ccaulder8z@netvibes.com
325,"Marjoram - Dried, Rubbed",11,"€3,13",dguice90@wufoo.com
326,"Wine - Red, Gallo, Merlot",12,"€2,34",lwoolrich91@comcast.net
327,Maple Syrup,11,"€3,33",tkiwitz92@dailymail.co.uk
328,"Soup - Knorr, Veg / Beef",3,"€6,20",btytherton93@booking.com
329,Wine - Periguita Fonseca,5,"€1,74",rdunnet94@paginegialle.it
330,Table Cloth 62x120 White,7,"€3,19",fshoubridge95@stanford.edu
331,Pepper - Orange,8,"€8,28",ftrowle96@dyndns.org
332,"Beef - Tongue, Fresh",5,"€8,70",acrooks97@unicef.org
333,"Potatoes - Yukon Gold, 80 Ct",13,"€0,71",areinger98@jimdo.com
334,Pails With Lids,9,"€8,50",mkirimaa99@nifty.com
335,Lid Tray - 12in Dome,1,"€4,62",lhaglinton9a@nydailynews.com
336,Coffee - French Vanilla Frothy,2,"€4,95",gkauffman9b@paypal.com
337,Caviar - Salmon,20,"€9,40",mswalough9c@ox.ac.uk
338,Tomatoes,5,"€6,55",ckehoe9d@rediff.com
339,Cheese Cloth,15,"€7,39",kfowle9e@linkedin.com
340,Wine - Rosso Del Veronese Igt,19,"€8,12",mgirodier9f@elegantthemes.com
341,Wine - Penfolds Koonuga Hill,18,"€0,31",lbaggs9g@wikimedia.org
342,"Syrup - Monin, Amaretta",18,"€9,45",dklausen9h@gov.uk
343,Macaroons - Homestyle Two Bit,13,"€6,16",mbuxsy9i@ameblo.jp
344,Cheese - Cream Cheese,15,"€4,40",pellar9j@twitter.com
345,Chambord Royal,20,"€6,03",lginsie9k@un.org
346,Parsley - Dried,17,"€3,81",dbartolomeoni9l@vk.com
347,Bag Clear 10 Lb,7,"€8,19",htocque9m@purevolume.com
348,"Pasta - Penne, Rigate, Dry",3,"€7,22",cgoodin9n@godaddy.com
349,Cookie Double Choco,19,"€9,72",rbennough9o@technorati.com
350,Tumeric,12,"€2,02",tbampkin9p@vk.com
351,Appetizer - Veg Assortment,8,"€9,10",lholtom9q@canalblog.com
352,Cookie Dough - Peanut Butter,8,"€8,35",khearfield9r@wikimedia.org
353,Nougat - Paste / Cream,8,"€8,13",tjanca9s@ustream.tv
354,Tart - Pecan Butter Squares,12,"€9,09",kparslow9t@unesco.org
355,Cabbage - Savoy,17,"€8,28",ffazakerley9u@netvibes.com
356,Sobe - Cranberry Grapefruit,19,"€1,55",mculross9v@i2i.jp
357,"Pasta - Spaghetti, Dry",13,"€7,68",dscottrell9w@yellowbook.com
358,Vinegar - Rice,6,"€4,58",kpusey9x@dagondesign.com
359,Soup - Campbells Chicken,11,"€3,01",gstanton9y@kickstarter.com
360,Triple Sec - Mcguinness,14,"€7,34",lthickpenny9z@newsvine.com
361,Island Oasis - Peach Daiquiri,5,"€0,68",lsoitouxa0@hud.gov
362,"Shrimp - 16 - 20 Cooked, Peeled",3,"€7,04",overnaa1@economist.com
363,"Nut - Pecan, Halves",17,"€7,13",hpaulettia2@umich.edu
364,"Lamb - Loin, Trimmed, Boneless",10,"€3,88",aklesla3@multiply.com
365,"Beans - Long, Chinese",7,"€6,42",eclaigea4@umn.edu
366,Filter - Coffee,9,"€1,32",deickea5@gizmodo.com
367,Monkfish Fresh - Skin Off,13,"€6,01",mgethinsa6@who.int
368,"Turnip - White, Organic",6,"€1,51",ksemorada7@tripadvisor.com
369,Onions - Spanish,5,"€4,66",vcarvilla8@gnu.org
370,Flower - Dish Garden,14,"€0,21",athomtona9@devhub.com
371,Clam - Cherrystone,13,"€8,76",okernleyaa@google.com.hk
372,Beef - Striploin,11,"€9,84",docarrollab@kickstarter.com
373,Chicken - Soup Base,12,"€0,61",acoasterac@tmall.com
374,Greens Mustard,20,"€4,69",czanelliad@gizmodo.com
375,Lychee,2,"€6,69",jbrahamsae@zimbio.com
376,Mudslide,10,"€7,57",eboasaf@over-blog.com
377,Wine - Penfolds Koonuga Hill,3,"€7,09",fcrocettoag@amazonaws.com
378,Yeast Dry - Fleischman,8,"€9,82",nmacpeiceah@xinhuanet.com
379,"Pasta - Penne, Lisce, Dry",10,"€0,78",dmussettai@globo.com
380,Squash - Acorn,11,"€8,49",tstainfieldaj@parallels.com
381,"Cheese - Mozzarella, Buffalo",11,"€2,95",jculshawak@so-net.ne.jp
382,Water - Perrier,3,"€6,86",ashirtcliffeal@sakura.ne.jp
383,Muffin Batt - Carrot Spice,6,"€4,28",agirkinam@google.co.uk
384,Pepper - Jalapeno,14,"€3,95",gofenan@seattletimes.com
385,Carbonated Water - Peach,11,"€8,30",agoldenofirelandao@china.com.cn
386,Tequila - Sauza Silver,17,"€8,06",sgabitisap@apple.com
387,Cheese Cloth No 100,12,"€9,36",dambrosoniaq@cnn.com
388,"Pasta - Rotini, Colour, Dry",8,"€1,56",vredsullar@last.fm
389,Bread - Mini Hamburger Bun,19,"€5,93",abaudryas@meetup.com
390,Soup - Campbells Beef Noodle,3,"€0,89",sumfreyat@goo.gl
391,Soup Campbells Mexicali Tortilla,7,"€4,48",nsutchau@epa.gov
392,"Pork - Back, Short Cut, Boneless",9,"€2,18",bpostonav@mlb.com
393,Red Pepper Paste,18,"€8,80",ccheneaw@sbwire.com
394,Coffee Decaf Colombian,7,"€7,72",mbowllerax@nbcnews.com
395,"Napkin - Dinner, White",6,"€1,83",adobrowolnyay@quantcast.com
396,"Lamb - Leg, Bone In",6,"€4,20",amorseaz@prweb.com
397,Gatorade - Fruit Punch,7,"€3,52",ehedditchb0@salon.com
398,Wine - Duboeuf Beaujolais,18,"€8,66",lmatschossb1@tumblr.com
399,Wine - Sogrape Mateus Rose,11,"€0,21",fbleadenb2@fema.gov
400,Bar - Granola Trail Mix Fruit Nut,13,"€8,35",kchetwyndb3@over-blog.com
401,Veal - Osso Bucco,17,"€0,47",gkillichb4@acquirethisname.com
402,Ham - Cooked Italian,12,"€6,92",mbeverageb5@oracle.com
403,Temperature Recording Station,1,"€7,51",dalsinab6@amazon.com
404,Beer - Mcauslan Apricot,16,"€4,75",vnormanellb7@sina.com.cn
405,Oil - Pumpkinseed,11,"€2,90",olabanb8@virginia.edu
406,"Juice - Grapefruit, 341 Ml",7,"€4,01",nandrezb9@epa.gov
407,Tea - Mint,6,"€1,65",bsmallcombeba@umn.edu
408,Coffee - 10oz Cup 92961,9,"€6,23",rfernezbb@geocities.com
409,Chips - Assorted,19,"€6,27",fargylebc@craigslist.org
410,Cheese - Blue,11,"€5,49",pstidstonbd@cloudflare.com
411,Beer - Molson Excel,19,"€7,91",rsealeybe@bluehost.com
412,Appetizer - Veg Assortment,9,"€6,54",hwasielewiczbf@nasa.gov
413,Sesame Seed,20,"€4,37",oyakovichbg@parallels.com
414,Ham - Cooked,1,"€6,44",hlikelybh@vistaprint.com
415,Cheese - Montery Jack,2,"€6,64",djeyesbi@slate.com
416,Beef - Tenderloin - Aa,6,"€5,63",wdwelleybj@youku.com
417,"Soup - Knorr, Chicken Noodle",2,"€4,79",awaylenbk@networkadvertising.org
418,Bread - Flat Bread,12,"€8,32",tmuscatbl@census.gov
419,Coffee Decaf Colombian,19,"€3,53",mquirkebm@jiathis.com
420,Curry Powder,10,"€8,06",ecyphusbn@thetimes.co.uk
421,V8 Splash Strawberry Kiwi,13,"€8,34",ghannerbo@xrea.com
422,"Trout - Rainbow, Frozen",16,"€8,47",pgirardetbp@bizjournals.com
423,Chicken - Base,11,"€5,61",hdawidowiczbq@bing.com
424,Venison - Striploin,1,"€7,79",dgrigolettibr@zimbio.com
425,Chicken Breast Halal,7,"€1,40",kdurtnalbs@mtv.com
426,Cheese - Grie Des Champ,4,"€4,42",rdenebt@pinterest.com
427,Lamb - Loin Chops,2,"€4,77",ismithiesbu@ezinearticles.com
428,Wine - Sake,14,"€3,62",karneybv@dailymail.co.uk
429,"Lid - High Heat, Super Clear",13,"€3,67",bandrassybw@gizmodo.com
430,Cut Wakame - Hanawakaba,16,"€4,47",jdouganbx@barnesandnoble.com
431,Pastry - Baked Cinnamon Stick,5,"€3,05",dblackboroby@naver.com
432,Vinegar - Red Wine,17,"€5,90",bkillingworthbz@sfgate.com
433,"Pasta - Canelloni, Single Serve",17,"€5,09",cdrewittc0@over-blog.com
434,Cookie Chocolate Chip With,13,"€3,21",leaklec1@theglobeandmail.com
435,Bacardi Raspberry,7,"€7,69",achismanc2@illinois.edu
436,"Bread - Crumbs, Bulk",4,"€1,85",skemmetc3@about.me
437,Tart - Pecan Butter Squares,2,"€2,40",dbranec4@360.cn
438,Pork - Smoked Back Bacon,19,"€7,50",ddexterc5@stumbleupon.com
439,Cotton Wet Mop 16 Oz,2,"€4,83",rrivesc6@lulu.com
440,Wine - White Cab Sauv.on,4,"€1,63",ndaubneyc7@about.me
441,Coffee Cup 16oz Foam,10,"€4,82",dailwardc8@google.ru
442,Asparagus - Mexican,16,"€4,87",jguillfordc9@typepad.com
443,Wine - Pinot Noir Pond Haddock,6,"€8,41",myorkca@infoseek.co.jp
444,Mcguinness - Blue Curacao,16,"€6,65",bkunccb@usda.gov
445,Glass Clear 8 Oz,9,"€4,52",evandaalencc@cdbaby.com
446,Quail - Jumbo Boneless,6,"€1,10",rmaccaheycd@infoseek.co.jp
447,Grapes - Red,9,"€5,62",mpugsleyce@newyorker.com
448,Pants Custom Dry Clean,4,"€8,90",ddennehycf@sun.com
449,Wine - Prosecco Valdobiaddene,12,"€4,45",rdelleschicg@ted.com
450,Wine - German Riesling,4,"€8,84",jgisbournch@npr.org
451,Bread Base - Toscano,9,"€4,25",rtretheweyci@eventbrite.com
452,Olives - Nicoise,17,"€6,63",hkorpalcj@xinhuanet.com
453,Vinegar - Rice,6,"€2,88",wprallck@google.com.au
454,Relish,14,"€3,24",hbussecl@typepad.com
455,Ezy Change Mophandle,2,"€4,46",rpeerlesscm@deviantart.com
456,Flower - Potmums,6,"€9,50",rschustercn@merriam-webster.com
457,"Turkey - Breast, Double",20,"€5,98",mocollopyco@feedburner.com
458,Spring Roll Veg Mini,8,"€3,91",mjurcacp@homestead.com
459,Amaretto,6,"€8,81",aolesencq@hugedomains.com
460,Wine - White Cab Sauv.on,6,"€7,39",ofesslercr@digg.com
461,Bread - Flat Bread,20,"€0,74",estovinecs@canalblog.com
462,Wine - Casablanca Valley,11,"€8,76",btwitchettct@yelp.com
463,Bread - Raisin Walnut Pull,2,"€8,08",mharrismithcu@noaa.gov
464,"Oil - Truffle, White",17,"€9,94",dthorboncv@purevolume.com
465,Lettuce - Romaine,10,"€3,10",cbenziecw@bloomberg.com
466,Beer - Muskoka Cream Ale,12,"€2,08",lcastcx@biglobe.ne.jp
467,Lumpfish Black,11,"€2,87",zstothercy@tmall.com
468,Lotus Root,4,"€9,52",pspaingowercz@spotify.com
469,Banana - Leaves,12,"€3,44",dnutbrownd0@weibo.com
470,Pastry - Cheese Baked Scones,3,"€7,14",dfeldd1@yahoo.com
471,Soup - Campbells Chili,2,"€0,54",cbewd2@shutterfly.com
472,Oil - Safflower,7,"€1,79",otampiond3@goo.gl
473,Cheese - Le Cru Du Clocher,14,"€1,33",fphillipd4@weather.com
474,"Soup - Knorr, Country Bean",20,"€0,07",abuskd5@unc.edu
475,Brandy Apricot,19,"€2,45",epantind6@comcast.net
476,Pastry - Baked Scones - Mini,5,"€4,52",agrovesd7@unesco.org
477,Squid - U 5,6,"€6,54",nyvensd8@diigo.com
478,Tea Leaves - Oolong,12,"€2,89",mkemsterd9@sourceforge.net
479,Foil Cont Round,20,"€3,11",pburnappda@cbc.ca
480,Oil - Pumpkinseed,14,"€9,72",dsherringhamdb@4shared.com
481,Wine - Barolo Fontanafredda,2,"€0,41",mdabnerdc@yale.edu
482,Sprouts - Alfalfa,17,"€8,78",gnorburydd@topsy.com
483,Potatoes - Mini White 3 Oz,8,"€1,88",dstoppede@ifeng.com
484,Pike - Frozen Fillet,12,"€7,13",lskivingtondf@meetup.com
485,Bread Cranberry Foccacia,15,"€8,60",vpattinidg@redcross.org
486,Coffee Decaf Colombian,8,"€7,90",nbarouxdh@homestead.com
487,"Veal - Chops, Split, Frenched",11,"€2,74",gwiddowsdi@diigo.com
488,Soup - Base Broth Beef,5,"€5,13",kgilardengodj@uol.com.br
489,Cabbage - Nappa,5,"€7,87",gfergusondk@tinypic.com
490,Apple - Royal Gala,7,"€4,53",gexroldl@irs.gov
491,Tea - Decaf 1 Cup,11,"€2,22",csegodm@technorati.com
492,"Tarragon - Primerba, Paste",9,"€9,59",kdorsettdn@springer.com
493,"Trout - Rainbow, Fresh",10,"€8,08",kaldiedo@list-manage.com
494,Ocean Spray - Kiwi Strawberry,9,"€5,08",mbonasdp@jigsy.com
495,Eggplant - Regular,1,"€3,55",lhedworthdq@wiley.com
496,Nutmeg - Ground,16,"€1,37",atomasellodr@drupal.org
497,Beef - Inside Round,8,"€7,72",cfallancheds@unicef.org
498,Fiddlehead - Frozen,8,"€9,67",mschulzedt@hugedomains.com
499,Sausage - Blood Pudding,1,"€0,31",feaddydu@ucoz.ru
500,Coffee - Almond Amaretto,18,"€6,33",wservicedv@surveymonkey.com
501,Tea - Honey Green Tea,11,"€0,90",abrazdw@godaddy.com
502,"Shrimp - 16/20, Iqf, Shell On",15,"€2,71",bwalasikdx@last.fm
503,Bay Leaf Fresh,19,"€2,57",lmcnamarady@parallels.com
504,Sauce - Marinara,11,"€5,12",dminersdz@reference.com
505,Cheese - Ermite Bleu,2,"€1,72",tolkowicze0@homestead.com
506,French Kiss Vanilla,10,"€2,33",bhawkee1@umich.edu
507,Plums - Red,11,"€0,58",moheynee2@cdc.gov
508,Bar Mix - Lemon,14,"€4,81",kmcgluee3@mlb.com
509,Soup Campbells - Tomato Bisque,16,"€8,79",tdustinge4@blog.com
510,Saskatoon Berries - Frozen,5,"€0,58",jmontforde5@twitter.com
511,"Lamb - Pieces, Diced",10,"€4,05",mjobernee6@amazon.de
512,Five Alive Citrus,1,"€8,47",joxforde7@blinklist.com
513,Cocktail Napkin Blue,2,"€2,96",cgoodyere8@amazonaws.com
514,Guava,4,"€7,49",lashfulle9@ox.ac.uk
515,Wine - Sake,15,"€5,88",ajahnea@auda.org.au
516,"Pasta - Rotini, Dry",6,"€8,14",sromeroeb@forbes.com
517,Cheese - Valancey,19,"€1,61",sprovostec@umn.edu
518,Rhubarb,8,"€8,39",jmorrished@4shared.com
519,Corn Meal,9,"€0,62",bpedlaree@paypal.com
520,Yeast Dry - Fermipan,14,"€9,31",dchansonef@barnesandnoble.com
521,Venison - Racks Frenched,4,"€0,40",bmcgillegholeeg@umich.edu
522,Foil Wrap,8,"€8,31",vmintoneh@etsy.com
523,Soup - Chicken And Wild Rice,15,"€0,72",hmaslinei@skype.com
524,Wine - Chateau Bonnet,6,"€2,06",vhaskewej@hud.gov
525,"Soup - Campbells, Classic Chix",20,"€7,79",dwincklesek@engadget.com
526,"Flour - Bran, Red",13,"€2,65",ematiasekel@twitter.com
527,Guinea Fowl,8,"€7,10",sscadingem@latimes.com
528,Sproutsmustard Cress,4,"€7,16",hfieldingen@friendfeed.com
529,Cream - 10%,9,"€3,95",obesemereo@ameblo.jp
530,Beef - Tender Tips,17,"€3,54",jbebbep@jugem.jp
531,"Chilli Paste, Ginger Garlic",3,"€1,44",cspykingseq@dailymail.co.uk
532,"Radish - Black, Winter, Organic",13,"€4,99",espiecker@cbc.ca
533,External Supplier,13,"€2,05",dcastellonees@rambler.ru
534,Containter - 3oz Microwave Rect.,15,"€8,09",lchidwicket@seattletimes.com
535,Calaloo,8,"€2,60",shandshearteu@deviantart.com
536,Sauce - Oyster,7,"€7,13",fconnockev@so-net.ne.jp
537,"Cheese - Havarti, Salsa",14,"€5,67",jworssamew@forbes.com
538,"Veal - Brisket, Provimi, Bone - In",15,"€3,31",jcrambex@comsenz.com
539,Pastry - Plain Baked Croissant,15,"€0,17",adesboroughey@ftc.gov
540,"Bread - Dark Rye, Loaf",20,"€4,18",zmannockez@meetup.com
541,"Halibut - Whole, Fresh",17,"€5,98",dthirkettlef0@europa.eu
542,"Extract - Vanilla,artificial",13,"€3,33",hfraserf1@dyndns.org
543,Cape Capensis - Fillet,15,"€9,98",vcastillof2@ebay.com
544,Sauce - Sesame Thai Dressing,17,"€6,46",krapleyf3@irs.gov
545,Cheese - Cheddar With Claret,14,"€9,79",aglindef4@vimeo.com
546,Cheese - Victor Et Berthold,12,"€7,96",smcnirlanf5@sciencedirect.com
547,Wine - Rosso Del Veronese Igt,16,"€2,72",ngrievesonf6@mit.edu
548,Cheese - Goat,1,"€0,12",mhearstf7@sciencedaily.com
549,"Nut - Hazelnut, Whole",20,"€2,45",abezarraf8@linkedin.com
550,Curry Powder,3,"€1,70",ccasacciof9@163.com
551,Drambuie,9,"€0,09",hstrangefa@nasa.gov
552,Cocktail Napkin Blue,20,"€0,25",sdalgettyfb@umn.edu
553,Vinegar - Cider,10,"€0,39",rwhalebellyfc@seattletimes.com
554,"Bread - Pumpernickle, Rounds",12,"€7,06",iritsonfd@discuz.net
555,Gherkin,9,"€6,68",swriterfe@pbs.org
556,Bagelers,2,"€7,74",lharveyff@mayoclinic.com
557,Honey - Comb,8,"€5,29",swellbelovedfg@walmart.com
558,Syrup - Kahlua Chocolate,5,"€1,25",kwildbloodfh@imageshack.us
559,"Stock - Veal, White",18,"€6,37",dclacefi@nature.com
560,"Pasta - Canelloni, Single Serve",17,"€3,58",gipsgravefj@dyndns.org
561,Wine - Piper Heidsieck Brut,10,"€6,85",nosbaldestonfk@engadget.com
562,Puree - Mocha,15,"€9,07",mhamfl@bravesites.com
563,Bread - French Baquette,14,"€7,70",jpechfm@hexun.com
564,Coffee - Espresso,5,"€0,78",azamorafn@gizmodo.com
565,"Beef - Bones, Marrow",8,"€0,27",djeavonsfo@un.org
566,Flour - Masa De Harina Mexican,10,"€2,83",adowningfp@globo.com
567,Tart - Lemon,13,"€7,44",pgrewefq@drupal.org
568,Bread - English Muffin,18,"€5,63",gdwinefr@mail.ru
569,Wine - Port Late Bottled Vintage,6,"€2,80",reppersonfs@uiuc.edu
570,Burger Veggie,15,"€7,97",dmaypesft@macromedia.com
571,Pasta - Angel Hair,16,"€0,35",hwinthropfu@infoseek.co.jp
572,Taro Leaves,13,"€7,41",ldowdneyfv@hp.com
573,Capers - Pickled,19,"€9,18",aantonifw@devhub.com
574,Versatainer Nc - 9388,16,"€6,48",lbotlyfx@nsw.gov.au
575,"Beef - Bones, Cut - Up",16,"€3,87",amidfordfy@vk.com
576,Cranberries - Frozen,1,"€5,61",oshirleyfz@squarespace.com
577,Dried Apple,18,"€2,36",smeikleg0@e-recht24.de
578,Food Colouring - Pink,14,"€2,26",dbraysong1@people.com.cn
579,Pork Casing,17,"€9,95",ggiddyg2@spotify.com
580,Sauce - Alfredo,5,"€7,78",jevensdeng3@bbc.co.uk
581,Sage Derby,12,"€3,26",ghubboldg4@google.ca
582,"Beef - Ox Tongue, Pickled",2,"€7,06",sblaxterg5@goodreads.com
583,Chickhen - Chicken Phyllo,3,"€2,08",apaulssong6@issuu.com
584,"Beef - Cooked, Corned",16,"€7,59",djouannyg7@buzzfeed.com
585,Grand Marnier,8,"€5,08",ftereseg8@aboutads.info
586,Pork - Sausage Casing,18,"€9,08",lconditg9@jiathis.com
587,Bread - Frozen Basket Variety,6,"€6,76",hhoylega@howstuffworks.com
588,Longos - Grilled Chicken With,13,"€1,11",tdimariagb@sina.com.cn
589,Beef - Tenderloin Tails,19,"€5,89",mgatfieldgc@walmart.com
590,Vinegar - Rice,15,"€9,16",chundeygd@cbsnews.com
591,Propel Sport Drink,4,"€6,19",catcherleyge@woothemes.com
592,Sauce - Oyster,10,"€9,02",mohenehangf@marketwatch.com
593,Longos - Assorted Sandwich,2,"€8,23",smacteggartgg@simplemachines.org
594,Cake - Box Window 10x10x2.5,13,"€0,22",bdecourtneygh@alexa.com
595,Lid Coffeecup 12oz D9542b,3,"€1,39",blukashgi@baidu.com
596,"Soup - Cream Of Broccoli, Dry",8,"€7,55",mcarengj@facebook.com
597,Chip - Potato Dill Pickle,12,"€6,99",cmanninggk@istockphoto.com
598,Appetizer - Lobster Phyllo Roll,12,"€9,20",alaurenzgl@umn.edu
599,Pear - Prickly,12,"€3,05",krowberrygm@opera.com
600,Extract - Almond,9,"€1,49",jmadengn@prweb.com
601,Sambuca - Ramazzotti,1,"€8,25",cpahlergo@dyndns.org
602,Daikon Radish,9,"€1,26",clesergp@xing.com
603,Lettuce - Radicchio,12,"€0,54",jscamerdengq@weather.com
604,Table Cloth 62x114 Colour,7,"€2,16",stullisgr@ebay.co.uk
605,Gatorade - Cool Blue Raspberry,17,"€6,65",escrynegs@state.tx.us
606,Appetizer - Crab And Brie,4,"€6,93",cmustogt@apple.com
607,V8 - Tropical Blend,17,"€4,21",gfurmstongu@nba.com
608,"Wine - Harrow Estates, Vidal",3,"€7,94",zbarrowcloughgv@weather.com
609,Figs,15,"€5,96",dhortopgw@theatlantic.com
610,Smoked Paprika,19,"€5,54",ebaingx@hp.com
611,"Beans - Kidney, Red Dry",1,"€8,85",aogleviegy@vk.com
612,"Bread - Roll, Canadian Dinner",7,"€4,04",eashbeegz@php.net
613,"Pasta - Fett Alfredo, Single Serve",13,"€6,84",whueth0@dyndns.org
614,Cup - Translucent 7 Oz Clear,4,"€1,23",gfalkinderh1@stanford.edu
615,Beans - French,9,"€9,66",hcorhardh2@salon.com
616,"Soup - Clam Chowder, Dry Mix",8,"€9,99",ffelkinh3@youtube.com
617,Pastry - Carrot Muffin - Mini,20,"€8,76",laltimash4@about.me
618,Mousse - Banana Chocolate,4,"€8,92",rsegerh5@mediafire.com
619,Appetiser - Bought,4,"€8,61",jromanettih6@indiatimes.com
620,Carbonated Water - Cherry,19,"€2,62",cgibbiesonh7@java.com
621,Cookie Choc,18,"€0,79",ccroalh8@ezinearticles.com
622,Cod - Fillets,10,"€1,54",adowsh9@nba.com
623,Sobe - Orange Carrot,6,"€2,17",ccandlishha@about.com
624,Cheese - Goat,6,"€1,66",dhendronhb@plala.or.jp
625,Beef - Short Loin,2,"€2,39",ppockehc@mlb.com
626,"Pepper - Green, Chili",13,"€1,56",iweedshd@phoca.cz
627,Pimento - Canned,14,"€8,20",gkivlehanhe@tinypic.com
628,Veal - Sweetbread,15,"€6,21",tritchhf@hugedomains.com
629,Bag Stand,6,"€1,15",hemanulssonhg@vistaprint.com
630,Pie Filling - Cherry,10,"€7,75",mshaleshh@mit.edu
631,Chicken - White Meat With Tender,20,"€9,40",rgostickhi@bluehost.com
632,Pepper - Orange,1,"€2,39",llepardhj@salon.com
633,Bread - Assorted Rolls,19,"€5,43",lrudwellhk@skyrock.com
634,Broom Handle,14,"€9,21",jtrebbetthl@nytimes.com
635,Lettuce - Escarole,16,"€1,87",bblanquehm@cloudflare.com
636,Lettuce - Escarole,7,"€4,38",renriquezhn@t-online.de
637,Muffin Mix - Chocolate Chip,12,"€8,64",fmacbreartyho@meetup.com
638,Sauce - Rosee,3,"€1,29",gelliotthp@webnode.com
639,V8 - Tropical Blend,3,"€3,83",lmuckleyhq@scientificamerican.com
640,Garlic - Peeled,1,"€8,62",bsherretthr@businessinsider.com
641,"Wine - Magnotta - Red, Baco",15,"€4,52",ngernerhs@hud.gov
642,Figs,4,"€5,30",ngipsonht@netlog.com
643,Cheese - Cream Cheese,14,"€9,18",lbengocheahu@usgs.gov
644,Pastry - Choclate Baked,1,"€6,13",tdankshv@google.co.uk
645,"Iced Tea - Lemon, 340ml",17,"€3,46",nderyebarretthw@state.tx.us
646,Glycerine,10,"€9,54",msnawdenhx@timesonline.co.uk
647,Transfer Sheets,12,"€0,92",ehatchardhy@harvard.edu
648,"Lemonade - Mandarin, 591 Ml",4,"€3,05",kmcglewhz@paginegialle.it
649,Apple - Granny Smith,15,"€8,11",gmandifieldi0@berkeley.edu
650,Carbonated Water - Lemon Lime,18,"€5,90",mdoucei1@pcworld.com
651,Wasabi Paste,18,"€9,95",csconesi2@sciencedirect.com
652,"Olives - Green, Pitted",11,"€4,18",dsametti3@cnn.com
653,"Chicken - Leg, Boneless",8,"€7,10",fpavlenkovi4@reuters.com
654,Milk 2% 500 Ml,8,"€7,26",dflecknelli5@technorati.com
655,Lid Tray - 12in Dome,8,"€5,05",clathwoodi6@shareasale.com
656,Guava,3,"€4,47",sdowni7@bizjournals.com
657,Bacardi Breezer - Tropical,9,"€1,15",awakeleyi8@huffingtonpost.com
658,Scallops - 20/30,19,"€0,61",pmulroyi9@ox.ac.uk
659,Lettuce - Boston Bib,9,"€6,75",fmaundrellia@lulu.com
660,"Potatoes - Yukon Gold, 80 Ct",17,"€3,15",estrahanib@artisteer.com
661,Muffin Mix - Blueberry,1,"€1,29",mkirtleyic@mysql.com
662,Carbonated Water - Wildberry,11,"€6,85",dricardinid@deviantart.com
663,Tofu - Firm,12,"€7,91",hgowdyie@over-blog.com
664,"Roe - Lump Fish, Black",6,"€3,72",cjenmanif@nps.gov
665,Lettuce - Curly Endive,9,"€0,61",mocloneyig@cnn.com
666,Steel Wool,11,"€1,46",gdanieliih@163.com
667,Tea - Herbal Orange Spice,14,"€1,86",tspallii@loc.gov
668,Table Cloth 144x90 White,16,"€8,46",wpimerij@hhs.gov
669,Chocolate - Dark,13,"€2,19",hharlowik@usda.gov
670,"Veal - Chops, Split, Frenched",6,"€9,10",emayouil@51.la
671,"Gin - Gilbeys London, Dry",12,"€4,00",deringtonim@state.tx.us
672,Steampan - Foil,16,"€6,37",dstollenbeckerin@ovh.net
673,Syrup - Chocolate,12,"€1,52",tharwickio@xing.com
674,Trueblue - Blueberry Cranberry,7,"€9,28",wgammillip@howstuffworks.com
675,Arizona - Green Tea,5,"€0,09",askeggiq@creativecommons.org
676,Gelatine Leaves - Envelopes,7,"€1,42",jgreenstreetir@yellowbook.com
677,Cranberry Foccacia,18,"€1,89",gpaddingtonis@sohu.com
678,Lamb Rack Frenched Australian,9,"€0,83",iorodaneit@skyrock.com
679,"Beef - Chuck, Boneless",19,"€7,74",sillsleyiu@woothemes.com
680,Wine - Fume Blanc Fetzer,12,"€7,50",ygateiv@delicious.com
681,Bread - Bistro White,11,"€9,35",jshaneiw@sogou.com
682,Vinegar - Tarragon,4,"€0,35",blippittix@seesaa.net
683,"Beans - Long, Chinese",13,"€0,11",grudeforthiy@bluehost.com
684,Rabbit - Whole,10,"€0,59",mdocwraiz@smh.com.au
685,Beer - Upper Canada Light,10,"€6,61",mminnockj0@com.com
686,"Basil - Dry, Rubbed",2,"€8,48",dmendenhallj1@vk.com
687,Beef - Top Butt,3,"€2,52",cbinyonj2@salon.com
688,Pork - Smoked Back Bacon,8,"€6,89",ymackeegj3@cargocollective.com
689,"Lamb - Pieces, Diced",15,"€4,42",lluxonj4@imageshack.us
690,Pears - Bosc,6,"€6,14",cleekj5@51.la
691,Couscous,7,"€8,35",fgrentj6@uiuc.edu
692,Towels - Paper / Kraft,8,"€3,21",ominghellaj7@yahoo.co.jp
693,"Yogurt - Peach, 175 Gr",4,"€1,01",pandrickj8@yahoo.com
694,Ecolab Crystal Fusion,19,"€7,90",fwoodruffej9@liveinternet.ru
695,"Cheese - Mozzarella, Buffalo",3,"€9,20",sbirtchnellja@geocities.jp
696,Wine - Muscadet Sur Lie,7,"€1,45",tmartinotjb@so-net.ne.jp
697,Kellogs Cereal In A Cup,3,"€2,51",acircuitjc@cnn.com
698,Lamb - Shanks,14,"€9,91",gfachejd@dedecms.com
699,Beer - Original Organic Lager,2,"€9,52",csuttieje@squarespace.com
700,"Lid - High Heat, Super Clear",1,"€2,62",slillgardjf@rambler.ru
701,Plastic Arrow Stir Stick,3,"€3,08",sbudgetjg@sun.com
702,Wine - Alsace Riesling Reserve,15,"€9,48",agoudiejh@goodreads.com
703,Sugar - Palm,12,"€4,56",kperrieji@engadget.com
704,Breadfruit,5,"€9,37",ndashjj@time.com
705,Canadian Emmenthal,20,"€7,86",fwickwarjk@over-blog.com
706,Island Oasis - Peach Daiquiri,16,"€7,57",lpaeckmeyerjl@dmoz.org
707,Clam - Cherrystone,15,"€5,84",hbendtsenjm@ucoz.com
708,"Chicken - Thigh, Bone In",7,"€9,07",mmaccorkelljn@zdnet.com
709,Shrimp - Black Tiger 26/30,15,"€4,92",ilandelljo@geocities.jp
710,"Corn - Cream, Canned",3,"€6,05",bbengoughjp@vinaora.com
711,Fork - Plastic,8,"€8,08",sjaumetjq@microsoft.com
712,Stock - Fish,15,"€6,65",kmcenteggartjr@blogtalkradio.com
713,Tea - Herbal - 6 Asst,8,"€4,78",dantonellinijs@ihg.com
714,Bread - Sour Sticks With Onion,7,"€0,01",khaseldenjt@vk.com
715,Salmon - Fillets,14,"€7,29",mgoingju@paginegialle.it
716,Wine - Montecillo Rioja Crianza,7,"€2,15",tmcnuffjv@sogou.com
717,"Bag - Bread, White, Plain",12,"€5,42",eklichjw@purevolume.com
718,Parsley Italian - Fresh,10,"€1,14",dbottingjx@ucoz.ru
719,"Pork - Butt, Boneless",1,"€3,33",tribajy@nifty.com
720,"Lemonade - Mandarin, 591 Ml",15,"€1,27",eturnelljz@ucoz.ru
721,Lidsoupcont Rp12dn,18,"€0,78",kmillardk0@pbs.org
722,Bulgar,10,"€2,30",rwehnerrk1@cbsnews.com
723,Black Currants,14,"€9,13",kbuftonk2@bandcamp.com
724,Sea Bass - Whole,18,"€2,05",fcreedk3@w3.org
725,"Flour - Bran, Red",15,"€3,18",skimblenk4@wired.com
726,Okra,9,"€4,31",zwiddupk5@reddit.com
727,Pickerel - Fillets,19,"€9,27",wtrunchionk6@unblog.fr
728,Lettuce - Lambs Mash,19,"€0,84",dhurkettk7@twitpic.com
729,Snapple Lemon Tea,8,"€1,28",ksagark8@hexun.com
730,"Soup - French Onion, Dry",6,"€5,93",agisbyek9@miibeian.gov.cn
731,Scallop - St. Jaques,2,"€3,04",bjillionska@taobao.com
732,"Shrimp, Dried, Small / Lb",19,"€3,04",ddurkinkb@cbc.ca
733,Sobe - Tropical Energy,13,"€2,12",tkieferkc@nytimes.com
734,Soup - French Can Pea,8,"€9,93",sprobertkd@ifeng.com
735,Muffin Mix - Chocolate Chip,6,"€1,85",mkobuske@businessinsider.com
736,Calypso - Lemonade,7,"€0,13",rparminterkf@ucoz.ru
737,"Potatoes - Purple, Organic",10,"€9,05",nbispkg@tmall.com
738,"Lamb - Racks, Frenched",5,"€3,85",pdedamkh@etsy.com
739,Mousse - Mango,13,"€4,29",vtomankowskiki@pcworld.com
740,Lettuce - Boston Bib,8,"€6,17",sjentonkj@slate.com
741,Beer - Original Organic Lager,19,"€5,15",ahatcliffekk@who.int
742,Contreau,4,"€7,71",kmacgillespiekl@cargocollective.com
743,Hummus - Spread,14,"€9,77",aduberrykm@globo.com
744,Water - Green Tea Refresher,5,"€4,01",iohoeykn@odnoklassniki.ru
745,Bag Stand,2,"€7,25",ppestridgeko@seesaa.net
746,Wine - Cousino Macul Antiguas,10,"€6,03",dbloxholmkp@desdev.cn
747,Red Currants,13,"€9,82",bgreenlykq@upenn.edu
748,Wine - Barolo Fontanafredda,5,"€0,32",feffordkr@unesco.org
749,Wine - Zinfandel California 2002,15,"€6,39",griggulsfordks@mac.com
750,Mussels - Cultivated,3,"€7,26",cbeddowskt@comcast.net
751,Bag - Regular Kraft 20 Lb,20,"€2,70",okrikorianku@elegantthemes.com
752,Lettuce - Spring Mix,12,"€5,76",gspondleykv@surveymonkey.com
753,Cheese Cloth No 60,15,"€0,73",efarquharkw@meetup.com
754,Wine - George Duboeuf Rose,10,"€2,63",tbamfieldkx@wunderground.com
755,Chicken - White Meat With Tender,9,"€9,91",wcarahky@lycos.com
756,Coffee - Egg Nog Capuccino,8,"€4,84",ccamseykz@naver.com
757,"Clams - Littleneck, Whole",14,"€3,53",ngitthousel0@cafepress.com
758,Liquid Aminios Acid - Braggs,15,"€2,87",cgrangerl1@opensource.org
759,Rosemary - Dry,6,"€4,83",tthoroldl2@arstechnica.com
760,"Vermouth - Sweet, Cinzano",18,"€8,75",ewaterfieldl3@unesco.org
761,"Lamb - Loin, Trimmed, Boneless",5,"€9,69",bmattiuzzil4@mac.com
762,Lamb - Sausage Casings,16,"€1,74",ddracksfordl5@mail.ru
763,Juice - Lime,19,"€1,21",enewgroshl6@psu.edu
764,Onion - Dried,13,"€1,80",nmabeel7@nifty.com
765,"Lettuce - Mini Greens, Whole",1,"€1,94",ckeunekel8@rambler.ru
766,Cassis,9,"€5,29",cgarel9@about.me
767,Wine La Vielle Ferme Cote Du,12,"€5,00",bstoltela@addthis.com
768,Oil - Coconut,14,"€1,37",tmerkellb@trellian.com
769,Lamb - Sausage Casings,20,"€0,33",rshropsheirlc@about.com
770,Scallops - Live In Shell,1,"€2,60",jlerohanld@hp.com
771,Bread - Italian Sesame Poly,16,"€4,77",kruprechterle@twitpic.com
772,Chips - Assorted,19,"€8,85",hbrotherwoodlf@seattletimes.com
773,Swordfish Loin Portions,11,"€1,50",ibellylg@google.com.br
774,Longos - Grilled Chicken With,13,"€0,99",tfrenchlh@comsenz.com
775,Capicola - Hot,10,"€4,04",cmccoughanli@psu.edu
776,"Nut - Pecan, Halves",9,"€0,26",ebeardmorelj@addthis.com
777,Puree - Strawberry,9,"€4,43",wbesantlk@admin.ch
778,"Wine - White, Pinot Grigio",4,"€3,47",bruprechterll@yandex.ru
779,Flax Seed,14,"€4,92",csanchezlm@bbc.co.uk
780,"Wine - Red, Black Opal Shiraz",18,"€1,69",lstickelln@hao123.com
781,Onions - Red,20,"€9,73",jmclavertylo@bbb.org
782,"Mushroom - Enoki, Fresh",13,"€9,86",dkrolmanlp@berkeley.edu
783,Dried Cherries,15,"€0,06",ggiovaniziolq@github.io
784,Nacho Chips,17,"€0,63",ddungaylr@icq.com
785,Extract Vanilla Pure,5,"€5,81",kwhitfordls@addtoany.com
786,Flour - Masa De Harina Mexican,14,"€8,69",hconneault@npr.org
787,Glass Clear 7 Oz Xl,2,"€2,97",yranyardlu@xinhuanet.com
788,Beef Tenderloin Aaa,15,"€7,01",emathivetlv@blogtalkradio.com
789,Bread Fig And Almond,12,"€4,60",aligoelw@google.com.au
790,Bread - White Epi Baguette,6,"€8,28",nmenearlx@weather.com
791,Beef - Bresaola,1,"€6,98",mpleavinly@sfgate.com
792,Bay Leaf Fresh,3,"€3,86",amahylz@rambler.ru
793,Beer - Guiness,5,"€7,57",npratorm0@chicagotribune.com
794,Apple - Royal Gala,15,"€3,43",oeddisforthm1@about.me
795,Sea Urchin,7,"€3,86",amcfaulm2@pagesperso-orange.fr
796,Carbonated Water - Blackcherry,7,"€9,46",rnorkuttm3@issuu.com
797,"Bread - Pita, Mini",12,"€6,51",smarquandm4@dropbox.com
798,"Arctic Char - Fresh, Whole",4,"€1,88",gbalintm5@hibu.com
799,"Pasta - Rotini, Dry",14,"€3,56",qguerreirom6@twitter.com
800,Napkin - Beverage 1 Ply,20,"€6,91",scasacciom7@hibu.com
801,Mix - Cocktail Strawberry Daiquiri,10,"€0,51",okeslakem8@berkeley.edu
802,"Sole - Dover, Whole, Fresh",20,"€0,42",rgordongilesm9@woothemes.com
803,"Wine - Red, Mouton Cadet",17,"€9,99",rlantryma@reverbnation.com
804,"Sugar - Sweet N Low, Individual",6,"€6,09",rbaswallmb@fc2.com
805,Beef - Cow Feet Split,18,"€5,41",bivensmc@ucla.edu
806,Muffin - Carrot Individual Wrap,14,"€6,70",hpallaschmd@deliciousdays.com
807,Lamb Shoulder Boneless Nz,4,"€2,20",bmossme@free.fr
808,Quiche Assorted,15,"€5,88",awrefordmf@a8.net
809,"Bar Mix - Pina Colada, 355 Ml",15,"€7,58",jruggenmg@miitbeian.gov.cn
810,"Juice - Clam, 46 Oz",1,"€2,26",awipermh@diigo.com
811,Oil - Pumpkinseed,14,"€3,14",cbosselmi@elegantthemes.com
812,Wine - Pinot Noir Mondavi Coastal,8,"€0,05",srubrowmj@storify.com
813,Hagen Daza - Dk Choocolate,11,"€6,52",bharhoffmk@paypal.com
814,Plasticforkblack,13,"€6,31",jfairbairnml@mlb.com
815,"Oregano - Dry, Rubbed",12,"€5,60",ccoatesmm@themeforest.net
816,Sole - Fillet,8,"€5,01",rpolhillmn@fastcompany.com
817,Cookie Dough - Chocolate Chip,3,"€3,11",awoosnammo@earthlink.net
818,"Wine - Saint - Bris 2002, Sauv",15,"€5,40",djoskamp@arstechnica.com
819,"Bread - White, Sliced",17,"€4,94",dboggsmq@scribd.com
820,Bread - Bistro White,6,"€8,69",jclaptonmr@about.me
821,Knife Plastic - White,14,"€4,32",mradsdalems@umn.edu
822,Muffin Batt - Blueberry Passion,13,"€7,68",hgallawaymt@soup.io
823,Wine - Casillero Del Diablo,2,"€9,29",hknotonmu@gov.uk
824,Clementine,15,"€9,76",emuneelymv@gmpg.org
825,Cake - Mini Potato Pancake,5,"€4,18",pfugglemw@tripadvisor.com
826,Beef Dry Aged Tenderloin Aaa,3,"€7,47",akalinskymx@reference.com
827,"Mushroom - Chanterelle, Dry",3,"€5,09",oigomy@shareasale.com
828,Capers - Pickled,17,"€9,37",njeffelsmz@imageshack.us
829,"Ham - Smoked, Bone - In",8,"€5,42",halchinn0@wufoo.com
830,Rabbit - Whole,6,"€5,83",fnicelyn1@wikia.com
831,Bread Ww Cluster,18,"€6,02",ksimmonn2@sphinn.com
832,Coffee Cup 8oz 5338cd,5,"€5,35",sastonn3@jimdo.com
833,Squash - Acorn,1,"€7,64",tlittlewoodn4@icq.com
834,Bread - Multigrain Oval,1,"€8,87",akupecn5@senate.gov
835,Madeira,3,"€8,16",eeastburyn6@gnu.org
836,Chocolate - Unsweetened,7,"€8,22",cazeman7@jugem.jp
837,Wine - Segura Viudas Aria Brut,3,"€5,88",sgolbornn8@domainmarket.com
838,"Tortillas - Flour, 8",3,"€0,95",smortelln9@photobucket.com
839,Sword Pick Asst,20,"€5,19",bokinneallyna@imageshack.us
840,"Nut - Peanut, Roasted",19,"€4,67",dlermitnb@behance.net
841,Beets - Mini Golden,1,"€0,85",ggibbonnc@cmu.edu
842,Bacardi Mojito,20,"€5,14",ssrawleynd@nsw.gov.au
843,"Doilies - 12, Paper",1,"€7,60",khoflerne@weebly.com
844,"Wine - White, French Cross",18,"€2,90",ekopmannf@hubpages.com
845,Sea Bass - Whole,14,"€0,57",drowdellng@twitter.com
846,Fuji Apples,2,"€8,88",asoapernh@xinhuanet.com
847,Pie Shell - 5,7,"€4,89",dkittoeni@google.ru
848,Appetizer - Seafood Assortment,16,"€1,05",tbloomnj@state.gov
849,Soup - Verve - Chipotle Chicken,11,"€9,13",crudramnk@sciencedirect.com
850,Phyllo Dough,10,"€8,77",dpickennl@weather.com
851,Sausage - Meat,8,"€6,10",sdraycottnm@vk.com
852,Flour - Fast / Rapid,9,"€3,24",tblaxallnn@dion.ne.jp
853,"Pasta - Detalini, White, Fresh",14,"€5,94",cboweno@un.org
854,"Veal - Brisket, Provimi, Bone - In",2,"€9,30",aharowernp@cpanel.net
855,Parsnip,16,"€9,82",cmacgillaverynq@adobe.com
856,Veal - Kidney,12,"€3,29",ctwinamenr@woothemes.com
857,Carroway Seed,17,"€7,21",tcheckleyns@squidoo.com
858,Cassis,19,"€5,28",amcasgillnt@cbc.ca
859,Oil - Pumpkinseed,20,"€0,98",mimorenu@privacy.gov.au
860,Wine - Blue Nun Qualitatswein,18,"€8,89",wolletnv@altervista.org
861,"Cake Circle, Paprus",18,"€0,98",mkleuernw@biblegateway.com
862,Bamboo Shoots - Sliced,18,"€9,83",sbainbridgenx@nytimes.com
863,Sauce - Fish 25 Ozf Bottle,1,"€5,71",lplentyny@ibm.com
864,Steampan - Half Size Shallow,17,"€4,78",kperellnz@prlog.org
865,Cheese - Brick With Onion,6,"€4,45",bterranso0@live.com
866,Sugar - Splenda Sweetener,17,"€7,76",akoselo1@patch.com
867,Apples - Sliced / Wedge,3,"€4,54",mfokero2@histats.com
868,Soup - Campbells Beef Noodle,8,"€6,41",cmontacuteo3@sciencedaily.com
869,Cod - Black Whole Fillet,9,"€5,03",tcamillio4@ox.ac.uk
870,Sweet Pea Sprouts,18,"€1,76",cgilardengoo5@vk.com
871,"Chicken - Diced, Cooked",17,"€2,40",rcolbyo6@google.it
872,Soupfoamcont12oz 112con,13,"€4,74",mgosslingo7@nature.com
873,Pork - Shoulder,5,"€0,09",rnollero8@deviantart.com
874,Wine - Mondavi Coastal Private,20,"€2,78",vslevino9@ebay.co.uk
875,"Lamb - Pieces, Diced",13,"€5,90",jharringoa@china.com.cn
876,Bay Leaf Ground,7,"€5,29",kloachob@163.com
877,"Soup - Knorr, Classic Can. Chili",16,"€6,60",pballefantoc@privacy.gov.au
878,Wine - Vovray Sec Domaine Huet,1,"€6,91",fricardotod@google.com.au
879,Chef Hat 25cm,15,"€1,88",acluesoe@newyorker.com
880,Longos - Assorted Sandwich,19,"€0,61",gguittetof@oracle.com
881,Coffee - Irish Cream,2,"€1,44",larchbuttog@pen.io
882,"Crush - Orange, 355ml",2,"€2,42",bponnsettoh@webmd.com
883,"Wine - Red, Wolf Blass, Yellow",8,"€9,56",cskittereloi@deliciousdays.com
884,"Beef - Bones, Marrow",7,"€2,96",hbreeoj@yale.edu
885,Scallops - 20/30,15,"€0,15",jjellok@bigcartel.com
886,Langers - Cranberry Cocktail,19,"€9,40",bquiltyol@baidu.com
887,Pastry - Cherry Danish - Mini,15,"€7,98",hsangeom@yellowbook.com
888,Sobe - Cranberry Grapefruit,2,"€7,47",eglaveson@amazon.com
889,Cheese - Parmesan Grated,12,"€4,25",ehatryoo@census.gov
890,Syrup - Monin - Blue Curacao,14,"€9,76",csafhillop@toplist.cz
891,Honey - Lavender,16,"€2,44",kschowenburgoq@businessinsider.com
892,Broccoli - Fresh,3,"€8,87",urobbingsor@bing.com
893,"Pork - Back, Long Cut, Boneless",1,"€5,92",gburdettos@hp.com
894,"Juice - Cranberry, 341 Ml",20,"€1,22",jmclanachanot@ft.com
895,Appetizer - Chicken Satay,8,"€6,61",ialderou@shop-pro.jp
896,Monkfish Fresh - Skin Off,3,"€4,89",mminkerov@hatena.ne.jp
897,Skirt - 24 Foot,12,"€0,66",acrooseow@nhs.uk
898,"Yogurt - Raspberry, 175 Gr",13,"€4,97",gmoulsdaleox@goodreads.com
899,Container - Clear 32 Oz,17,"€4,14",ikestinoy@elegantthemes.com
900,Cumin - Ground,15,"€2,01",icalwayoz@printfriendly.com
901,Sprite - 355 Ml,13,"€8,56",agitshamp0@ca.gov
902,Syrup - Monin - Blue Curacao,19,"€6,40",sglasp1@europa.eu
903,Bar - Sweet And Salty Chocolate,5,"€4,66",scrossfieldp2@timesonline.co.uk
904,Bread - 10 Grain Parisian,19,"€1,02",ogolbornep3@woothemes.com
905,Uniform Linen Charge,6,"€1,35",cbrokenshawp4@tinypic.com
906,Bag Clear 10 Lb,13,"€5,12",bgreenhallp5@ihg.com
907,Versatainer Nc - 8288,8,"€9,25",gchalkp6@amazon.de
908,Wine - Magnotta - Belpaese,9,"€5,43",iglenwrightp7@dion.ne.jp
909,Lemon Tarts,7,"€4,88",tperchardp8@cnet.com
910,Icecream - Dstk Cml And Fdg,15,"€0,80",tcoldwellp9@multiply.com
911,Apple - Macintosh,5,"€3,73",spinckstonepa@seesaa.net
912,"Mushroom - Chanterelle, Dry",10,"€2,87",amcmeanmapb@biblegateway.com
913,Sauce - Hoisin,8,"€0,06",lwoodroffepc@ustream.tv
914,Oil - Coconut,3,"€0,77",apilfoldpd@imgur.com
915,Lighter - Bbq,18,"€5,07",rroglieripe@wiley.com
916,Fondant - Icing,6,"€3,10",pvillaretpf@cocolog-nifty.com
917,Cheese - Goat With Herbs,6,"€2,71",aolearypg@cdbaby.com
918,Dawn Professionl Pot And Pan,8,"€6,87",sbernetteph@state.gov
919,V8 Splash Strawberry Kiwi,10,"€9,75",glewcockpi@ustream.tv
920,Pear - Halves,10,"€8,63",ksweetpj@thetimes.co.uk
921,Filter - Coffee,6,"€4,10",sbenthampk@nhs.uk
922,Energy Drink - Franks Original,7,"€3,61",mloselpl@hibu.com
923,Soup V8 Roasted Red Pepper,2,"€6,84",bchorltonpm@pen.io
924,Lemons,9,"€7,20",hpitceathlypn@engadget.com
925,"Sauce - Black Current, Dry Mix",8,"€0,70",dgordonpo@php.net
926,Sword Pick Asst,3,"€7,65",glawnpp@quantcast.com
927,Longos - Chicken Cordon Bleu,3,"€3,37",jansteypq@webnode.com
928,Cloves - Whole,3,"€8,42",logrowganepr@indiegogo.com
929,Soup - Campbells - Tomato,4,"€0,55",gpolglazeps@sogou.com
930,Pastry - Raisin Muffin - Mini,3,"€1,42",aportispt@twitpic.com
931,Lettuce - Lolla Rosa,1,"€8,56",eclaxsonpu@phpbb.com
932,Wine - Ruffino Chianti,10,"€2,41",sgleaderpv@list-manage.com
933,Rice - Basmati,3,"€5,25",gkensittpw@cyberchimps.com
934,Beets - Mini Golden,8,"€9,11",vzipsellpx@webmd.com
935,Veal - Knuckle,17,"€3,88",bgeipelpy@joomla.org
936,Octopus,2,"€8,48",dtealpz@smh.com.au
937,Food Colouring - Green,13,"€4,36",nivesonq0@over-blog.com
938,Beef - Bresaola,13,"€4,85",gcurrumq1@ezinearticles.com
939,Jolt Cola,4,"€9,53",bwickq2@pen.io
940,Trueblue - Blueberry,12,"€6,49",coaksq3@histats.com
941,"Crab - Dungeness, Whole",11,"€6,00",jlorraineq4@foxnews.com
942,Red Currants,3,"€3,01",adeclairmontq5@independent.co.uk
943,"Juice - Tomato, 10 Oz",4,"€7,18",tholbarrowq6@cargocollective.com
944,Wine - Remy Pannier Rose,3,"€6,41",lmakeswellq7@irs.gov
945,Potatoes - Mini White 3 Oz,7,"€0,64",clamkeq8@patch.com
946,Milk - 1%,13,"€2,34",scowtherdq9@cam.ac.uk
947,"Chicken - Wings, Tip Off",19,"€3,80",dfairneyqa@google.it
948,Basil - Pesto Sauce,6,"€6,84",mgruszkaqb@feedburner.com
949,"Soup - Knorr, Chicken Gumbo",17,"€8,62",cdanilevichqc@qq.com
950,Muffin Mix - Blueberry,19,"€4,53",jchurchyardqd@wikimedia.org
951,"Wine - White, Schroder And Schyl",16,"€8,47",ihorrodqe@vistaprint.com
952,Yeast Dry - Fermipan,1,"€8,80",fsondlandqf@dailymail.co.uk
953,"Lamb - Pieces, Diced",12,"€9,00",esedgemanqg@time.com
954,Sour Puss - Tangerine,1,"€8,11",fpoulgreenqh@illinois.edu
955,"Pork - Chop, Frenched",12,"€6,95",mstreetonqi@dion.ne.jp
956,Bread - White Epi Baguette,9,"€3,18",gpeetqj@earthlink.net
957,Creme De Cacao White,12,"€4,22",cmcminnqk@163.com
958,Sugar - Splenda Sweetener,9,"€8,84",mroseburghql@163.com
959,"Wine - White, Ej Gallo",11,"€4,63",mdecopemanqm@rambler.ru
960,Poppy Seed,9,"€4,87",ktreherqn@reddit.com
961,Bar Special K,10,"€2,53",mdebeauchampqo@google.es
962,Soy Protein,11,"€8,35",agoacherqp@hp.com
963,Alize Red Passion,14,"€6,89",msantiqq@godaddy.com
964,"Carrots - Purple, Organic",4,"€5,38",amollettqr@angelfire.com
965,Wine - Cotes Du Rhone,18,"€8,29",rfitzroyqs@loc.gov
966,Garbage Bags - Black,2,"€8,89",ibrookzqt@blogger.com
967,Turnip - Mini,16,"€8,44",dchatinqu@soup.io
968,Momiji Oroshi Chili Sauce,8,"€9,39",ihalleyboneqv@sun.com
969,Wine - Segura Viudas Aria Brut,14,"€1,36",ifaullqw@senate.gov
970,Clams - Canned,8,"€0,57",atutsellqx@google.nl
971,Swordfish Loin Portions,12,"€2,03",ssharrocksqy@bravesites.com
972,Cookie Dough - Chocolate Chip,13,"€4,86",dalbertsqz@kickstarter.com
973,Creamers - 10%,8,"€9,41",lbensusanr0@huffingtonpost.com
974,Gherkin - Sour,10,"€5,49",pwaulkerr1@infoseek.co.jp
975,Vegetable - Base,17,"€4,30",dthalr2@google.com.au
976,Foil Cont Round,3,"€7,59",gparbrookr3@cbslocal.com
977,Sugar - Crumb,15,"€3,14",ftomaskunasr4@stumbleupon.com
978,Sprouts - China Rose,11,"€1,60",twhellansr5@nationalgeographic.com
979,Steamers White,13,"€1,14",mfilipowiczr6@rakuten.co.jp
980,"Red Snapper - Fillet, Skin On",1,"€6,75",gantonichr7@ifeng.com
981,Soap - Mr.clean Floor Soap,3,"€4,74",lvigner8@cornell.edu
982,Wine - Cotes Du Rhone Parallele,15,"€4,58",dhowoodr9@hao123.com
983,Appetizer - Chicken Satay,8,"€1,32",zbannellra@skype.com
984,"Beef - Rib Roast, Capless",4,"€1,14",kperingrb@ucoz.ru
985,"Turkey - Whole, Fresh",18,"€3,75",zdibernardorc@taobao.com
986,Bag - Regular Kraft 20 Lb,3,"€9,36",gninottird@soup.io
987,Tandoori Curry Paste,3,"€5,73",ipleavinre@harvard.edu
988,Cleaner - Comet,5,"€9,33",lsillettrf@symantec.com
989,Beef - Tender Tips,13,"€2,61",jhudspithrg@storify.com
990,"Cake Circle, Foil, Scallop",5,"€8,01",ktesterrh@qq.com
991,Potatoes - Peeled,2,"€5,23",ejointri@discovery.com
992,Shiratamako - Rice Flour,4,"€9,39",lgaskinrj@ycombinator.com
993,Juice - Happy Planet,16,"€7,10",febhardtrk@businesswire.com
994,"Chestnuts - Whole,canned",6,"€3,19",bleadesrl@youku.com
995,Table Cloth - 53x69 Colour,10,"€5,13",rpranglerm@zimbio.com
996,Pork - Bones,9,"€2,33",jtinmanrn@examiner.com
997,"Salt - Rock, Course",18,"€2,49",csmidmorro@wikipedia.org
998,Cotton Wet Mop 16 Oz,16,"€1,72",dcarillorp@51.la
999,Island Oasis - Strawberry,13,"€4,50",lhellinrq@cocolog-nifty.com
