1,dleftridge0@dell.com,$2y$10$MhXXUog3sVjKXtTvROXOW.fvIo3SJwXo.KrN3Rw7fk.d2/lgpTR9G
2,nrainard1@huffingtonpost.com,$2y$10$rJPcCZ9N9/EUJB20UAfGWe9rIv0rx.IK.Tkq6DGziy0pyKhR.GJVC
3,ccokayne2@myspace.com,$2y$10$YP/sblYWoppv1U/aebN8J.acHrm37qQtKHs4H7.YIjaszi9VUs6Cy
4,iwimbush3@gnu.org,$2y$10$lilIvbaKRs0ABVZ4RKs74uzjwhuHL50JRGVuVoT4kBvA1hnbji1am
5,vcowton4@nasa.gov,$2y$10$mqe3uibiOx0WaBFkAn6iXOYpT5VFGXYqBOxhGQtizTAizo4yaS4w.
6,wibbitt5@seesaa.net,$2y$10$hXBfF2KKVstnSr5wo.JzeuWCE2Mco85JUX00vqL7IMwnz5wEw5DKu
7,maubry6@parallels.com,$2y$10$77GkgXaAebW.I1INTNPwPONl5PrklSvLy1rKzPipWozCIr/IPnURm
8,jhockell7@apple.com,$2y$10$cZeQ8OQQaUA2Y08x2THg..x4CFuED3WyG3ZvpV7wPewN.O.LoIgO2
9,abart8@github.io,$2y$10$fBQWx43RI0HhKTC6.9g7uekudUkFQRjIrmxqoD3G/Jvvp94edbgre
10,rstott9@mapy.cz,$2y$10$R3oLIf4SIMCuZXNDocoXe.mFgUYJaFRYzcgnee91n6lP5/GBe9rR.
11,vdilrewa@de.vu,$2y$10$q7aux4.QxY5CF4NzuIYZ8OdbGLP.acQobT14WNepSUAgsEC.9OmKi
12,jhollowsb@google.pl,$2y$10$72OQZWWJ9LtPJKkS.szL5eM.Y2HkCTToIPXnCgSMGQAHImugO67Ru
13,dmizzic@miibeian.gov.cn,$2y$10$g3qjHjpXqpTs.diU.dZcIO0mLmb4HxvY1ENcMtXFuYHci62NS.bje
14,fizkovicid@dmoz.org,$2y$10$a4.cjGGtOuauMdp.8jArm.iWGHbMbeh.iz9RajJVZET3pw0Ki2sMi
15,gbeavere@pbs.org,$2y$10$Gd8oYa/oqlPeJWvx2JVz0u3y95u7vOSbdYX4KHg9J69Gro6pGGdPi
16,gsymonsf@trellian.com,$2y$10$UeT38q5.ydMv3/0hq0UGbeAKrgRPlKKcUfx6CSbzbZN5eLi.XAxg.
17,lfarrellg@spotify.com,$2y$10$thjGQLcdOOjyy.RgbhV4ZOjh015EG4o2Ohrx/uiS3/Hru5m9OOcfi
18,jfeechanh@exblog.jp,$2y$10$qws6UUjkBqD4.d2GQzRjL.OyJredfXhisTUuTaBAZSrcI2ZNfIqKm
19,mnewberyi@issuu.com,$2y$10$zhNcaaYvLpel8yFUeK2c4e9ZGi9VosQ.uXZHWakTUTlpT4ly7iT02
20,rmowburyj@bloglines.com,$2y$10$VJfhLcx8BJMfc7KFDDy2ruHewPY6EvJOhukMehI2rGkCB/cK99YuS
21,gstegersk@nytimes.com,$2y$10$o9ApGbcf14eVmus8GstEo.l4cST5nD0D06pIlwKVTpuLk3tMySF56
22,blambersenl@netlog.com,$2y$10$WtAVhzep8Vo9Sjg0EDXZ2uMc62KWFLH.T9jK4.EJsxK6wfHEsNUa.
23,jscallym@washington.edu,$2y$10$8MvHRJPcFA4kqO6ZIkRtoOJX3au64KGrMwQH3AhpEEtambLcuklLq
24,nparmintern@gnu.org,$2y$10$zgg9UzpgYMRYZQCIZeB/TuxOZkudRdNbV6TA6ti76JZES8NboTKhm
25,asennero@blog.com,$2y$10$hr/6lS/7KabVpA53lMUZyuhWDJRtyXmhVqM2eX0TmxM459fzFQ0I.
26,pskitchp@si.edu,$2y$10$MULp9SAm99v8ibMs.qvOaO2Ni7hcKjfxI.88tA4bUaKg9dpU7/EiC
27,blazenbyq@addtoany.com,$2y$10$M4p6WIKL8bovqkMYAXPa4.U5WOcru6UuOXzV84CgHmXQQXrY5wXEq
28,etofanor@msu.edu,$2y$10$Rs8CsHBZfhf2I5Plur/4ZO9fuzosaXZAOf8bLZdWzfZLrBzU.io6q
29,dgynnes@usatoday.com,$2y$10$D/AULUy7eFgBdeDzQtCWW.KrkJdriQ4kAmH39uxKYzas9Nv9WMULC
30,efigiovannit@dmoz.org,$2y$10$XXQj29uA.VNEgcq6Ci0I3esdbIg7SVt.MN7KhSZ8MKxPHKzj8Chjy
31,ahaneyu@timesonline.co.uk,$2y$10$10cT8f4zqaZWLGp1YKGzbuVXdl3xoLfWkROGnItJUTKvZYzPihPPe
32,omuddicliffev@tiny.cc,$2y$10$bf2RDxjoVFmU.e/J/XoLVOtNB2fmh3FgIewfhl6qKW1oahIUvHXp6
33,kogusw@zimbio.com,$2y$10$ETDpYFB8dVVAxYlc9ljY6ezc7IhaL9/YBIAFrNeckaoc2Ffx/gyHK
34,bburgumx@marriott.com,$2y$10$f9.eMDwpiuyO0Y3/XwJOPO7YanfKB/RcFPOWWw9lHhetKgsMZ.T0m
35,rrobertshawy@skype.com,$2y$10$pYt31k7hW9qk3WRjeZSOtedx.EVnHtGmbQsdHBMSadqAdIQHMv/5q
36,fpuxleyz@chronoengine.com,$2y$10$A7bnczlejDf67PW07/3iLuiiu6KPbupfkX.E5j0oXUdmvEH8HmZsK
37,lacosta10@example.com,$2y$10$OY6YHRH4c05uZ4ov5xYnteVHfevSITjaFWNL0xQ8w6WU5imHzT06S
38,gcassius11@archive.org,$2y$10$ABMhgwuxk7nN8slJW8zsvOZZgj5JNIL9VNbFyi4kdmcsMu0EOWF2.
39,rfilipczak12@tmall.com,$2y$10$oyTU2v99L5nvdI2Mjm3qhu38Il5dn48gcWCspGV2r3Y93KjO6cF1a
40,vyakubov13@time.com,$2y$10$/K3BJ3JtQIXgraVnsK5z3Oj/RqXkg0Ig8WRLy6kRrWKntULC02IUi
41,rkleingrub14@netvibes.com,$2y$10$SSGryEi2Xk51vFgN2lkjRuQySJfeF63Vw9AJFLWvB2iw1fppyZYne
42,kbrough15@apache.org,$2y$10$GhPg7AKQ7WOpBvfxd3Y1X.xwcQMPegUabECWzUlwAb/IMFFfZ6M5e
43,mvize16@yale.edu,$2y$10$QQoi8ac/cucAtGH2df5nvevy58cTRDQlhLSN4K5ECQJpAxCQ.hUWG
44,hwitty17@mlb.com,$2y$10$aR7p9T3emMzn0n.ZkJgKruOTsP5jfM9/ussAdEe1/E8aFwePHUdoe
45,rrigts18@mlb.com,$2y$10$IDqNbmsY3wcTsu8n2s3nvu.i6YvyP/a/ml02JP7B2l2N2kFo4sWFa
46,dhendin19@gnu.org,$2y$10$y4GpV1FXj3sl/98dm1/lGewQYh1919ZuUGlxfjnfC/QE8XDciJsSi
47,pcosgreave1a@nymag.com,$2y$10$gdIENCa52CWzOe2GdDela.Jxw94pboD5oa1NlPiDFAAF7JFnxS6rq
48,fcanas1b@plala.or.jp,$2y$10$cW6b8wKvLWCdv./UhhsrOeZ6y2rJoHgc84IO.an/O6NtXb/vswZR.
49,ugrevel1c@cornell.edu,$2y$10$YMqeXhC16szh5LJz3xe4G.o7M2gRFT9fnCXOfkSc4F68jJ64GNIqK
50,hharold1d@answers.com,$2y$10$GI7n.xIF8tM1LXGbA2Qmsu8S370Ffb2LyRmsktfuJ/nG7Xn2eB.kq
51,jwayne1e@typepad.com,$2y$10$2tf3SdklAZb4rZ0ZpNPZ3upgnDWp0qeG1KkNjNihYoVYyBIc6BHYG
52,skinchington1f@unesco.org,$2y$10$WocehAGPQO.ZX82wDPz39OoyeIrlGYGJRwV1RxZAyju.Sibtyl1Dm
53,gtownley1g@go.com,$2y$10$yAZhXoSST6chq3Q/ngJHLuaVyKX0Lku8nt9qQbdwSNNrGpMLM68FC
54,acranmer1h@netvibes.com,$2y$10$cIQU3Ps2bLvME7BvnelRguBO9ZFs5yaMQxcFTQig7TzuezfOGgNMa
55,bewdale1i@nhs.uk,$2y$10$40Hs3cPON.NG4.Zyi.iskOX/xzHxkEJgwZRjxwfVANkQA1tCVNx4W
56,jcrudge1j@free.fr,$2y$10$vXPA/GM5lXNxuukp/BIFKuiSrCi8rqoLjvXN0r3hpIR/KTBqVxuZW
57,ecammiemile1k@whitehouse.gov,$2y$10$bXFmuNzSmmgRCJcOV4YfrOY9aNNHTc0vpdrODJn9NM0LJDgijaRUK
58,mashman1l@phoca.cz,$2y$10$PcOlfuspMUUmjiIte/4EBO9VHNR7Zw3EeP4n5sumca9M8BZ1tf.Ri
59,vervine1m@reverbnation.com,$2y$10$4EIyKVKEI7rGiJIrotCgfeMS/Wv.zKYCOJ4xBlzxE5q46kJFHMiAe
60,spotts1n@salon.com,$2y$10$HTO4VJD4gyzCF/zZkaLHaOmMw.aQVQR5bc/8bbgq.baRukYzKyILK
61,madami1o@reverbnation.com,$2y$10$Ymqa79l/xyzkx50keLrRs.7RW.komdIhNmq8Cd/SfmA9lKfIYZu7q
62,bdallewater1p@mashable.com,$2y$10$a93NuJSmPPKuT5LtEEvcC.H7n5ZfTDUXYNAUFVw8UpL3qjwTl724y
63,rschuricht1q@omniture.com,$2y$10$YQhCXt4YaWAVgUUD47LOcePjYXR8rCX9vf1dDiq1J.NGMbhg4isq2
64,sgregoraci1r@europa.eu,$2y$10$kYL1GeGbiDpo8Dl0EoCVteRKzHU7RMK2dmp2X4LUpmxybz2p0erQS
65,cbiddlestone1s@topsy.com,$2y$10$aw/inASFyF/bCdwEJG5iaeTg2UNT24ejaETBdOuZsEFxcX4Nn88Re
66,blinforth1t@ed.gov,$2y$10$AGpZKEEv48eGTW/yvDmi2Of6WLuzpWWeazyAT0DRzBtlkAYVsrWOC
67,sferagh1u@utexas.edu,$2y$10$LjqMQ5bd6bz/33LF887FN.cNpodZK7qcNnkq3dqQEa.KZ1tvzFxUW
68,jurlin1v@mayoclinic.com,$2y$10$2QQ5FG3mQuJC9nWNq92bqOamVC1SOF7l0JLy1k2n9ryZdwhFKNtfa
69,hboyton1w@usa.gov,$2y$10$Ff7kzdA06iLcoSduO8Y.1e0i9cm8gafwmT9drrXrvIeRoh2z83tEG
70,kmaddicks1x@salon.com,$2y$10$7LQXjsIvGRVRyaZ3MWph2eP7wGrK.gHoShiJO6/pwO9K1siA4/Dfq
71,mdurden1y@ocn.ne.jp,$2y$10$EJ8KXhntkHEfPkXMzg0wQ.BHdBlF1BM8aUjsBUkL6vmC7eI9Q2Ise
72,pturland1z@ezinearticles.com,$2y$10$.sflbn3nxklaayVz72.EK.fCzaFjOtN9BsBS8.Cyo35xalZpzv7Q.
73,scroser20@cloudflare.com,$2y$10$DMqzOFZlw2dlQOxhXzjE8uC7E6Ru6VXAG0QOOlmuwdhEa7L4Tb01a
74,kcutill21@ed.gov,$2y$10$OWHDG2tvIhQ9tpZDLGerpe.CuFZsSxpz1yNJmj62uzpC/eu5dNK3.
75,wmawer22@amazon.com,$2y$10$xN83HvzatlNS4z5LGgWQR.8N8pIsF6JIm/Bhg4X31XaVcuShvUzS2
76,bdelacour23@about.me,$2y$10$yGh.rTyFi/KiguEKAJGx5OodTU36bwX0M4OCTtVwq8cHv2n3iRt2C
77,nspur24@1und1.de,$2y$10$o3UHp/XNhpRoiUQ.CngiBeIeu7x.knwpnYUpobGVtX/Ps78ekEEoO
78,tbradden25@freewebs.com,$2y$10$1ErlXY84srJcDDUsOIO55OZRm8wfuJc4qmqT.KVjfra3XU5wsnhA.
79,mluckes26@chicagotribune.com,$2y$10$Tqm8FenjHiZgsd/2IzZsX.jIVpEz8oJYDuKFY5soG3FwFVoUMepda
80,aashlee27@answers.com,$2y$10$Sy0m.TL70wKbhuz9I6vNXu5Nzqjdyu/fimy3GhKR3zIN0yQr1f7Zu
81,ltomasik28@nifty.com,$2y$10$6YSplnPPrAbaugZhdp6la.JaJryq0/yL2JbNm7iZpziXdnj/zFiAC
82,gculpan29@ed.gov,$2y$10$JG.0Jx0KvdFLIvT/7uENROsz59YpqsoZkNfwpOHsUjvO1XF3sOL7q
83,dwilkinson2a@webs.com,$2y$10$v5vgHJqPNNP1HzJ6zDdx3OQcP9iQVTz7D/l0IzLeRJhExEGRRftXS
84,kcockshoot2b@typepad.com,$2y$10$ZVWgdZfXsRwTXciUabBm8.D/qD7ZLECno4Z3gJY5WlQOk78cV.28C
85,bpenrith2c@cargocollective.com,$2y$10$toUP.3EU7xo.bx.Q1G52p.uqKiQuIfXUFobeHSUVGLfoQjBSeRZ/i
86,gbreinlein2d@ameblo.jp,$2y$10$RbCgrGYDK/.L0Zl7s.Q8/uHsPQTm8b0tztJMrpyguJEg73TpGqDWG
87,bkinker2e@nba.com,$2y$10$fldQlLCary19zWxrWP/s7O4bFPLc0V63Ty54i8M01xoBLrxz0nBsO
88,pbussy2f@freewebs.com,$2y$10$X0pTjAabIOYViIS55iJnV.q4AcKc0c22R8zh9uUstutwZOqj2U7Bq
89,edrewet2g@prlog.org,$2y$10$B0yoxy9qIt4nJnZqrbTxXuTSFz1gmUHy/9khlShv2OY46F/ztGjIu
90,dpurser2h@storify.com,$2y$10$kB.jGYZWJjbFb2jBldP0yOOxRCa94Dpw2sX7O1vpK3GZiZsPf5M1y
91,treany2i@fastcompany.com,$2y$10$wqn68OJYy2PaCAzSP5Nr9eHxIr5tmPu3KwiiSHZj5Y1eWnZVTD2h2
92,nmatejka2j@rediff.com,$2y$10$R1yF2jkxAKU46nvJ/a3EwOflf.tSFAIDHag9B8TElyE/NmVlFvC7m
93,hcarrack2k@dion.ne.jp,$2y$10$bp59G6e2McgcIOMTTWwIJewVgnpnz2Zu0X.0eMm7eYkOjQcS21/0e
94,bsawday2l@accuweather.com,$2y$10$RYrNm7naWvP130g1x1pjdOCQTUj9M0WT6VlpQN2uUKzWDMgpgS7f.
95,rughelli2m@blogtalkradio.com,$2y$10$SBe1c0DJJF0sQ5CHc3hPFuE1C.l2EBcLKb5f3kQT8VBrElQcZqLaO
96,mallan2n@myspace.com,$2y$10$P7jMMKt7opM8jEpk..FV0uwSQIR.5B.rbTDIv/OJfji59C1iadllO
97,cbewsey2o@seesaa.net,$2y$10$LeNKE4/Bv.N2OM6qyboqqOTyD5h.4rIlbr3nQAU./BLW8B8wBxooy
98,sschuck2p@123-reg.co.uk,$2y$10$DaCs0HsAgAMIoAGoTxBNteEEw13hS02cSk1yAeDEEQqvFABpWPsaG
99,ochristauffour2q@unc.edu,$2y$10$fkTuKa0sj1nUjdRkRrPcj.8LoJYBPHUeqVLJeBIQS.BzlUBXlW4CK
100,lmaccosty2r@examiner.com,$2y$10$M2ztxeXrwFA1Z193MzFKOO9VIT.y3M7zPI7eIZUybx6WBuEMqeyAq
101,gesley2s@twitter.com,$2y$10$OOepgqZhKCFnzDAzTZ24j./SwZ/hxFdzyc0.cE.KKKKuT4RduhCFa
102,omajury2t@qq.com,$2y$10$rQ5VxK3Y9l2VHnjK9fBDieaMM6FRK0OKxZSTt0ZQtyqQL/kYLPB9C
103,wpala2u@ow.ly,$2y$10$J/zLGd/mfjcuBUzkKTp4uer1opWx1puFPuqexSQBb0YlUf2eFNeCG
104,ceborn2v@typepad.com,$2y$10$dwYMKFW6XZcjQXS68qfaAexmMHPv8kTDC5f7opugpvRTRmgKKpbja
105,sosgarby2w@a8.net,$2y$10$jS.38xPNaXDcAysQNlxOHeczv5XPoYGCOMLwauv.cFKbccOfdVJFy
106,owilmore2x@issuu.com,$2y$10$qh3asipVTvSqbdnnn74JTuL78m7jLjVL5mQIfMuMB7lc24bwW1/VO
107,bmannakee2y@boston.com,$2y$10$Q0r71rFw/3BDmnExYSSSmeyIi4lXj3BCjSuPIwLhyQIxyxWq4rE4q
108,jtrounce2z@phpbb.com,$2y$10$q7zyJTE5ESICat6vFwneN.OqvmXN4VnH97CqGhrV7WM8yZb2ZxIim
109,pbramford30@eventbrite.com,$2y$10$M9LQcFSjBv0cVSSjWCh1UeT0NQu5Eo0qhDNxYqG5E8MtD/gOf7meC
110,adarragh31@storify.com,$2y$10$I71bfJqKEdwvRSJGpnfQeeHaazXxbLhmHd2eN/QdG4BgvJJ7h0qrK
111,ksybe32@msn.com,$2y$10$mbEG3gu8OcAB2JA2yK3VROogBjMzopSAJZVLFWFe1Q3bt6fIBZnGi
112,gthing33@woothemes.com,$2y$10$kZuHc68Ufyt9f5siuCMPMun2wm0Zj9XCWarIlQ2kizpF0wVuSw5I.
113,lhabbes34@home.pl,$2y$10$3491X6zI1q3h7t3vSfGUnuA7tZy1YDlIJoim80oJAL3qi/rx071uS
114,sgrigorio35@google.cn,$2y$10$vUHxqyGHT.k/wVh8Hkdhtu.nG8J7TPH51Y7ysy7D.9oRphy5R2p8i
115,othrustle36@scientificamerican.com,$2y$10$78cfKoC4bk4.oREP8A7FROInQghpzGhFdMYkpJwdmMqz4jg9lRZmm
116,wstebles37@vimeo.com,$2y$10$vQhAjwc7UCGK.pJT1auXieflQ0RcaoGUNJ9oVpFHvEzNfrYHNAiO2
117,dwollaston38@simplemachines.org,$2y$10$LrUrY8wHMCWIu1EbQebp8.la20Eg6Bpr.MFB2Vv0Zci6BnQi3XDyu
118,gprose39@woothemes.com,$2y$10$/zX6rlCwRa1YZvwmst2qvOALU6K0n93eKRxVlEutV3nJ74rgrb6Zq
119,tshubotham3a@amazon.de,$2y$10$W9LHiZ6yBXpAIn6RDnHCM.Uql9KV951nYls5f5eLqSTJPok6bNxxe
120,cburdytt3b@engadget.com,$2y$10$Xzxejgk3znOpdBd1skrrXukihOcthCQqVPZO3Ui.9fg.TecPX3R0e
121,obailie3c@smugmug.com,$2y$10$cLAqHHt.w7TXO35EszbAB.rTlcLlwmlHGrQvmWhXL0tTdm/WlY/pC
122,sbarsby3d@mapquest.com,$2y$10$lXYkGAkIrEWvWbZGYkqC7O/AufKfOHi6kPIoawjZJnY1/Glj2/A7q
123,cnetley3e@columbia.edu,$2y$10$72RSnufDmvNJ9tyN5.pP/.lsdLvhhAfeNp56DctbVRpu6UuBjVyaG
124,fhousego3f@deviantart.com,$2y$10$VNMiREU33I.e84yPAnXQRuoOECyibnbrNlMXsnoO47t0d6tJ86tjC
125,bjannaway3g@photobucket.com,$2y$10$AI3AcwEb14Z4Vom0UbGxJ.Qc0BAac/sUPrscoTske1iJasB.yyFQm
126,mpiniur3h@surveymonkey.com,$2y$10$Deo2BqhUIkFTkNT3hxz0L.x8/Tq9oSvlSBpGN8iHBBhmVehTM587q
127,tparadise3i@elpais.com,$2y$10$pUkFOctLz7S3xZLDRgTUOuvr/q./83e3oQkSoa37Zykg.m8DmWIOu
128,khughf3j@ning.com,$2y$10$lVw9j17Iyj/MC7yS7Dt5k.2scfbkXvNz6WnBjS2YBYqndR99zEwAe
129,ckenshole3k@about.me,$2y$10$pkuCtyhb0VQflmtdw71/Re3EfGjPnkXCdqGPmkZCX86dRV63j1GFK
130,etriggs3l@drupal.org,$2y$10$s6tv/n3lyQPjm3h67JoHJua3AVNKAMCXHzm75KE9ygWT9pWCPkGVS
131,oabrahim3m@webeden.co.uk,$2y$10$mZVvGhpIOVpcM4a0WoZvAu8Len0jlciQimnBq0C5DR505tyWH8Lmy
132,htassel3n@timesonline.co.uk,$2y$10$Sr1xMbUYZ/RJ2Ri4s8r.I.QxT.7pTM1OXUgEXMk.1If4jZvz6Hcya
133,acunnah3o@google.co.uk,$2y$10$Kcz/4BdBkp2rS6Y0X3pi3eUZReccQO6dRgxR1Ul35zWc7X8WBJSUi
134,acardow3p@hexun.com,$2y$10$kXpXJ7yollSrCCNMbED5neSjX/iE.OM8SejrrAdPNJL8/q5HF74b2
135,jwillarton3q@wiley.com,$2y$10$H7HRVmhZiz3xZtN3NCYr2u3MbxhejAR5MkWapFYxxo./A7QqQTOj6
136,rgeorgi3r@apple.com,$2y$10$epK48NVK8PfmEvEgtBHp6OI0G4snPev830TJbSRKkkypYrW3Fh2QK
137,crewan3s@bizjournals.com,$2y$10$KqcXudW8SwAt4.nZ5jTvdufWP3sV9T7cLX1L3BVwF2KbHeZSSLDkW
138,mdrayn3t@ocn.ne.jp,$2y$10$ruqhpe/r6aPhI4.Vp9t9/.vBfloauBYANjgJ4cKPOb6lZ9G86CmX2
139,gjozsa3u@admin.ch,$2y$10$yb7HZl92xN33ZDgibogCFOhY7.wLJDuv1QBWgw3e1zv07KJO2LmSG
140,cpepys3v@yahoo.co.jp,$2y$10$05nbKQ1vtwEvD7VfspwWeefTMZs4I1t1A2rnUBvO3SwBQyUKSaamK
141,nbasant3w@yale.edu,$2y$10$nasBC6TCgmktnVn71RwmW.vVuujXV8eseGhMn4/H1nRC9r.uNjGOe
142,okubera3x@java.com,$2y$10$9vi3CrZ4VuwlnCXYC/GG3e8IGpBcV9YcqMZb1tWguD2QwRHlrNwie
143,kfreeburn3y@dedecms.com,$2y$10$dxpZu8IF8JqlhF6XDqcOtOhQkkrha2kmmQTpRyMiL.g1pwgfkRqxu
144,sbazoche3z@surveymonkey.com,$2y$10$vnJ/elRCz22yJWe9JyXF1O.N86HIegb2chMahuCT45u/3eWI7nPUG
145,rbratton40@salon.com,$2y$10$kMJp21Zw41Fr/fJ/0y/IDOuNrzNsbv9XaDGbguCE7L6Sjv0f43/Tq
146,ccorkhill41@quantcast.com,$2y$10$ZwmX2K2y8gEqQp2OCIxbzO.Uv4lK59178ogI4N2x7TNNv/P.Q6U2e
147,fgeindre42@acquirethisname.com,$2y$10$jjmdpPlhduWvcqBg6Oyy8upD17z38OC/vhNMVGK8oAVtPBAX7bsee
148,abaseggio43@mit.edu,$2y$10$bVcUZtVjMG.fXxrWV5F90.FJbRGrm8wyRCHmGiOWhr6PGGL2gOr.6
149,cwilshere44@geocities.jp,$2y$10$dsKdBCaG9ouuvOSaTAXKEOpx.k7rXZg6EHSbQfo3H4Hz/Z86C5gCe
150,lmithun45@photobucket.com,$2y$10$zs3iILQnYfBgmUs5jjgTv.KmvkXGjGPeWr/rwjKFjss3adBMVGYHi
151,jtidd46@goo.gl,$2y$10$iR3IiQ5D6bw.DKh7Pvq1teMW8.7c0XGYXHjnTqXz.zkLSF4i7AuBO
152,abalcock47@irs.gov,$2y$10$5Drk6kfo2yx5dFHB7OjJV.v9Of4SrCNAcQdkNXZ6D2FqkRmaLx1DK
153,cdanilin48@telegraph.co.uk,$2y$10$JETMXCTfO.mRFXnkXnRa1eLkLhgvbRiNeFHbbtwwU1oS27kqfcO5C
154,dsmurthwaite49@hugedomains.com,$2y$10$dg9n1jBlzP0LSyZDa7QgNOu6YagPFdzc7GUxWSIXAIE3fvd/w2CQq
155,cnorwich4a@about.com,$2y$10$j6RCbHUSA7D7t74shJzVCu0Fxt4IGG4BAKT9GNGJv6W0b1yGn3dke
156,hjamary4b@stanford.edu,$2y$10$xS5gyZivT3WYMJ72Vsu02.QRAD9ku0IpxTfQMVikJU1y/nYMK1evi
157,gclewley4c@mail.ru,$2y$10$0Y8VK0.ebHbrSTmqsJuVdekruSIpM9gI27vnRWVjqGo7yeb4K8Tja
158,tmarjoribanks4d@xing.com,$2y$10$vwxJdS/B6rzNC4ZPKjUaYO64gAs.CVVS7/2iJ5KVu4yP6t7My8TVK
159,cdockerty4e@slate.com,$2y$10$Uee3Q81MlRcJMBYHLnNUluKQO8cpPDvza9eTDypl22GgYUqdBbC4m
160,oheys4f@japanpost.jp,$2y$10$r9mf4XYhd6SWDheOO7VyB.gKr0vpY8BITmhGHgbRlVq4m.vNVIhOq
161,wphilippeaux4g@sun.com,$2y$10$drl2vxcwxw.fFz6/Mvhs5O.TSBBD5xsJWU.1Ac.Rx3RGIBhHnExTa
162,jcorain4h@istockphoto.com,$2y$10$sIAoxNGVfNBF7WetvEB8m.BO8.NNFvCkbqt7lx5.k/rR5OosbVa1e
163,gcockton4i@geocities.com,$2y$10$BRW.ELI5BXbPwF1fmLN2IuYmb4LThG3QxdB/iXrqWv0r2K4rymklO
164,sfine4j@jigsy.com,$2y$10$MhSap.cYW1z81Mp/j5xNSut6ztVG.JEq3PdADy8XoOgosblVwWgsi
165,rscardifeild4k@baidu.com,$2y$10$KXvxHNiZBCcvfzFU/oNqJO7gQxYf4ggBm9m706cwPzwNYJAr1wpSm
166,epiddington4l@hao123.com,$2y$10$8DUpvsvB38vbJbU.6B1GJOJjGmfHTTMCDjziKNR6xVz/fkMXbiROC
167,chuckell4m@aboutads.info,$2y$10$3SvRxl1N7DQZ1a1TfPGNteMeWmcAVm68CPYRAy.w5xvxy/4cYqkKa
168,ohenkens4n@hugedomains.com,$2y$10$a.e.2WwQPJb4IHmA6aCKl.b3Q/RFTo.t.58znSMr3dnuGfIIHHQzm
169,vousbie4o@goodreads.com,$2y$10$eBi9R5ynIwmxEKve4RwooOE24GYvNI9I6C5eF.kD0MKE6OT/bPWdy
170,wkaesmans4p@opera.com,$2y$10$/N4/uHnUUbG4DUgxTW48cuZyTp1jXdHtCpgI6xuN82HRhVTAT633S
171,cbottoner4q@goo.gl,$2y$10$7Hf7vHyIzt3eUriVopRiJ.lHAnNK7OL62q64yZJ9NhopWBzvb7MFK
172,sdellenbroker4r@yelp.com,$2y$10$G61L6qTm9WiFRasNsf35d.Ps8Yh5RJoWcjwfCJPvnzTo.I70g./Te
173,acorstorphine4s@jiathis.com,$2y$10$STqHfddigsepJ4vdxp6kfOA0Vjv7pl7yoo0aVmW093DyDxLmszWnq
174,igatherell4t@yale.edu,$2y$10$.OvxzgGYYi8AHKfQgXmmAeDd5XWAw/NhIf69dvCnmYfA/g78imqD2
175,opuckinghorne4u@nytimes.com,$2y$10$0D2fJRgtivdTlkRybm70vupeja6e2sMI6mj4xhjd4kp.lj8ofPm6e
176,olillicrap4v@gizmodo.com,$2y$10$F9gN0TRW2xyz2u2gy8yNNexEtcnqD8meZCh910kzVU4xCHaweJQQS
177,dscreen4w@tinypic.com,$2y$10$VyGxRLIWCQ7oUDSJ0C84u.Jq9yKjWaEJV159ENaQw4KGTPrer.q6K
178,kesp4x@dropbox.com,$2y$10$lNuPBNNnjuwv2w1VecL2l.wXl0rweNZqJZDBwPRpVtpdtQLIqfg6a
179,lpharrow4y@biglobe.ne.jp,$2y$10$vFL7I5bweRsfPwtEJzla/.Qsd4NUqkkBScmMQotDzCaU.mNxjHRc6
180,eivanets4z@sciencedaily.com,$2y$10$mOCnl54MuELz0g9yZm8M/uAhPGZ2wWL4aHL3YhsgZ2lXqeKyxqS.e
181,wleaf50@issuu.com,$2y$10$sdyIvdvRHqfF6eymeUBAVOUPot8Cw2DfBtJkSc3XF0HvmCAsc48Iu
182,tsabben51@google.co.jp,$2y$10$vo7n/tc/xeB147YJEV/Y5u5kXqr/z07b1lz3yNwZjtDX8QGza9sYa
183,djanouch52@twitpic.com,$2y$10$VqeYLzJ/WPCizcWOUHOH5uaSnCouRr6l5WuPmkZ/rwnSSufbICtPW
184,akeiley53@dedecms.com,$2y$10$qO1kmfxf1FXBPu.fCQF1z.Sx5duH0qP3fTrYVgToFkGYvfFNsqc66
185,bbumfrey54@about.com,$2y$10$bZvBcU06JRWgdCLrJx2dN.5Ta6RStRtN62gL.3uzWBt49YFZTtLHa
186,shackelton55@pen.io,$2y$10$JV0M.wqeLQiFF56IR/S3UuV0fvxCRFQv09RQMZ57E4MEv5/zd1I6O
187,igossage56@mtv.com,$2y$10$678zA6cZ1XYKk4D.23Wy1.cLMub0pAkCdRxodMuDO4LzPv5sd9nSK
188,ldominicacci57@hao123.com,$2y$10$EYoFwOoNzAqAMY2RlLMBtubRTDCkRMMf77FiuyW37D0MxNQDSTCf2
189,avaud58@dell.com,$2y$10$peHtKCr2QBvXsdxHj4DHNOP0eoTGlCILTEp/YOz27F/eACyuaM7uu
190,rrenney59@oaic.gov.au,$2y$10$lGD649nQdHHkKf31RIDgQeQLScAOoUPG0MAs5vN1eR6wz4FmKd84S
191,oroselli5a@sfgate.com,$2y$10$0M.oHk6hWylP6QbcdcAlOeEJAVjYAHo0GU/1GpFJZA1INWB3GoiwK
192,omenichino5b@dropbox.com,$2y$10$YNscLKaWRTPRFtkrMRdre.5xjexuzT0avWs.8nwEtuayXdvs1/Zh2
193,tbarbara5c@google.co.uk,$2y$10$rTW2Ccuz773nxnesloe34.YYbLxp.mZsLX/7U.o1MtY1cE9RYi0gO
194,blonglands5d@slashdot.org,$2y$10$xRRUGdSVMeV8r1vPfCIw..3LQDlqQ4LdUkcPYkf5HZzbaFglDHYWK
195,kmcnulty5e@paginegialle.it,$2y$10$.YaU0/0.qjpXzuBcSd.leOuvn6YJlA0lff7srrJWZ.USLybBV12Zi
196,wstead5f@jimdo.com,$2y$10$WQEfqBFm8GD9gpJqwMi4leTpcTz8Km1.V6/fPkmU7MniAqtRU9yZe
197,plamport5g@ocn.ne.jp,$2y$10$IYDjx2g9I1a6gKIUBeAb...uM55yac8q29b1BcSyN0kmr2247oBqO
198,mcharlson5h@ucsd.edu,$2y$10$0gUMuF1Ix36bgxWnI/7dzuonDEh6lIDlgvTtLw5ng6lICRwymQUGy
199,ldavidoff5i@hatena.ne.jp,$2y$10$OXoyLEvSpYyMw5eFE7clk.TIEOD2Pk5xrQKYACiaAPhiLOFEFg3XW
200,gmacmillan5j@github.io,$2y$10$iuuP0MzbRo55X6b6WB1imOsQHo1iS.ldAyi7nu4MoWRpuGhbSrpMe
201,nzorzutti5k@yellowpages.com,$2y$10$C8PJ1N0npBszd0dtO/5DRu8qKsj4QwuxKdoYjhyFm2gFMcNEG/Ci.
202,thendrickson5l@reuters.com,$2y$10$Uy/8L8yJIJ3Fws6HyZGWvu1Jk/MLZnMIOFDIMeCipJN5WvYUsn4BW
203,fledster5m@linkedin.com,$2y$10$IbYpSgLdFl23jOJSVw6yl.gvHw0bKrU4FgVLZvUKwsxGr2KrdFtSu
204,dcalleja5n@bloomberg.com,$2y$10$mePxUrqmwWvYR7Rl0Il15.jazQibpCyL2A8/Gwz2NV/dJoPF5X2a.
205,ffandrey5o@indiegogo.com,$2y$10$88JiABqh/27n19hItFcdkOaLvLbIwaZOvh3gE3Qc5jx/bJ508.U/q
206,vclacey5p@howstuffworks.com,$2y$10$t0xviLbfViUQSG2k2M0BK.VA8EcQVy8RxfohsSPc5kYZ9Ojzg5.VK
207,smosson5q@unc.edu,$2y$10$H2AMpWHYL4KVgh4thfqt4u36w3zVM0/ObCTVtn.nnGFeaKuM.kA1q
208,esteed5r@hugedomains.com,$2y$10$vxL6HSWOE8JuyTYMi1s5BeywmThUpma7uu6hv0qtA5sdpxWcg.q42
209,ahlavac5s@auda.org.au,$2y$10$HeW/OMLqqtsFK1rm07VA9e60GyntwTIdawPBY0CNz5HrO3AoCdY.W
210,mschultze5t@tinypic.com,$2y$10$27naWb0w7X7xNPGSUCxnyet3MF4T8TgLttJVv21sCfWl341D.5VYK
211,bheymann5u@alexa.com,$2y$10$aErllg6WUtqDcIUWRWnQ2.5aw/xKAe5OrYH8Unqt4AWGWBYLxlA2W
212,tbeevor5v@ucla.edu,$2y$10$taHmOFnjAGSBfejAqTZ1Ouc3wNie2LE9YKBOPeFoUSOZyunDK/p46
213,jmacaskill5w@gizmodo.com,$2y$10$6Fro.TLOcC4BEG1FJOMNzurtECcs.zv7k8fB1NQ5G3Qd5uRWVqquG
214,tgrimsdell5x@unc.edu,$2y$10$4pPcGgtRBavCF8HBOn48uecnQW8fOOeagf/L.xSX6di2jcb8dGYJW
215,mfairpo5y@kickstarter.com,$2y$10$sPldHFYb57GWw3pfFjm2/.U88utIt432wMIezaGtQMlv8ME4IctqW
216,flawey5z@is.gd,$2y$10$o48/KUmsJbywdVhU9CjPbueooCji6sHoeD3.mM93B1AMTP.ynw4Tu
217,gcossor60@mail.ru,$2y$10$u6MQGZBmhD8iHgZntwirD.bZWCXpPWU5yiK8qBv32Qd0vbmDvNv9i
218,tnayshe61@chicagotribune.com,$2y$10$mTrbcmg9QjUn8bhsJgRc2OSLnvLG30JDQfkPzkCsoTL2tF06.Zc9S
219,cevangelinos62@ft.com,$2y$10$QrJv1sXQt4PRQsg7ObBufuvIJLxeH0ePprF6pGjnjDbIxPAkt0SR2
220,mcunliffe63@google.co.uk,$2y$10$D4UfSs2LAveAYZwL6cVF7eevZcak1cAFVmfKO/XNpcgBrZYhdHsem
221,lmayes64@addtoany.com,$2y$10$exG4zGtT5tmetS7WKwXuVukD4aaLd4jFMAvEUlZ5F4/0nO2NAitaG
222,cwibberley65@columbia.edu,$2y$10$ZIzios9rweWmJ692tgxBNeb5C2jszVBipjXnHmtnMv.I2vsq0GtgC
223,jroistone66@parallels.com,$2y$10$sqX2RiTbwoy72VC06sv6/e5S0bAryuzwHJS5uB1/CSaMguz5G02d6
224,wkosiada67@webnode.com,$2y$10$5Ko/jDW5xRLgaObySFYtPOxNfrFMCOTjRlrQZKaR54zcodvcWTv6q
225,cfant68@themeforest.net,$2y$10$jjvLkqBwH7QiWTBZOKjixe.vwqJlr34vnuwc/O4QAofgD4mv88nC6
226,mcherry69@yahoo.com,$2y$10$qvu.DVuMB6HKfl93AEigbuW26FiQllPMRN7Sz/hdovcblIDcf43wG
227,cdevaney6a@vistaprint.com,$2y$10$ZmaJ58sAQm4G87zb6I0UcuwqCqrZN5KciXOsIfZwCrn18uPs.7mB.
228,rrubinsohn6b@tiny.cc,$2y$10$8e3.mo9De6Pb5CkAi7HLqOudN0LscS2BQbFpC1x45rUuOLN1L/iIC
229,djosebury6c@independent.co.uk,$2y$10$g35LtpBKQ94isqcPNTx7Pu11rmm40ptHCsYeqquAOBdYh7fgNZ1QK
230,ibridle6d@china.com.cn,$2y$10$LE49sfSgbLX47SSpOfFR/uyTjVaopUOndyd1PObi3uXZOfEHOOJYi
231,ahaylett6e@mapquest.com,$2y$10$3vfo.emFr/aE9OH84LZQn.j8VivvJZXpYmxX7DyvbtyLo5Sl8Md76
232,bblasiak6f@tinypic.com,$2y$10$wDgB5olCtlvK122f5ombrOCbDnMvQiXi/oZAf8CBkWmnLGqb/235y
233,dgaven6g@mlb.com,$2y$10$sNt5vSR63BOr6KKiIK207eppoKEPITwL0TINL/7gj4BZbC9aOgHdC
234,kneild6h@posterous.com,$2y$10$qw6hTU.c03BsEMP9ZNyqceYD0K/awRPaXEa0gJAbQYUPA0VDpf5J6
235,mseverns6i@unblog.fr,$2y$10$pFcea9UjZ2oeu6ZxiVje9ubok1hDP2hQTYAKzw7UC5og.sV5nG0p2
236,eodd6j@vk.com,$2y$10$LhIJ.nGh2UOa2w/C8rP5lep6NL0g8CmyZ2MPsx8Lhm0fGsHc2rfoq
237,bgagin6k@indiegogo.com,$2y$10$ZVMju8G0E8uxs7ojLvK.AuqkONH794WoqM.rVkpYseUPyFQE4jkU.
238,blaven6l@jimdo.com,$2y$10$jMmtKWoAiBvd0t/O8fCWleKn7GIXmjX5dUhKOc1uLfYTgxJzv5ORG
239,jdoust6m@google.ca,$2y$10$3SfwV1lcMk/PJznjD/4GAu4/POMA.ds9vcJysTxLCNETP5MPvRcpa
240,vrandle6n@wix.com,$2y$10$osAWaqPD8uut0YkKMdqaRur7dDAqHXUDxP1jSk1ldnRyUlcED0huq
241,idavio6o@cbslocal.com,$2y$10$azC.Cqs8guqnRv3ZoWls7ush0DDQ5931ppMVhPaXIoNN2oGfrMW0m
242,vcollet6p@google.fr,$2y$10$/dX8Fj7WtymAwdpf9/4NQu5pADEbEcWEB25s4PI0FagZWn7YSsrjO
243,szammitt6q@uol.com.br,$2y$10$xDVEo.YgnfkPikKm3G71qOJW.RJ9EEXWa8vN2fFTcQtWtmr.Ui/qO
244,tketteridge6r@infoseek.co.jp,$2y$10$iTzkc3s/18PfboSBSjvA2Onx3GIkbcdaipSZ6zWc3XIy3AjEWJWD2
245,hchoat6s@ted.com,$2y$10$qdMreRPxBC/EU72ixdB8sO7hqSFPFI5DuqZ6d8QObV6KqFmjlS6Te
246,ksmorfit6t@simplemachines.org,$2y$10$MwTTBhF2C6wbjp9sjKxyTOdiuSYjRHdlVxoPadyrmMtyfkh9t46yi
247,glearmond6u@angelfire.com,$2y$10$OldHgS2BlpoF8calwVosIe4Rv/IgO3Y/Kx/5fYHIHTrVI3FyetmvW
248,agieves6v@yandex.ru,$2y$10$q7.Z7l2p93j02UnEAyEV7.GmmjCGUXsipMLQQun6qHFswBGp0rFUq
249,sspavon6w@cnet.com,$2y$10$CaYlCcrUtIg6UDl6pLE5g.mubIuSYHsNWFTedKIhm0NuVVDjKdsM.
250,fmagne6x@w3.org,$2y$10$sc5lw88/.WoP0S/Y4E9gPOWSoXjkC64vMnUuEmRlWl9tuZa..Yyg6
251,hcarletto6y@google.com,$2y$10$kzefd8QG.6vUEay0Mb.wf.isPy5gCQq672hQejWLUB0B8412qRjHi
252,wrestill6z@woothemes.com,$2y$10$iakHOd23VxdxHdtes/FvseLLaQRmnsKSpSoYuiOkD78mj1YSQsVgm
253,mfarnes70@arstechnica.com,$2y$10$P6QG2dBbPuAIoev6EvXwNObINpo6j.DGybLdOvqCm7O1Y8GjVhZJK
254,hdurling71@hatena.ne.jp,$2y$10$Hp7fNm4tm2MaFgkQlHfl6.5eZIJYuIUFdbg2wXOI7OrR00ULV8Doq
255,sbartolomeoni72@yellowbook.com,$2y$10$ZQlI70iALKOib2iGRk7vPOb./JInB.582tDaAdwpyCLh1SfFbpslO
256,redleston73@theglobeandmail.com,$2y$10$DPmJzDvl6wHhkowP3CRng.cj75E43ufPulfs56s.3ZddeMRwzliq6
257,bburndred74@cnbc.com,$2y$10$HxKgx03hu4PygELwIkxtpOujJfdX/1gIYeWkm9DrOlstOl6wAACGS
258,lvigors75@cisco.com,$2y$10$IqHZ9DuyX0qR9E2YkMapIO0Xiz/.3v3boW4aChtKlACu6hMXnnKXa
259,afeavearyear76@mayoclinic.com,$2y$10$Fa71lvFIMNuikk9WMTk89uSf73KZLHdpqbZj.kF.KgzOsoPdtptKG
260,dgadeaux77@taobao.com,$2y$10$AEtQHblaikQEwvZFpECgb.yUmIshlKYiSC07DK9UAuHRBEUMS6Iju
261,nmcelree78@webnode.com,$2y$10$R6OpYYjouQslCAkqTx.T4ev4KG89E93ahOzS3oTsaWk9Ks9XDukv6
262,jpepperrall79@myspace.com,$2y$10$HBzhQ7QiC0IiOyfBcfqC4u69ijslX4F5Nu5CM3WWZ38PgJ.reCHtm
263,hkaysor7a@cnn.com,$2y$10$r6nwt25euzYYeDwnnCZgSuGmaN5q81Cvux/Ul8zw4d7DpL3HLGPqW
264,swestley7b@seesaa.net,$2y$10$ODYsY16k7AQMSy0L.aBIyOTMqJNVANdv/NuXPRZXfkTmZdJhJ3DmO
265,svlasov7c@hud.gov,$2y$10$ik5bBksfjMNro1.is4SvE.yn1g4S51XS.T28q0jxgbFvHSdRPpoAK
266,ihunnam7d@telegraph.co.uk,$2y$10$9l0g8pEJWsqTPCgNSieMzOsxQGRenywcMis/GuIZs1adkCYYN22kC
267,sshellsheere7e@soup.io,$2y$10$NVBhG47tLlGAotMOhPfa5ub4g3jdhtrNDgFwJMj22jJ42kHayMFt2
268,vthowless7f@imageshack.us,$2y$10$cWngntdKg7/l2ce7uc/7Veti8p5Ky/ErZ19r.M01ICuNBd2IWmA7.
269,pfer7g@statcounter.com,$2y$10$f9G2OMZ4WSzFjV3nW/oMIeoYF2rMpASXO9jXJEbqc3aEzsiuHtghu
270,mhyndman7h@yolasite.com,$2y$10$Bmi7TKi2aY2AYmgkYOv64OzSXQ8bH0nU8yeY0nGRsNXMD.fktB9gG
271,jsperwell7i@cyberchimps.com,$2y$10$1OsuR4R.wng7hC.4i7nncOLZcmjOeqUaSOZuIM.W0EMc0nmOlgdHW
272,dcoster7j@w3.org,$2y$10$Osfj.nPl/Alz6NRuJUWiSeb52DvlHTSlQIA60xsnPcGlR01eMW1xG
273,spritty7k@uol.com.br,$2y$10$WLVelMdMFVKV8AZ145o6Aeats3CsbeR9cmMIXdAYZH20I449cO5Om
274,avial7l@t.co,$2y$10$4/bEkGLaHGfwO9S4zHinWuup08lZXlHA/iQayn/v7NZfQB5Prv6WO
275,mdrynan7m@wikipedia.org,$2y$10$s70CbTxG0MdN2.6jRq7ncOm84rld9gVcyh1Y0ZnMi8kAPT1Yr/1C6
276,pkybbye7n@photobucket.com,$2y$10$3NJfdZgQMiLUiGR6l0zJROITaxFSv6gLGuUlL8VBjPWffUkm5861S
277,sscarf7o@hexun.com,$2y$10$jvSwPFrvBPWTzcssi.M.G.lyXcwoGAjFlGP0bdKRVwmvD1qszOVkK
278,nshowalter7p@bandcamp.com,$2y$10$KJzKAjI1zMfipXTivRU3f.dwUJI32PDyyBShtGmH2ET.5703vCY/O
279,sginnelly7q@live.com,$2y$10$A/ctrtLPoidFwjED4MUyM.0/qFw/ac9klvcYLLSmv9i5a/gHRZYFe
280,vsulland7r@cam.ac.uk,$2y$10$xq8XuxoyyEpHVav2ylPnre3FMuPJYwRUZ8KipkU1fYXcm483SLv2y
281,ashowers7s@parallels.com,$2y$10$f/Y5uhaCKpmE8GyEa9U5D.rPTGC.27olytYaEN.hQQj4cNcj/xy5e
282,mateggart7t@disqus.com,$2y$10$KKi/eZmGOlE02KXZmQrx4OsnL3oUBGIjmh6AOEFW93SQ9RBWCk3YW
283,lwasling7u@com.com,$2y$10$s.A0AWcTBiKlyvUOJQUbp.vnR5zqidOR6nUW/cHEypMYvTBGbv8L6
284,rstansbury7v@typepad.com,$2y$10$x/MbsgA2ohn9be6196vltOa0tgL22hGxu/GK9uwXFEF.HSo2.dK1q
285,pnormavell7w@opera.com,$2y$10$wbZedwJcos6c20IeEe.shOGM6IkmmYMFI2ZV2kb4CJtiGbnVq47We
286,ggoncalo7x@livejournal.com,$2y$10$YaxOE0ABv5Xl.AVMpFFqcezfMT9eO1l/o/mye/QOJNlOo4qxAhV/6
287,ltythacott7y@plala.or.jp,$2y$10$0S9l/.Np6chpCiM8UVHSbe.kaWGR56Brtq2QCkiqQ/2om/qluSClm
288,ehamly7z@tripod.com,$2y$10$IBIYR85g77Cg5v7fmAFY0.m3EWwo655GNWHuUFbl7pvY9msMyZ8pu
289,jstruijs80@bbc.co.uk,$2y$10$n3pNuEbgIaypgZjNqto7VO4zpsTOqSRE265pXfd95wDbRhjuSd6Mq
290,nallerton81@senate.gov,$2y$10$4IGFLR6emF.pbKYiVVDesui5pHudGgWOtDf0kn/JsoDUtcfClm0Vm
291,bboor82@google.nl,$2y$10$xpjUqhR2ok.tl8WKTIqqUur1zn/v69olYjUVmuwZLKgAJvcqvq1bW
292,kreuss83@eepurl.com,$2y$10$QjvdgPutXJlpisQ7tLx7ueagJt/5ipu6/.10tWz7yYLIOO8VEK9JK
293,hbyway84@netlog.com,$2y$10$vO83kOCxn7vp8yIUYyEDmOvwbmqerrhFpxn7qfZMM2aS3A0PkDNC.
294,fkelsell85@mit.edu,$2y$10$7VuB7ROhLS61/H43FQedl.AOXnH4OkyMS7zrxNT002VTa96AD6FXm
295,kpenhallurick86@sakura.ne.jp,$2y$10$2rEFkm8rKZpQetpXvdsYr.NuAYvvcA8z6UudVGAQVNEpalcP/TGB.
296,phorley87@multiply.com,$2y$10$r3kb87xpq9CUt1UFV/j2D.Nx5CHrRLl9ZMYeGIQoIfY8dMniFtBQW
297,fcasillis88@tinypic.com,$2y$10$3l2Ls1VO9Eb92z9VyK/luOsurVwGkJm8efFP2kvXdxvdZRCb4A8DK
298,atramel89@addthis.com,$2y$10$L9rU/QWUF4ZyLQcILq7JdOX47h/RK8NmPS51a.7snNK1oqBy7qAqe
299,ncroasdale8a@si.edu,$2y$10$DOakeYBJeA4OVCezz6GJXOpwOFSb4C80DjatRJ5U5.twmlF8.zZ9e
300,dslemmonds8b@noaa.gov,$2y$10$sqy6OYS3NTeE7Hg3tDT5G.5U325XI7THAnixsTIvBws5ZK8qJN84G
301,dgerrard8c@mayoclinic.com,$2y$10$e8PH2IY3Ke7wOAhlGcrppObMvM2veToFsS3WNdDw3RhwVXa/A.tzy
302,lziemke8d@csmonitor.com,$2y$10$d26dY9GPChVjk30Yeupw9eRdCyupqBXberw949NU9nKr4AQLM4T0S
303,ceckford8e@apache.org,$2y$10$A3maHaFaKl8yuGXmj21x3Opn8LBoKjbRcy7NQhgKl1X/KfFoKjYXm
304,laizik8f@networksolutions.com,$2y$10$I57nx4eymx0UMchPisdXxOiTl0s1wSLlh8l8I4n7WXofjCCn6PfOu
305,nandrzejak8g@tuttocitta.it,$2y$10$Nr2sZqxYb.3JDeud.oDikuc6msyEHhmpj9Zivxss.dS1o2.Fl1.dK
306,mburdikin8h@4shared.com,$2y$10$Cr9l5mDHixG9BOdjE9WVaOzY3ZaT/nKydUpWQhnZEKf5IEGWcmqLq
307,abarter8i@paginegialle.it,$2y$10$ygD1hOuHuMl1R2EBke9jPO9iYwJoJok4c2.vEvmdPuK4o6VUjf1IO
308,bbuddell8j@youtube.com,$2y$10$9yAxsQd0SGP/UNPCNu4VhOw0F8xL2kgjHGUoIreUswoxcTzq89g0S
309,gkittman8k@washington.edu,$2y$10$rrFnGccSa1EnRHNCaiiFbe5ELjIop0zroOZkINCSCAPMPM.0fRvEW
310,geames8l@mit.edu,$2y$10$oLARO35FaTV2fFi/XdHYXOcZRro4zD4K/2jF5PqKEEAHyUiI4.Fo2
311,tkeuntje8m@fema.gov,$2y$10$Vc2GFPpqe4hDBqWMCi.UweiDnrCmPNJhuzWnlYPJMCFHhvxngerTO
312,lhogbin8n@reference.com,$2y$10$N5ZZMu2WjLg7u.QDY8DGSu3VheO9w4bcI3RM4x.xmhtIkAmdB/T32
313,tcoling8o@seattletimes.com,$2y$10$bBfFBPXKnXUZDa43/l4a5eVwfAx0reqbrFEOspVXRO9/gyxTgUafq
314,rheaford8p@uiuc.edu,$2y$10$DGGxuEWj6jd04j40Z5J5uOxIRsFCtsWYV2SDgziBWZZ1xxefQf58W
315,fsarsons8q@digg.com,$2y$10$71mXMjzoK1nQtQ1/9rjOHOK00q3KoJK0GZvsJ43ttL8Wnyztxb.OG
316,mhawkeridge8r@sciencedirect.com,$2y$10$9iAZFJ/aqvbgIcdFM9W.TuUCan5x.ZiUjJd8GR2PxzOK8HWFk5LRu
317,joris8s@about.me,$2y$10$5Q5zQXzvMEuMrhYeHD2.j.pa2Yqjy8vymeouC4.sEsdEPB2QNX2B6
318,ethunderman8t@disqus.com,$2y$10$m/zxNupr6FaqcBghpnlFwufTBGAFxz2zAV1DW0lHfvnIFniHDF4SC
319,adelion8u@hubpages.com,$2y$10$6J6NyHxkRryqcgOzanj2re4V.msPnBW0tWxn0wg/zlMK54fBevJkq
320,mwilkinson8v@liveinternet.ru,$2y$10$JQk0LoZ6sOmBHuu6G8NMxe8g6rrchhfrNCLv0xB0.YA4fqKczXLFu
321,singarfill8w@e-recht24.de,$2y$10$Eri7e.VL8QPDrmQxCILgDeZ2A524e0XZ2Z0JfW5CwthNNhlNTbxNu
322,lmckall8x@bigcartel.com,$2y$10$GYmyx.OY7uvFr0oyiJJxb.DiZJQnYJ2eap/K1.0G1Up/iD9qKNOYq
323,jjervois8y@google.de,$2y$10$37Ja5vkOwl9WvdpQNv4nTuim7VPDiWN7YYQZ26Ea.O.hsDUwXBnJ2
324,adahmke8z@free.fr,$2y$10$ShaTUyXu6/W6hQvjNBL65ODk8/aSur9zasG5UXYcpS3XtY0b6b./u
325,ahedingham90@digg.com,$2y$10$.HFMQ3/a5YGN1kt7AmHEm.XfgWHVhoDNs/5CU2xoClAYozGXzS9zW
326,jlabbati91@blogspot.com,$2y$10$haeyPkhLwirq4/MFhufX0ehkKeGFaquZTePTUIzAYvQhMWNHkT4f.
327,dizaks92@nba.com,$2y$10$N/IQBpOaeVwzPLJjoW.5A.82EslFDnl8kTz8iqZ7B/WPCZAihLC4y
328,vbyk93@sciencedirect.com,$2y$10$tPCHFahzNukFBXDd6OOhMuDJ/EHfZu/FDU9gg8XaDlqOFC/B6EFpO
329,kdeelay94@virginia.edu,$2y$10$JHvf1/pF8cLZ5en/ATt3y.OzTV0gU5pLUJgmwTOLR0T6GSMl93ik.
330,fhatherell95@cocolog-nifty.com,$2y$10$OuizhQFch0t5A3wI592hSuD5oC9VDdkQI.8ne9JwlWNyTG0EJkMMy
331,lishak96@eepurl.com,$2y$10$jFcbX6JvdGZwpdfMtxaoreAskbnHab6zBOevWFKcsinfs1jvvvtQu
332,gsedgebeer97@salon.com,$2y$10$eg5lkUF6XtrHgnwsLv4gUOIzBpRgciM/itTwaOnfE553EsiOL/cz.
333,sgodspede98@xrea.com,$2y$10$EV74ul2E2Rh1c2Q7nlB4lekEcAKPuO.bmXSSARg2fl93WGzVtjoom
334,bfeilden99@mail.ru,$2y$10$EK2msALlQ9fposeqyzlWbOhtWCUn7c3apl4pplPpkm9eovhLtNNhK
335,hknight9a@thetimes.co.uk,$2y$10$cFRbMWjWtNh.RZiVCzLJ/.jyQDUxCDvJJhUxTXGGMUhNAtRBvm/lO
336,lcarlesso9b@g.co,$2y$10$/qjDoRjzlOgzC7YU71EC.uo1qhGz2AbPQRVCQ7.nDyh9YpsJ5lADa
337,nlaslett9c@gmpg.org,$2y$10$2bJiTntAIOkg17fQsooknu2s7YkDS1G8LxGtNm.nEgkpRIdZaiG9e
338,osimonin9d@feedburner.com,$2y$10$Q0E/Qk5X90cK0Qy1lNmRg.i4XWHr1oVg1QbrvYuVgvIqQeEPH4PLG
339,agaudin9e@digg.com,$2y$10$qs7GdoTKgcpyD.pKn2/zm.lSgkDmCu7C1IdAArw0E.QJXtg0WFUha
340,jcornu9f@narod.ru,$2y$10$ii2dIARF8KP8jmuoWe2ujuRXpgAKpDBxZcPt18wbpz2l37o8j63iq
341,tstelle9g@usda.gov,$2y$10$WyzJVUpfeGFQyzhu3I6B6uEswBq1IXGXLtwe2fnLeAPE8nhoehrGi
342,tleak9h@goo.gl,$2y$10$hn6.wIEf/OaZVgjofC39qOnv6EnZiAFeGUIvvdYzxT76bs3il.1KK
343,cjeves9i@diigo.com,$2y$10$p6mNv/N7zSbirGi75gvlZeAsJpNzGaauQBTPvo.6ihvDhFHSLd7yi
344,fdally9j@bloglines.com,$2y$10$hDBU7L0j0bemELHqt3hHgep2MEhSHUIQlC.WNYDik8.jlRvLjjJE2
345,ccalleja9k@fotki.com,$2y$10$kNBwEtv0w95STl0QFQNTM.OqjG3IUhHGtPaGMkdx1FF9Zcmxcz2qm
346,ahonnan9l@liveinternet.ru,$2y$10$1EQjC0U2XJv/u9olQkXL9.NqbPe.7mxFOm2rzaPtOht3deMt1nlq6
347,bpentlow9m@google.com.au,$2y$10$hodKt9C/zabzky29sOFBIepFR4gNZECEbrv9u233hbvCDeaxCV1.S
348,jpatifield9n@state.gov,$2y$10$SmSOdzrZrRWz9gX3JzaGVuR84S2FqbnEENDah9WR25vGXAoPvE/U2
349,pconklin9o@boston.com,$2y$10$aXDdz8fp7o5u7.OE4fDu3uU3aBjT55/KBsaI5pVGYvKojSHP.JJ3.
350,rapplewhaite9p@usnews.com,$2y$10$mcHf3UmNY8gc5hrPgTUfcuZvLpNNIv9eHF908fgfpHdGhhO1O65oy
351,qmiall9q@businesswire.com,$2y$10$NkHKxK55uiYBop0Bp0rjEutQvcBIwYLuc9qAKjOiPJ.kA/Rb8iIvy
352,lleming9r@multiply.com,$2y$10$WI5W7CcJkuy6LkD7KvWR8eR9hmhzn7wRUVUrNwkDU3Rl04yRjQHPK
353,pmarquet9s@altervista.org,$2y$10$D6hSQZhhAlVeL4QJuVziwui/kqgIliCFDhf.55navSIXSuGE0DT5W
354,ssailor9t@cyberchimps.com,$2y$10$k5wXf9x1jYN4tlbEEGZawOp5A3jKHFsdxnzbJJjaPStct4ZTWdfDm
355,rosorio9u@cbc.ca,$2y$10$tLWt2dNzCqEUzfS3Ow8xZujdltBuW3w5OwAY2SSnYMTJ7Bugxriw.
356,tgredden9v@dell.com,$2y$10$u4Po1CinIoIJV9JPfpqcXOfh0I3owyeu25LBaVUWMrcKyqSowtiKe
357,cfish9w@flavors.me,$2y$10$StRo/JxEdmFA/E8QwMlv6e2VeZiwGbcIfpPMD2gDv5t0Azz6Vd9ky
358,lgoldie9x@godaddy.com,$2y$10$aCIn7fbUUzcZmRpGzDogAu2J32JOmm6JRRR9iJCHbgGNBpi1MYLgC
359,aamberger9y@amazonaws.com,$2y$10$OYUNq7Ys13Lobzb0ikPtqOFkiE2HJOwOWzcsPUUKMHZcFHHWuV1bu
360,garbon9z@acquirethisname.com,$2y$10$O483xJEgAvP1n0nPN0e2xeMMPwPjmzJ6GkExh8fn1IcpC7TtBCTpK
361,ugoldsona0@ftc.gov,$2y$10$Qr2TsOUU7/pvejzuTHLlP.O2j4YRHdQRpdC2EVDM8WostExoWX3MC
362,dspavona1@booking.com,$2y$10$C.TmJsYD1/xa73umHkYE4uWSvBuXKW.dYOj6D223KEp7KUZ.WDci6
363,jgowa2@clickbank.net,$2y$10$g8bYT91tyvkm7LiHkyc0Ree5azXARjws0QLoAZmhwmRBjzWosT3RG
364,cwiggleswortha3@princeton.edu,$2y$10$nPsbIhKGUgeRSNKjCWRM/e8q3bb0QLKEyZFxP2K8ByCcOkw8KiBEu
365,gbaalhama4@fema.gov,$2y$10$1fQ7Nc8uzBqQIE9mfeC4ZeFbTVx9Rl9wpKK5jFuqgQP8Qfy84cJAS
366,frighya5@angelfire.com,$2y$10$wZJJG.kGtES6Q30Wre2aWOTi6iSN0fWfzLXKeRnGbWOpcPiDJQX2G
367,askermera6@dedecms.com,$2y$10$JfoOn25eOdmXaDbQL/L/P.STGyXJCEylG9eRBln.zoL9ZUkRy0LW6
368,lstockmana7@mozilla.org,$2y$10$81wRP9kxnLgpu..LhcDmUeYSZAfyLvYnDgxpB7ySGV4WXJ2wSZYEO
369,tlakendena8@amazon.co.uk,$2y$10$FTUQqIub6bprk4pel8EXNugDxCgM4wPJHObCxgWPFIzvB40Y9vfMC
370,shalkyarda9@mapquest.com,$2y$10$MB2X2gOGYR4g5tQUnKZYsu.NjTpCv6D/iiaY3pZlh2kAp606aZEqe
371,lspeakmanaa@typepad.com,$2y$10$Lf2Vndo2Gx2UAn3VgNHzh.MrZ60.tVTd2z9GcVUjKzQ4HMGFSEGm6
372,bbottlesonab@delicious.com,$2y$10$0ILwjS1wTMMQ3YZ20JnnHu7/vmPudjlsh7KAgY3pAauiMkFGC5A5i
373,rtomeac@gmpg.org,$2y$10$FUq8YyIaODMA0mLwhKieQ.icwQgA5wXPFv1YCLLkExLfeT00.pCbu
374,ameacead@narod.ru,$2y$10$79tOS0Z2abOf8NuxB2qhneZxwrraFBCzi1YoSwyrQ0Jetz0zSzWVu
375,ybattingae@kickstarter.com,$2y$10$Zpf11xIO/oIdi4ZZlxfBF.hcaxbmsKEpUrFZHMlUo9Vxs3NPZEnR2
376,rnorthallaf@moonfruit.com,$2y$10$7taHYU4Uoot8HWcc98K30utlcXw3GRT8nNUP44//80LYBxlTICBvi
377,bslinnag@admin.ch,$2y$10$CV03EtDACfnWZIJhIyT8le4445e4kEDKrwcZ8tNZzRX39cVDWaU5i
378,echampnessah@gizmodo.com,$2y$10$nhytTs4pLHn38fe/9Fn5GOKO92/tB7I6WEkvJC9NLADh0wSUhNf7e
379,oamblerai@addtoany.com,$2y$10$2K5ThqLJIDi8MNTebIRkbukBTdY.7e3GaPYxk.TScMh/iqXbmb.va
380,hkilbornaj@chron.com,$2y$10$m.V8L3XUj3zTZAcGCPz9SOQUP6pG6jajsAjkCcQou3DgjeAb36oFy
381,pmoundak@ox.ac.uk,$2y$10$jXnyUGu8bVnsxtaVmEzKZufeHMsJqDM1JYNsZUsPTYSMhlPJOPp52
382,sbernasekal@ezinearticles.com,$2y$10$eDoHl/mevyqXITfrMJDK6.TAzhv.HxnDT8Yc/FmN1qrn5prgjvmIu
383,kpierrepointam@freewebs.com,$2y$10$rm75E10kSORUonExWlLck.YIC9k5DHeEhAOSBd0Z.RSMBut/fZeES
384,humplebyan@networksolutions.com,$2y$10$AzulszUXjSpuAh6jALHxuuzy50LBceiwyniR.Iwjgm2nKWH1Ay2UW
385,tbrandsao@webeden.co.uk,$2y$10$jsx2LGfmqMeHq/KURv8cSeMnBGa6aCB.OcgWGre8trig4.9WkDpsS
386,gmerigotap@intel.com,$2y$10$5ssyyDWowjKE4maH2X44Ae7xCklQ0ZxWec1C.FdXAzbl1gE8pEJ86
387,abowickaq@oracle.com,$2y$10$xKJvLT3usV5S6bquh9pq6u5BXMrghLXpYe02gCKYJPHdy4qrvP3yC
388,cnillesar@people.com.cn,$2y$10$Vjs78yQEcJwr6L9J51aEiez00hlpxoROSj1wwWKKq9qpnTHbIVN3W
389,dbankeras@mozilla.org,$2y$10$FgVPbYr4WqhOujTyLxxUkuayCozDoxyf1xGzbpBTAGF1mSCmLmdja
390,educhanat@tripadvisor.com,$2y$10$vPkFgf64/0fQjDuEstr7b.LcVID1HRbBhS0y9/t5k/ildWdzBoc3a
391,cbourgourdau@github.io,$2y$10$6HWwzegHwtPMtpEHxq/GXOG0cubLuDqendmmW1hYr7QGDsejSF4RO
392,hpeterkinav@ted.com,$2y$10$sxy.etSUi28elbh0y64trO8FWKmq86sB2d.qVE0I2EDvERgGvj5eK
393,loluneyaw@clickbank.net,$2y$10$pt2mnp0jjP54xK93O63s0uOw0wcNsLXJsHWyHw/hEbWby5zw8VohK
394,smacgorleyax@sphinn.com,$2y$10$zvMV8vKxQvEJqbi4fw802OVNIQM5mj/BP8fkKjlfUCzIhqBzYs1Me
395,sgantzmanay@digg.com,$2y$10$3KMSOm279zdy4lHQST75uO3KW8wv4c1XolPvYwtBrHang6TJlD0Be
396,jromanaz@etsy.com,$2y$10$ll0g7fAxSaQr0SRIavDxBe5vj/kKC02rlKN4pi0NoCmRR1eHVk7Va
397,mhanburryb0@digg.com,$2y$10$06rE3yBkwYh/sv///t271OXLc/COObO1mKa5Y4CaXgCnFf.iuB3.S
398,mwoodhouseb1@reverbnation.com,$2y$10$8IVI//4ZkuWFXbSv4PSJqeuAz/lHzwCV5AZbrtqy/fjb1O89ckbCy
399,hpeeryb2@ehow.com,$2y$10$BXG.rW9b.7TNXta1xwFujub1/KWBcXVJJ6A4py1hwwb3p8N.iR2Eu
400,bspekeb3@paginegialle.it,$2y$10$hdUz2evNa9jcdhlQAIonweUlv2e9cS8ObdEkc5rsGYh5att1NKnd6
401,dmcillrickb4@thetimes.co.uk,$2y$10$XWs8NS/gZdqasHTg1B0g/OExsPlRat5Nw6WiQZuBX65sDEN4FljNi
402,ikirckmanb5@yellowpages.com,$2y$10$f2ZBZySMk4rvTGy1WL1hW.UOGqTijSPb2rDRBicmrZkjFgqA9Kv8.
403,dmoodieb6@istockphoto.com,$2y$10$D26zjaB9DAhmjeobKqN7BOlUwbdES4tnKnI2yy5MWi0BIVwAk01yy
404,crabbittsb7@uiuc.edu,$2y$10$Lcdw.vyWB6JnY60DTyXHO.mQo8NW0Dxru9RGcgWeXUTJHRuiZKORK
405,srivittb8@bbb.org,$2y$10$ZbUWt0wW.14HL9vfAEc5M.r8LkHiuDok2lfxYfDOPFYMxpPykpSy2
406,oabbsb9@businessweek.com,$2y$10$UnDW8fSSOUrdf.Ts/uhxlOXdrpsxjxUdEUaC1846ov4scRNZdcbTO
407,dmcveightyba@about.me,$2y$10$ju6qSQ88Gt8eUgCUjGObN.XUhR1W1gpf5bl9zyS4oL.Ygi2u1pzgq
408,gdetheridgebb@xrea.com,$2y$10$sZqfNUp0YDIf/3oZ4XPOVuvmzbsrPYzlkv2tovL7adxL13yTX5l9u
409,twillersonbc@forbes.com,$2y$10$bo8WwZbifpD3MzWj.12CkOWuJ.GTwDn.ZREp022DQwzziD5H8u5qu
410,lgunthorpebd@altervista.org,$2y$10$uqs/8yUlxrFUPIQ3yHswk.2Qaf7Hyad.WVRV5qbZx7BtA/xKRdw1G
411,rheatherbe@imgur.com,$2y$10$lcGNd37TQzsGMiw3SZ1K3O4qnEjxzTcylbJEqVpuyR4SSD9q1TUXe
412,dwawerbf@nbcnews.com,$2y$10$z6Lg08YfgGI.HcN91Hq8MO2tbKT/8mGkukHwQ2Iy0l0DtQ3Oqy.iC
413,lriedigerbg@linkedin.com,$2y$10$bXYSq.ZC./5ZOJWxBggez.iq2E2/eufJ6565SoBUwpeB564M9WdQ.
414,acraigheidbh@jalbum.net,$2y$10$DExojj4Z4OdkwAVLTZXVhuTndcMD0kKbKRWl/ZdPIYXL8OLFZjMcu
415,sgametbi@com.com,$2y$10$1zH7/IxVELCHMfCkXiYGE..rWzE7Mwz5Ix3eLS1sF3NZy/gPfRJsy
416,donolandbj@tuttocitta.it,$2y$10$vKQVDf44tb.2L2ST50v6n.2/Sv1trZhKXIN0upWxUfaGk0kIPWYPa
417,lmcenenybk@fotki.com,$2y$10$n5GwXzxVD1cS4H92V9hNPu/FPOwxow76boJlR84TPGVNHsQpJiJj6
418,jcrowterbl@youtube.com,$2y$10$7izoYoDnkroBudBbZz0QDOCQpXOeu6v9KC64k3Dv8Aehz.MjH1Tm.
419,gpescudbm@bing.com,$2y$10$068udMIxHRlmyyAp8K1xXO//SOJI5CU4n5eVWamehk2V2AHuSUYfm
420,bodombn@vistaprint.com,$2y$10$w2/9OvwWAvA4o2imHP6TDO6qyeWej3hFhqxSwAueO7kQ6ESJkqYwG
421,fkimbroughbo@symantec.com,$2y$10$r/EOJEIZI/su3JICv2g0d.y5w3rcHAHRgENk.tkzDSEmgN2lSlN/C
422,btrenchardbp@wikia.com,$2y$10$v2hJYgy55oZzvpauY9s8b.ruMx73L0TF63tj2PWz93dM9fO.XA5xW
423,jmardebq@ameblo.jp,$2y$10$SEUbQvK7aWgkd6Kp6pTsYuAxnNsN0fD4C6wkiA52moAK19XVLJ3BO
424,jwolfarthbr@sun.com,$2y$10$erzyjowxuQDcm8ym3CtHk.XGaRGwEj1kC5fJDmXFjM84st6vOxlVC
425,onotebs@huffingtonpost.com,$2y$10$pzq3Jz1a51FWQPYOmwxgjO3zVKBtSNjET0JkaC3WsMril.0eUz7Oy
426,jgilmorebt@craigslist.org,$2y$10$XRqrq75NXzeaI/cPF4nT9uyVuRiAsCQkETOWjVjQrnXYQnKjyDZ76
427,frodrigbu@marriott.com,$2y$10$IdzE.0FMOXTu3WBcFneFt.eywShcA.Y4vYmFFM2qBRUBEhLNxVFSi
428,jolomanbv@state.tx.us,$2y$10$ayH3oYAc4FZqnUIwFkFG4On22aYTqJvJq9UcU91YMi5fftXmU08Iy
429,tesliebw@wisc.edu,$2y$10$n7zcprYeAQMPzlqI5pJkHueHuH/pzAgSgqk2BFRVsjVGY8KCHIx2e
430,kaustinsbx@dailymail.co.uk,$2y$10$Ikv/EntL3GqOUfy46g1.zuhsBo/POK.4q6YgudD7.63qzmUV9rmuG
431,pgetcliffeby@dmoz.org,$2y$10$Uf6mqjm.fukyF8xe3Hx7mOQ9hAQxuZFQJC.5zP7no.KB5wfEECYIK
432,tdanilovbz@columbia.edu,$2y$10$iQPXG8W00tQfBPcbkraap.7KYo1C9YmeLdUKIzUGq7/fulWgEk9W2
433,sbittanyc0@japanpost.jp,$2y$10$aANySg8wJnzVfTr0fQ0CsOLQiDq6Jj09AKaSTRkHZtSRlmyYHRQNi
434,sbiagionic1@usa.gov,$2y$10$gaceBNmlpQhRc9tyqHXiYuzQQZlG5HU24JSL5nuxK5JNwlqZ5VXe6
435,ocouchmanc2@kickstarter.com,$2y$10$DFRpfvSOAsMKjq1gPV0usuggMd.HdgZEdwdM/Erj/XEHeyzyyKU1i
436,mmadginc3@salon.com,$2y$10$DKvH5ErZahe0BtrmEFVlXuNLum1nhbHv2I.3HFnFoUCparpFWpzgK
437,ewisbeyc4@imgur.com,$2y$10$/KEPqSuv8R9d0BasIk1oG.lZ.FCaATHFm1BVdiwGToxmxC0KPBIkW
438,cwicherc5@eventbrite.com,$2y$10$xbbSO0LIWDAykpyl3Kku8uQZSfGkKOzNZgN8etDjVyxLFR1RqavWW
439,llambersenc6@livejournal.com,$2y$10$GQdoTrSx6CYYnETHbtQP3uUovT5nJBFB7rhIkTxIGM6LmgkpTSD3G
440,gchildesc7@nydailynews.com,$2y$10$tLCeY30vXOsvVe.xGOXlk.NBU3fcSWaKf0Ab1dlPsS4ao0Ccl.f4y
441,kgregorc8@godaddy.com,$2y$10$nXuQS1MVg61i41erQ5CQ7ebYW8Gei1F6GjeqBnMNbXpueUu2T3Yny
442,cfryersc9@zimbio.com,$2y$10$Le66I7lSHXP8drxhdGvk3uIrZJZ65Ba8br6JENewZqLz84rYU/tCO
443,bshereca@sitemeter.com,$2y$10$274hQbmZ.AoZ3ECPpPSFQOYNs.MY4jCqTCyXPF9BIe3t1UMbNHVsK
444,mklosscb@sphinn.com,$2y$10$f.6mOPFcea7CqGKhsNcFie40N3tfMfRzK8iIz8asBpaDQQSaerCQG
445,ocorsellescc@bizjournals.com,$2y$10$3dw4SS8VHUwNvVy9CQ5XvOBPLSsbaNV8TN8Pe53YpX0VMZfFDPXFy
446,mrammecd@devhub.com,$2y$10$AzGnmidi1D7Sk41ykh8JuecPl9i/iz7GSCoBO8JFJgeF7stlcTxdu
447,agawithce@youtu.be,$2y$10$LMZ4CUJIbSbxHmIu1SjOuur8YnkrRDLP92VtaePq3e86ab3QjaOcS
448,cbirdwistlecf@addtoany.com,$2y$10$fV20yWHdhUmj45LNd1NvD.hNrRf6eFMslD0e9312w5qEz1RIpq47.
449,kwentcg@behance.net,$2y$10$OA1Ju3Ozdta94x.ASPp7kO8vc76AdC3X6hopnUZUIgErZkjl5Ru.2
450,rpoynterch@stumbleupon.com,$2y$10$XNDPMZlpkqXbQHDL0yne7efDMxTd1bKJCvVX.N04P5Y.E94wWnrh.
451,rnavanci@spotify.com,$2y$10$sC419BUoFAYVUy0CxdXbCujyMB2ij69Lm66DMfIEy2U57GRdVidPK
452,bculhamcj@cyberchimps.com,$2y$10$5kuRtT6Ffp3BgTuEZOC4qOyQUMCoDFqtlCquT5Jo5KrewsQwWYdVi
453,kyoudck@tuttocitta.it,$2y$10$2eMx4s.XXEMJgKSG7s2BhuNZ9wu2kWPpC1oGFZb4Ldt9J2yDqxVAG
454,emccritchiecl@cmu.edu,$2y$10$XbMW4CM5aSm3znKtYIRy.epIFfhaP7zqZdUsG42mt9XdrUxsmif6i
455,jlingercm@huffingtonpost.com,$2y$10$iI3E1ll8Q8dbmNBP.8D8mOMSs.I1ZdIKFknNUVL1L.5F6ZMsynyZK
456,dwilkinsoncn@goo.gl,$2y$10$DpQVLuUjUiX30ca6k7vSe.lsJ7pooA7mrfJhWFr9Shx//SqQyLuHO
457,khattiffco@wiley.com,$2y$10$wuvBsIJKkg7FLFnk6f8ro.dNtPnW/CSl6evsi90pIDFHyKWxNFjd6
458,lruppertcp@github.io,$2y$10$OyhPRthJCVFpcVqWu56mf.uAaQgLnyWLkBibgf4kSBAbRlxmvGQ7i
459,edoutchcq@bloomberg.com,$2y$10$aF6H4S3DGQWva.h60P52vuI03tLjCiErPIX6NPIT7dOpLIZje6lwu
460,amcanellyecr@flickr.com,$2y$10$E1RW3.pfDUoxC9NQmdwmiezVwVHIUzL42pOyrxqr0ysc3KFgGdxu2
461,rakriggcs@wordpress.com,$2y$10$Pe6Xxrw.4xliAh/VnKLf6.gnp1k0D3DQ3GJejOlReRGF0JLy7ah7e
462,raseect@wikimedia.org,$2y$10$AMvL0mvqZ0MTp6oGZMCYDOhmGPsLHjMFtaZsrxKzTpKzk.1e.n6Ca
463,briditchcu@is.gd,$2y$10$9rXpFFNyxr.w14zutPc/ieaNbiGxWHlI.xWrs8NyN21yLooooVWSC
464,cmarriancv@last.fm,$2y$10$PH4gwY8L34hvE6plrpP1/urK6bXSwOTDW4GZPvAEB6ElhZPhQpTXm
465,tmactrustriecw@umich.edu,$2y$10$eNN17idtcKykbkR1TCHr0./Z0N4h1IfQcBOiqlfwAGYGObsU5U9pq
466,bdonhardtcx@gnu.org,$2y$10$11gGOq1xvDewsnAQNWulIeEF3EVr5zDdkrlT2hvvZlA346hIBdqlu
467,jliepinscy@blogtalkradio.com,$2y$10$u4EKzcjuZTX.9MzN0Hij0e6ZT97b8//ckPCiiAgXaXswOxuaKolDS
468,irabbittcz@forbes.com,$2y$10$ax/t.j4CCh2s/8/qPUyPSeYmv6WFcMTwmwvSgK48rgCbfCwKu7aeO
469,kcarnelld0@google.co.uk,$2y$10$udYJykCToCgL7xeDcYHLHO9aTEYfChr/goEEKvHyLMbc4W9jT5ZbS
470,vlarretd1@ucla.edu,$2y$10$CmyrhF/EymgnKzTjGGhX6OW8UxuZfSYDCu7ToVwgdimhD7/iYkk4q
471,edoolyd2@ifeng.com,$2y$10$QGNT4YO2vXDU.GsPVAnKsOWGuU20/OPc5nAXB7dnpVHrsXhHw1jQS
472,rsterlingd3@is.gd,$2y$10$kIELOvdKBB/kZQCbGCZmiu.ZS6Ls7oDZJiLbKFXWBV4LCficMVJWi
473,lpooled4@1688.com,$2y$10$j0dP4VxTzTNEnhajME13Lu2Wu2r.PxAtuTlw.T.UTw16YfAwBWJVi
474,qlippid5@netscape.com,$2y$10$6PPDiR7eyMxEA7zAIPY7COG.SdPu1s75DP/1ijqosp0yov0sViHde
475,lzamboniarid6@unicef.org,$2y$10$D2.4G8lIWjRnSQan8xdiz.uElYc96tOCe98gK8BpIomaSbYZd3kBS
476,icaddand7@yellowbook.com,$2y$10$UmD68cywFu1owOCbOp3mg.iF/4VnvkGqcmi9oMqNIFG5zTF.hUlei
477,jmacmoyerd8@reverbnation.com,$2y$10$hh2VDYnjED8PvzrIsyecUuTmiUII3rmIGGHSHCByyYmSV3IB1EJPO
478,gwesseld9@scribd.com,$2y$10$fK1ZfEHIesSYmI9ianfOLORxWE85wIxmzyPAl4oeeDUb33Qf7p4l.
479,jlevingeda@si.edu,$2y$10$Dp3tFYTZfZtyTT9jxkt4sOztYaVGfvVyZfTwES4Q1u3uoJdXU0iIW
480,zhandrickdb@miibeian.gov.cn,$2y$10$SfdpHSZ4buCHbzoOzbiJ2eeHfK6uMvqEVnqTAVvJM1Fei0DetM0ba
481,tpeverelldc@patch.com,$2y$10$1TCGNMIvDrkP7eyJM2DDmuaQACHeo9IrOksUmtFsLJwg8z1fqM8Oy
482,mmilsteaddd@gmpg.org,$2y$10$UaNFgjnyO6VtlyDyCRsseOw2F.tzcAn0rlQrFjfYkiy4kLzu7n3vm
483,aaslende@dell.com,$2y$10$VaZgVhA95wgbWCCxIvW9aOwlH7/ZK8UXmcgH9OC0yOWn2bldUqXZy
484,cbottermandf@lycos.com,$2y$10$fPYuM4bhw6R/pI4up3TEwO6NYpInRvrO65T.hggIxaEYY9.Q4xQSW
485,arichindg@etsy.com,$2y$10$Fw30H4uAzKschXzKr8OaM.V.aF2Yb8/wISn6DXkqyJvnS34RcQVtK
486,zmoscodh@netlog.com,$2y$10$WGIioNIgJwR0gwOsFYt5q.ilCL6rWb7eYVJ932EjJwin0D/HXsxCC
487,lfifedi@indiatimes.com,$2y$10$Ew4uNorwc8iejBOm0pgaNeJSLTlxINfVjVM1A.xOoTZHzkFRLgLQK
488,mepslydj@wikimedia.org,$2y$10$bodQt.wk4hXLw1dYI4EdQeFc2lwxSUzRWkgsLUNy.9AYRlCkgs9tC
489,sneseydk@time.com,$2y$10$/or4yuOArk/lrJ7rtNqT7.Luwuy/9N80FMSLdaSgFpLUG9XtYurT6
490,cwalklotdl@posterous.com,$2y$10$8uOrueuUbyk6hSsTCr8DE.a5ZuMz0vyE2ZGBHJ5Wd3Gypkn6qt0RO
491,lheffernandm@cam.ac.uk,$2y$10$pB29CFKFac5QvRPev82YeOLK8m.gfKEVOnwQz4TYiw8Cst6ZCWvEi
492,theinishdn@google.co.jp,$2y$10$iTW/8SV0gpgGICk2o03LK.tx5YhHTAsqXf4qdFg1mA.4eZOIJpupe
493,fpattillodo@wisc.edu,$2y$10$j8oVnWF4vl0PjEv5DYY9hekiMh5l04lNqv6RYz/Kl6nhJ6kU6GASi
494,mbykdp@wunderground.com,$2y$10$7x9yOIy8OuHxsz3ucatmk.n20P/Ym8iAPDlnbaFvU70NAeovF6/LC
495,bdelisledq@hibu.com,$2y$10$aabThiehENYFkCdeE8w.sOaw/hYukFtsbHpK1SaiJlOBjoYYIaQn.
496,odaveleydr@odnoklassniki.ru,$2y$10$pLgUWFdCwN3b/Vt3Fu7tqeidArZg8coUNVUJbbp8ZUNwy3pwpk14W
497,tbloomerds@marketwatch.com,$2y$10$iGOs68EqvoghgP7bl1fQhOaGcVKJT6.7kl4RTLkS3WDYqxvG6GIBa
498,timessondt@weibo.com,$2y$10$MlWvXDMOk4bladZOdVt7uOPQ3F5NIdOBTXX8L216a2x2Ob7s63IOi
499,tshepstonedu@merriam-webster.com,$2y$10$SJnGmVSQDKGt.P56TIDvlOBPYiKxn4XlaEUQ1l7qW67Fr1w28cY1q
500,mklugmandv@jalbum.net,$2y$10$C2..nPE2zLVkyFB6CCQ3X.XV8.j2sYyD1e43tJqk6NrOkmluEU4Y.
501,rwittendw@spotify.com,$2y$10$dkjbYNvzGPrTARKttI52zevo/SieGRJOXYnw49IAm3GGnk5hdq9vG
502,nmitchelhilldx@multiply.com,$2y$10$8haG9ZBtHrzPIbrOc8/oj.nfGPE3tEQfCMJ1ndeQ9EPHkoV12wKrm
503,cchansonnaudy@narod.ru,$2y$10$7JGxpfDDR.IQxhjMXB1.i.rUs8VfdAzbCFBVsmdjB181uqqyL1A92
504,jtumininidz@spiegel.de,$2y$10$C8QVYsSJ9t4UtWbq4JFoOebMdOpOKPiPrSoM2UbsJjDCKUpuhmopi
505,rhauxwelle0@e-recht24.de,$2y$10$f5i6owzhCtjO46BJnHLJ7eVFq.MfMjnGkXKlF2yNN7aADnuaUPf6C
506,arobertoe1@earthlink.net,$2y$10$OMAXRSZM/CgRUkCo7EegWuwVFwbdvam7ICOefu8abSyYiBhRABcA.
507,amufforde2@ox.ac.uk,$2y$10$CeNDQMD.XnHqX23Lomm0lunstASg9c2zfY4xNw4QN7ICWx/xbpwoC
508,tsenechaulte3@shop-pro.jp,$2y$10$hZHTjwOoSBa1WNZpN605Pe4DhNEtsUheCYmy1cQmmCjBwh08vLVw.
509,mbeere4@archive.org,$2y$10$AuGESpkU7yIsT6Sy3di89.DuFeOvCLWnqSIufVgLhiRApHkIUX07e
510,kstienhame5@mlb.com,$2y$10$VpDicJ7Z.FXS.tLWAgTN..NcNAElOUVwynciiN1YuF3E4AeAx0kXa
511,itofte6@delicious.com,$2y$10$.efk5umgCOycvkEbvSPMmeZw6I7UC1njf3kdAd/CC6C.wGSoi2q4K
512,lturmele7@shop-pro.jp,$2y$10$vuLLgPciBYoLS526M1A2Q.24NPzU6sJGwuAH52ZAcOijYXeFxX8m2
513,bbydawaye8@seesaa.net,$2y$10$5iDxXWLlotgh93rJxIPZt.BxhQBdDYFObZrZlVNBLH123RpHZpUu6
514,athundermane9@jiathis.com,$2y$10$rWCtqbZmexUg8Mw7xNpQWucNL9hfTO1WvZvT.0C74j8PFnkwz6UqO
515,kkebbellea@myspace.com,$2y$10$tpLg3.pmIeJLHi2PVL9WBucyObAD3XmigECRV.izGEVpUoMgryxQC
516,pbrunrotheb@gnu.org,$2y$10$CPASVbjW0x7fdeVyZfvx9engkCOG/l9cDVSiDLnCxqbIuJtiK5Sl.
517,bbatherec@taobao.com,$2y$10$9NX.ZMRB9mVW967BownFgO9nmOf9PkpWNMs6x0cy2BxdzKPWd6oHO
518,dmckinieed@mtv.com,$2y$10$5jx2UrHJOj3aPStsYPwqOewhq2rkk4PwVa3H4cWuGZacHdh0y3bNK
519,aalcoranee@hp.com,$2y$10$2jYEvdep1fnABc1hiVuP3uPbQQfKrkwyO7F9cLEcT9m5GeW.SO1CS
520,rdalwoodef@cnbc.com,$2y$10$kdHTiiYv8nqJhY1frqL6GuU59/S.5KGiP0qtVRUZqR0gRyyodH89W
521,bsidwortheg@loc.gov,$2y$10$KILUXJGldtxbc9p2sa/fzO6blFV24TAikqYCd66aMkzA6fWGRomDK
522,rfillaryeh@dot.gov,$2y$10$NaEyfQjyK/Bj8u92fBqUt.7MA7RY.15cxF02Htgb2VPnIA5Pw9S/a
523,kraspisonei@amazon.co.jp,$2y$10$dGM0GR1l9j6n2TgjbojjiumZFMQIt9Wjutj069E.xo2EYPUI/z5O.
524,lchealeej@aol.com,$2y$10$P0P.aJamfhoIrxxISUA0eOsew3E2UqRGr86scpYEl4fBuV3/Cf9IW
525,slatheek@printfriendly.com,$2y$10$IFybb02CCDmutzIOHc7oWO9oL7MzeFz0Mc2bpkAXrjLed9QWnz/ou
526,hbarterel@army.mil,$2y$10$FpCrxlxiYFLJUL0CjitF1ebdGDtyrkaFQbWqbXUGmUtwdzSvoaMUG
527,wduesburyem@wunderground.com,$2y$10$WDhg3DECm//9bbef9XOJ7.83FHMaH737NZHQLg3fZZfgJfWOHEcMa
528,ialennikoven@ibm.com,$2y$10$T6J66AvUQLBv65wnuWZma.9cqyKJHM/9d9G8wn8vTTeycCxs8ahda
529,kwoodhameo@salon.com,$2y$10$c0sjQkmp4uWd7jIO17wJfOBkADXVjbxeXEKsbx3SiekoQAKnFre7q
530,pespadasep@posterous.com,$2y$10$SQNVXSOMCCFktKW75UsGaeX9iETsZMfDMWLyNVjNFtmaHMnwiu3ZC
531,nabercrombieeq@prnewswire.com,$2y$10$/Ve2AXt7YUMqAOvIa9U2H.O4YeOpgQG0/4ICJkJuVpW/CU12w9qqS
532,lgreenhoweer@friendfeed.com,$2y$10$WQoBFzz3aryXj05OfYDC9.2LplbE05wYK5INhOneEicQf/VsvU0J2
533,vmorpethes@pbs.org,$2y$10$xegZHmRqZbL7TMwEhHl.WeKVWI1jPZGALtiFZA.E7AXg3qrj/Csge
534,tdomoneet@uol.com.br,$2y$10$D.kK6EB8qFFUTKTewv1NgeVTPadik/C3TnmXusTHpEKvFG1ufqvNm
535,dhovendeneu@zdnet.com,$2y$10$3HAm8LWOb9ysbzSN1p4XDeeZLldZn5j/ufSlqivE8/Vw4jVc6m.Ai
536,kcrosierev@huffingtonpost.com,$2y$10$b7Lz1OOAtzCVz4C8LTHQxuZMw4MPUH0R314Kylc4udH7e/A.Mav2.
537,elydonew@newyorker.com,$2y$10$Y7B6VefruTAUV.Vl9bn48.yO66C8HdS0zx9LZ8c6oFZw4PgyRzODe
538,dfosdykeex@time.com,$2y$10$U/xRsYd00K2InZ8BzDHSXeJQqKF21DpAwJzIFICjT1ZIuKBr22SEK
539,tdeathey@addthis.com,$2y$10$P43rnfVF0pQFPOIOKEFhouqn.WdpdA3EpQZgebWdNSoWHmUmXmibG
540,sschenkelez@scribd.com,$2y$10$LX/xFf1xx.qmBx9fV/qVFOFRoyso7ytmjjSB5YqQpt4LLZ5r2NGFq
541,aallonef0@facebook.com,$2y$10$XLgmHGwno/FIC3rtyV43vOJCQroG6pMjZ73ylHoQz7ZB3qFYcLb7a
542,ddixeyf1@meetup.com,$2y$10$2xjB6vRnYKEB6F.9IqZeX.MHkYFpc/2hZpKdBfD2AKnDBj8Mqgf1y
543,dvaughanf2@lulu.com,$2y$10$DPYs7czze0e1A4lnyEKOuuODquC4dpiQ03x1YJ4Dvaujz3UNvaR/e
544,amackleyf3@gov.uk,$2y$10$uKLuJsH9C6fZcrCy1jEUs.JTfJ7bRwrBlk0dA8jZVaanyce5TXjVy
545,mkeppinf4@xing.com,$2y$10$jlUzFs6o8nlfnzsdoAzlhupumvU6sI1a8mCHtceYYXhJJeIuZbv7.
546,drawlingsf5@pbs.org,$2y$10$Uhox3VHor0x58BSneS5QDOCvxAR92NJe8b20HEprKXHNFcZ39Hfre
547,echiccof6@networkadvertising.org,$2y$10$rsUXjB5Bradzhz6cNH/x0eH.2u2qz3HtYS3a7DpVlzvAX/6H3YS5W
548,pfrasconef7@cbc.ca,$2y$10$SO9Izcm33wXqnWgpJbw8YOQVL1EV9yPpymzwY1Q.DPopZBqZbd0Te
549,gvaudf8@google.com,$2y$10$55FUaxwFwWDh8gLZU7bmneC9qQE63x5qRxPsSXDW/7PiUOVdaSarW
550,aberardtf9@woothemes.com,$2y$10$6th66e5rKpMVTnI49nfLPutwyVjUtHE4MdE8NKFEyeFF1thoDUk9a
551,ryurlovfa@rakuten.co.jp,$2y$10$DNu8yRoFZ6N6tHWUmdJam./PNylaELAGctN7ILfMyU1DaEd.JW54u
552,rcloughfb@archive.org,$2y$10$MlIXZaTz.Tr8Kz9ocUKcsuJ6a1KWcUycfbyglmnInch2Mlv51nv6S
553,atwitchettfc@shinystat.com,$2y$10$cY3tHnzJxkVTgatY0y/U7.GaaKpNmy7D4xsx0A1dW2.NsO89baY0G
554,mcowderoyfd@scientificamerican.com,$2y$10$mTdYStnvKEFbwkDuKV9KZuinDHEWBocFEFI5M7CjP2hNKBD3EMEE6
555,vfullerdfe@furl.net,$2y$10$IMbfpxDJNcx.lFnmTJ6T/.OaHylUSArMNrBNu5f7adc7ymFC43XTO
556,pskiltonff@alibaba.com,$2y$10$665D3efbd8toKVd4k2QhdOqIQOzl6J9FXYIVl7b7.8Vt1PlTZuP4G
557,pcharlewoodfg@spiegel.de,$2y$10$OOkFJCWOSnNYYfbNMmbFi.GnCEovntcIssDWxpD7z2PMtw.zzIFRu
558,smacneillfh@techcrunch.com,$2y$10$bDmylRt2qS2MSAR69opYcepgC1O95iztne6CXpyyv1MjZ7pEdy4I6
559,cmeashamfi@ibm.com,$2y$10$Dz.56ERZB.QJ2M5PaWejKuGyqrJ.cWuTThadqZzDmXQzNxKmOfye6
560,mapplewhitefj@ucla.edu,$2y$10$/YuOIivmOQyM4EbxLgatHuZ7R4wp3JP.LFlHhqXpiF00E4.LqGg9W
561,dhelgassfk@goo.gl,$2y$10$28.2MAQr.Fu4ZOBamz9Ks.pcjolEuGp0eS6dn.6cFguSGL0WGv8/q
562,dsavaagefl@tripod.com,$2y$10$VWOrD/tM0920Ot7/QWXHJuumzwW7jkftp6NLtzMzZUmfXIHzvHgjm
563,hfirbyfm@ucla.edu,$2y$10$J..w6Me39YTC1s2DHY33FOKbgknYIsY78RKWnPrOhYrKCn6k4cGSy
564,bmorlfn@unblog.fr,$2y$10$CynGkyPS2Hyb5H9X577Q8ej7hBeiA6sBO.v95dNm16Xe0PhsOxsI2
565,sbignallfo@tripod.com,$2y$10$zHcIGzvUBhXThl/Q7/0VYeHNVlfBDjcq60JDrvYGqPDwqG1UP7UD6
566,mrothmanfp@imgur.com,$2y$10$ncurA8YrBwkHtlYWJMV9yebZJNqJGlqO0n32EIcjUDOYFhd54K6Q2
567,nmillmoefq@businessinsider.com,$2y$10$Cvacw477pzPAapISZ/cNeek8eB/CUyB3aFiKwkIdN7TtjL/QisAKu
568,hgurgfr@webnode.com,$2y$10$cmTfCl3peQ091a0fEANJZONTKkhQo84Q8iugDvGDl5wpMRwL9Qm06
569,handrolettifs@dell.com,$2y$10$sb.weEuQU4BHynL9Z8dZmul4hzdmzEFW6lcD1Y5k.e.R2k.5I/Vse
570,sbernettift@ask.com,$2y$10$SFbuBr8RpUcpQISn8A8f...LpLa.kuJXPcvyo10KvABIBJN7mnv3i
571,shardsonfu@stanford.edu,$2y$10$XJvcTb794etvIOJlqF/QseRgPDezr6bu4fJ.3OF4XVUsbzbd.8M2C
572,mcurtonfv@state.tx.us,$2y$10$yWjaWU9YLTY.tuYNegIMoOrYsLmQ5.vDg8tY2pGD3KcnGimccLCq.
573,zmawsonfw@friendfeed.com,$2y$10$Dd01ZuiurdwL.LWwOw8mw.Z5tcN.nQq/iX0wV0nhfAlepsEo/085i
574,mskoatefx@ehow.com,$2y$10$AVWaIeu0/hshWlVYAfH.UOpd5PzOzQyyv9lRCO5o4oYScZx5qtdii
575,hduffetfy@oracle.com,$2y$10$W8kDOwJTg1yna/bYpP3FEeqs1UurpTuTw0wNr/81jkZ0hrdA42ZTS
576,amartifz@printfriendly.com,$2y$10$Nvoa/98tJzqWv/f3zM881O7kyxM9V4X329UWkkGKzPMY8Z4RCaBXi
577,aroelofsg0@walmart.com,$2y$10$lfAZgeNu.B4Kfzk8dPaAPec0Q.RuZwLKYq5KEQlg47gEHfcEH5XCy
578,sducarneg1@trellian.com,$2y$10$UuVRizndfk1Q1JZTv0XNj.xZj3v9aZseMhH36FrEc2sX8jYOCrNoa
579,mklimasg2@taobao.com,$2y$10$HNJF78m3PID6P8L8Oy8k3e6YNwt1dlIqMeR0qFQXtmpevDXI8fydS
580,cmackling3@symantec.com,$2y$10$tYm55VqrCPxpNZ7ZvfLfzem6ar8AwXkHN.z9fTmXaphbiiGZnckve
581,agippg4@addthis.com,$2y$10$L8ooxq7fXWeKh3xWXiqz1.uq892woO2IGGERxsAKWMPCGNd4E.PX.
582,nmachong5@naver.com,$2y$10$qsUnT.4Hzg7HlGWj2XA5SuXoq8Xu2YDhtuNNfEUwz0N2kMVmWfB5y
583,kshakesbyg6@fastcompany.com,$2y$10$zwF/yzbXpuqclPDnCgA7.uFp/OI9NTQYOEvu/NnLJhaVfE4.O62uG
584,sdobbleg7@lycos.com,$2y$10$N1gYz.TtcUYbjh0xdGC0rerNp03LnduzOp0eXHDtPT2u6W/ATO3mi
585,bchristofolg8@seesaa.net,$2y$10$8YUf6s1/RUwPD0sT.3aP8e68KWkAmS/oO76cepXQMgnUG0PoogjmW
586,nnovakg9@rambler.ru,$2y$10$5nU4i1yeuifhjXm.PewfAuWr5twUGgoE8/Qn8y5hv8dCiTtMbYRya
587,jvasyuchovga@sbwire.com,$2y$10$/kaPTJWGL6hBas.u2W/1xeq1iHyROEVjAE2vg./HcuFp69xXehEbm
588,drussegb@miibeian.gov.cn,$2y$10$lcyyoUijtExniSkCySHjOesh9FvhELfwszxDFW8TUiwPVjrozzmBi
589,gpalombagc@cnn.com,$2y$10$wKk2t.Hbil3cCKpnmt9uZ.V/5.qEojSCC8SEv13Tzb.mTP841Gl7W
590,meytelgd@devhub.com,$2y$10$mTlM55pYImYwd8CdpOe2q.iC3ipjsuJ7w7EqHsPjX7mOZpQk2wGjW
591,mnettlesge@reference.com,$2y$10$k5jFOOgsOW52z/UIS0h3cO9UUMrb1FM1uFj/sThlQRx4SaOona8LC
592,cquiddihygf@cbsnews.com,$2y$10$rZ6UE9UBn2rfn.IwUQrD6.miD4Zbwkhb1C6ZqvBxIfQd6rZ0qVkt2
593,gtordoffgg@reuters.com,$2y$10$0zRjFqOAZP4n24a/a86iDe6IlmSxU.I4g.10lIi3CUq9z78ypldfu
594,hhorsellgh@bloglines.com,$2y$10$hr6yNxTAaiIEswRXoUbXYOE61GOItQ.VitZWEOXBnCIJsfjqJGFWK
595,bewartgi@issuu.com,$2y$10$TTYnQjN9hy43yD/aTCFR1uKop4B/tFN.gTq4Qi6NLFOAG7fu4LR.C
596,koosthoutdevreegj@unc.edu,$2y$10$LPEzP1YXJfa1p9TaE.crI.43UvW7h0JjJ7w696bj0Q/oNGrkg8dmm
597,ipunchergk@fema.gov,$2y$10$RXjvbM4d9y.z9np9dyWHv.2yGYT8B9saFjTnxUuHE/j/KCemiLfvG
598,jpesslergl@1und1.de,$2y$10$qnQB/Ta6V91nRaNqcd4EmO0GV/Irn2yzKs1Dq/j0sfaxzVdYaLIa2
599,ldykegm@joomla.org,$2y$10$OuwIHiS12CFm9Eg1yZh9h.39aqRukZz/hVpeRiR4KQVjxIFJoQHUq
600,lskaifegn@quantcast.com,$2y$10$YAw77PROAqstmG35f//59eDxJtRnCUssPoKyyNOHzH5xSNHDjFlJu
601,jastallgo@1und1.de,$2y$10$fgXcNZzUUjPEZq8Beh/B4OATG1pMngORi6xk4ZkVLcpXBxZiG4.GO
602,amohungp@telegraph.co.uk,$2y$10$xIHFyXs1DrkNoTILF.it4uh3SRt3Qp9yZQEE4R37u.eT0xZfT/WLK
603,asobtkagq@bloglovin.com,$2y$10$THBIa6K.47AHKrm7167deOGrrdvrQXdWS8aV51nphiczRK2gSQIgW
604,astoddgr@dell.com,$2y$10$1S8OLVdr7FJJxpMPJryDou/kYy3Zo0FBcge8U3eB.TtAZ6P5GHyFy
605,sstrattangs@ebay.com,$2y$10$zMHnUpGMrzarU43nv0p8iOOg5UX72/zd5I6mp1J2An2R1LNapRFfm
606,emcgeechangt@blogs.com,$2y$10$ug2cVhYAQ.YWHnkG8ibrb.RfEl4ynhcTKFaQuw7kvPSQO8E2OFx5O
607,dhartfleetgu@behance.net,$2y$10$xBWYTHZXLdBOBUugxD8cSOcaDq23FvsEXbV9U.s2o4HsDL/ELEBb2
608,nrackgv@plala.or.jp,$2y$10$UTNCWaiSORH3f8yryHeIm.puYRqb8WZFUHaQD2PAFXgoXKOaaK27i
609,agumbrellgw@blogger.com,$2y$10$pbYJRGbEy2HdnLpNH5xhzOlv7wYD9VhLU1KwG7u5k/3h75EZdwft6
610,ogilfethergx@pen.io,$2y$10$4xPjjhlxB.Qmv6olVpBU.u4By/Rj5syWd1r6O5eSJptTD1iXqCYu2
611,sclemmengy@nasa.gov,$2y$10$/IuYGx2NNJgAA/j7Gjdju.Mlp1fqodTJUI2svPoqOWAd8w6Tn4/uO
612,scaddgz@webnode.com,$2y$10$QQVojzEABBO//Qd.QwIPL.snWDoyDDCl/RAWDvLvtfQo/LNXvPBZi
613,dkarpovh0@booking.com,$2y$10$50w2fssbW4HxAC8MBbxMHuReuGhbr9YfeaXGNba1zWl0tUHq4JVeS
614,kdiganceh1@mashable.com,$2y$10$5rRKvVb6vYI1ajcpYAyNt.0FVtAaQbB2hsgFkpBwl3kJK4/qd1Rum
615,aruddyh2@comsenz.com,$2y$10$ljN7B3TVR4FfuHuKrbDqbeDGTRA2BOGG2NGRZxl9IdUbbTHFrEZBm
616,gharvatth3@addthis.com,$2y$10$.yL4zrOMi/DoVFJJeWE3qOzKHkxXhMGZdfmE3iirFjcnF8xxBurge
617,jokaneh4@whitehouse.gov,$2y$10$kTKIgxc7evdmXoBNNu6GJui4/WbIl6X1XILpsfXXGOgLc4ZDXkJyS
618,ptruinh5@ezinearticles.com,$2y$10$yXPOn/b3MRgjLw4DsZ1bD.lP5qCT6rTjpIL0reFDOgY/XhgJ3a/XW
619,jbenfieldh6@bandcamp.com,$2y$10$oJBfWNHF8Dg05qQ8AkA15OUdf2PgULh/h.c/fk96URYf/uJTntO6G
620,amclaughlanh7@house.gov,$2y$10$Oat.UZypsWx2dl0wEUB5ju5jhF7Aihodik.RmODrK0tKYDYVXYNni
621,chanfordh8@nifty.com,$2y$10$Uj7IrnFus4hMBZqwMzyIjefSHQoBiA2kpkUNePJu7MvMyhEuiLNri
622,jiltchevh9@feedburner.com,$2y$10$EzYXliHIVLGcNmc2Ev37yeHPCsln3u1hb5aUwRNzB3wIMRS12qIuy
623,gmckinnaha@surveymonkey.com,$2y$10$gQSAJXDq5vZKW6b/nqVRy.5RRmAU1/XQ2JJQDK6Cqoz0hO1.npKtC
624,erichfieldhb@bloomberg.com,$2y$10$6knI//.f9.MHWhKAMfASFuZVCy2uJf65WbZw5SQ/lCMdqcopBx8sa
625,skasherhc@cnbc.com,$2y$10$sPHvb7wFRGMSLele04vMB.5qzBOcoQGc0adrnqCBcxscmeorLD9Du
626,mroylhd@thetimes.co.uk,$2y$10$VvKDcpqhY4KJnPrxLEE8f.9Ey84l4pyJJU2ff101GsP0hlbH9u1GW
627,minnotthe@economist.com,$2y$10$/dHdSmeYpZ9xSeYqSdUU3uiElSR.rzIHg200J6p4FNdDFoc9stmKG
628,cbavinhf@newsvine.com,$2y$10$64hu/SZCLKN26TCBxYYMXek3aRUm5mwgMefQPj759HuaUxSZXPc0W
629,ldambrosihg@marketwatch.com,$2y$10$rHv1L4/eoLWvenbfZ0N30eiwelOtwLjJNxwrth5yyu8MlpPOjaNv6
630,tbarhemshh@state.tx.us,$2y$10$QuR7bOPAR55smamtI4Ka3.n8NZQYFoCzK/1CCAhqfwRTHrjO.kUai
631,thenrychhi@deviantart.com,$2y$10$s105HtweJIk1j7UDBBCnk.LDBxibTZneEj7SK4HHu8WsZNFl0UO9S
632,ldantonihj@europa.eu,$2y$10$JHgYXVXYf/ImC21iij13b.y4FwJef9I3MhlZl1sSyUvBg4yp0RlSu
633,mmuffitthk@newyorker.com,$2y$10$cc4GiZM6IQeNVJx3VMSz3uftZgpF8rj31hM9sGIkOi5hTJbdY1Rnu
634,lbellerbyhl@bluehost.com,$2y$10$atE0/mwTY9fhDxB.oK1Yk.EEU3Y/Vf9D6vyrz4wOWMxwK8mhu5/MO
635,fbiddlestonhm@omniture.com,$2y$10$PD4OmvJcIFJXOPvIIEx7POvs.WyVjlRyL1r4TSSo/txP/nY/oiV3O
636,kdarellhn@google.com,$2y$10$.kNYKTMSwsm3.IivLQysU.t.B4sYRbZpjBIAkPhXSVstVq6rylcei
637,trhodefho@globo.com,$2y$10$RRtVTSrANjJPylJWnEsAfe5.PPitAshq6ch9VLnNu5yDevHA2OhGu
638,pnunnerleyhp@opensource.org,$2y$10$/WAh9VvKzj.TU4f4GWymCO5H.eHK8KXC6vSWYWZgHhDIf81wWz/0W
639,jwhyatthq@acquirethisname.com,$2y$10$VCs8sjvVg1VWlb3DWJy82.y.FMvamjjM2JCoM.7IQtUtawJ38VJXa
640,mmcgonaglehr@gmpg.org,$2y$10$x.tB5.sEjaYopc4C2PAOfese7sKxYOT0xhB6ogqaDW7E41Ds9GVEG
641,ffolkeshs@elegantthemes.com,$2y$10$UXPv4KqhDQILpH6Ol/Rcl.gHE2mhbr9TywqspUsHi5VWY.g/ORp9q
642,dnaniht@epa.gov,$2y$10$gwKO73OO7/X9LkzBeivVSuMxGbyXPbla.4z6900Hh3mvCF545Rqgy
643,sblaskehu@latimes.com,$2y$10$p9fgWCcNXBSDEx0rRZauGuTEYqtjt5b75RXfcWvWBNLiZ35XU7MwG
644,ndreigherhv@oaic.gov.au,$2y$10$xEjWj/Yxm4nrDeeieDdEreUR8N1RV487zpmvSotXwtHVxIY8xKqF.
645,bcawthryhw@imgur.com,$2y$10$jrQpnIbYLS7/6PQWLjEuf.2QC0TsNuHk7xYBlHyu40CPUDlvxpYZq
646,wlesurfhx@163.com,$2y$10$HRW3MCjdCzFEZcuhbk5SregJ0yI4uaUTOewV2/UZxt7Oc2llGW1X6
647,tpeasemanhy@wikipedia.org,$2y$10$7QG.cH/n.K1W9BfOH7JzNeZW4vhqQSCwe3BhzLtPH1E5Ba4lEqlQ.
648,pmazellahz@blinklist.com,$2y$10$6bgLCDhoB52l21nILJJXNeq/2edwC.UcfAnDFdAJZUYW0gY0wvCwK
649,eeiversi0@shareasale.com,$2y$10$wLQ9WHUT8If5fWNW4Ibm2.5jMEG04lXVZRhbXa/uJvZYMLBIQKUzq
650,gkunerti1@instagram.com,$2y$10$LYBAZR.DgBdKq9o3YzE7jOwQzye3TNqRkrRb.3ipBXzsg6XISBG/m
651,mkidneri2@dailymail.co.uk,$2y$10$/iCHNNtxB9JMZcHytL6irecpLCtay99Bpv7uJHdcBl9RBmdi00DUa
652,pdefreynei3@youku.com,$2y$10$Z/TQVh7Q42LbgwaXRKLC3OEQceOhnkpR07CTUKBQ4Jx1ThtQYZvOW
653,kjereatti4@army.mil,$2y$10$w35RJ4cCm6Fpp0Im8h7mueAqSuSdjlbLYHhl/lE8Yg0x2uHZkTGtG
654,sandrei5@prweb.com,$2y$10$lRFbEi6ekJywC2zV.WHOAOrUhIGVWEYZeeDAYV5Sa2eW5lL7aFjca
655,lmanderi6@skype.com,$2y$10$emt1IoJ4VSx5OmlPtC68Q.Ra8NUpRe4itGbpyBoeXmQcyysVF7lfG
656,amassenhovei7@yandex.ru,$2y$10$p/8bnA6LB6CpYrYqrT/6pe5miLoExUrEqO2HLFp6zDTEKqU83c076
657,gfinlatori8@marketwatch.com,$2y$10$hChFnPYxbnSsu1VkiUXgdOPswunYnyVVPXttucSnI3fce8yOV2Dqq
658,rvannuccinii9@kickstarter.com,$2y$10$z5f9B7ixDNGBVJxkszylFu/RUa.M8FKwaGUyIYrpHLUdID.nO6jK.
659,mmahargia@yandex.ru,$2y$10$D3OBQAP1jfnbDsNMaepHWOoXK1hUpxLUxm7WOavEDYSjEKTQv5LPK
660,gburthib@amazon.co.jp,$2y$10$tWeksM85Ljfs2CsTfr9PAOXk8Qk5XowA1Lw.6ZlCFeXkf5O1zNUdq
661,lgiffardic@cbc.ca,$2y$10$mvTScysqJbzsKjBcBKhYOuKvlnlsEXdud8iWYUBtToP9AnYqJ7xH.
662,pmckewid@lulu.com,$2y$10$54nKz9yUh0G83Yf//vwHuO.iUh7Bpjsh65PzfNErCU/Tvr52a47rS
663,tsherrattie@seesaa.net,$2y$10$2iuVmK3Qm6Z4gqyw7l8DDO7V/yAtRGPAs4CD0J8d.NTRbOgBibH5e
664,jtarboxif@omniture.com,$2y$10$TYFEhaEcShCvCvwZUsO1DeqONSwqiqdJkvLFH18wMsmfJpkBO7YbO
665,ecodnerig@sciencedirect.com,$2y$10$3PoTsupwJgMfZ6XSojxmluJjfjN38EBcPowysl5fMQd2./TFg4q7i
666,rclaisseih@desdev.cn,$2y$10$kWUI4RSi53.Tov8pL56cPuoMyzNkcMGxrgxqvwIXW6g.EPcLgC3GG
667,rmcnirlanii@theatlantic.com,$2y$10$ra3QGlrDMPobBQKwHhhxjObvIbYIKDd8xCfhelAFGxiqhzsnYmBE6
668,mbutterworthij@acquirethisname.com,$2y$10$0t8k6hlIRYLHyTXYYycZi.8gLg7j9Lpa3eOSMl7UyY4rZT/dx4Xju
669,bvankinik@gov.uk,$2y$10$Z1NGelTZF1hpXFY63s7mbeZpkKUgUZzLj5kIWAyluR/wZDa/9jqJq
670,aredpathil@gnu.org,$2y$10$LknELxDfz6fmyC7AXWmdKeeRH2bCKVqifcLzwKksbCvpYO2pBsSr.
671,cpumfreyim@booking.com,$2y$10$nfyXQyOtFRCRi8c/eCJ44OEjq5ZS1tJOjUm.kjjFgtgrlufifWGfe
672,mweinsin@canalblog.com,$2y$10$gSeb3AvZ4cyMbd/TyjeFq.uRligiO3Boq1soR4TeSPTf7zKPpSIGW
673,cdaouseio@theguardian.com,$2y$10$3rYhsAqqXXMYDn1XFeoK8OLyM2YLibVbbe.9MJvMmoMrCelUSb2qu
674,mlawlingip@discovery.com,$2y$10$62RJWD.aaEmhgKB6uqOtHuLoceO.5VNL4H1592S99h3S/T3wkz4je
675,zsimounetiq@cbsnews.com,$2y$10$7EL03gGcW0MKDEdpxiqqO.VT.2gdKTfcvkRoKJFabvYn6hYB6uy.y
676,klittlecoteir@rakuten.co.jp,$2y$10$nptYIQZ5iLZ65I2kQv3Wme6nwIy.TPoUZxDd32yZ2s9Pv/aICe.8i
677,amartijnis@opera.com,$2y$10$pSW8pBvzM1klgnQBMlOWdu2elpju5VsVHDyo5m8UtNQ4acEM4AO3K
678,sgyppsit@hubpages.com,$2y$10$1Gz51MUf3wnrmN.cuO9ueui.KBbWgB7Op/lgICFzeYVfiUbEazLue
679,sdoerrlingiu@cyberchimps.com,$2y$10$fDiWgwbvOcrp36QQRsPinew3E6ExmLiq7hiQjU8CbFJArLdYTfERq
680,ldeddumiv@youtube.com,$2y$10$GVQkWXzUDGw8Ofesfu5oAebVNr2ybPijChqGVbukrFKmLsa.5kFrm
681,ddekeepiw@bbb.org,$2y$10$euSmTvc6JovGvAcakpdENO3vMIYzECZlLC2u/uW9EmMdtcjW/Rgma
682,trusselix@goo.ne.jp,$2y$10$WXr.wb8muZ9HdXiWAA/BHu1satWRiGFnTnMCy.lVBICplS3Vg7Ke2
683,emaddisoniy@thetimes.co.uk,$2y$10$NXVBve0NHc5nVoTMmR/UTeos1S/tCZDIgjjMvvAYWcqZf4t7CK8/a
684,dmcdugaliz@paypal.com,$2y$10$DargpFDAselwV9aY0WL./ulmM1WE3WVUmS3G5IqgwYqBATiLPbuP.
685,hridgersj0@1688.com,$2y$10$A0eqVWbm2844uwMhJgefJefiC4QYqTsDN4lFnQqL7iy1uXIM/1cKW
686,bhanhamj1@wikispaces.com,$2y$10$d8IQCTI38w9bXABxTJczmeFoLSUeuMO2sR1oB7P53jl/Jv2DEwJPa
687,mcolkettj2@tuttocitta.it,$2y$10$3pistANibTyyWdBeUj9MKO0ygDrcPDVKN8uf4QlgJwkbHf/H1nL92
688,bpegdenj3@biglobe.ne.jp,$2y$10$3Q2QzStzl2Hm2kRxZibPOu2kHJT3QiMZVqztyM2jS6WN62GjjdSUO
689,tcasellij4@desdev.cn,$2y$10$0Zrt3iOj2IutirZDlu0nruZuwSqLarI.xOIs0HW4oWazZIPMr4OiO
690,jmaciejakj5@berkeley.edu,$2y$10$6E0B.AYmexq6m6O/juOZZuSypmvJeaU1Go2UeXFs71XbV3b6hS402
691,plexaj6@google.ru,$2y$10$AaTt9Sf4VF8p99uiT/rM1eLQklxg4Oo2YW7gVe7ePxGmJxvONxXUq
692,vboswardj7@digg.com,$2y$10$pYHKLT.xyM0JQbmEoXrmXOwzEj/0aUnYjI2k3mdSa.wm.gEYj7/NW
693,jflatleyj8@jiathis.com,$2y$10$zFDjs4V0RthbSsSdHxhF2eRgwubtk2Zk.3vc8Lr2D1FhHn6PN8aZW
694,prichardsonj9@nbcnews.com,$2y$10$pK1XmHQ5C/VKoMqJJdfkx.cS8VoymkCiaaSekFQzGxtyebzDWWFhW
695,jmaddisonja@marketwatch.com,$2y$10$MLz/8RxdLClP5y4fhj.kNu6/KflWbM4Qf8IcC./inKth8FyuA0jN.
696,hannottjb@youku.com,$2y$10$rlRWj9RmIEj1ArBnnrL3huB9ooU5OJCJ.TpyDGcgcQZhtYV1fb6om
697,mtownsendjc@usa.gov,$2y$10$.JbaEvGOXWI.Bl2c5GKgUuwpW55C93us0xrf.J0sSUxq9fehiU4/2
698,mbennedsenjd@nifty.com,$2y$10$4LR/MmbSafHPyLdCvn83VOCUpjTns/QnYbI3qzbokjePl0uJ6k8X.
699,ggrassettje@oaic.gov.au,$2y$10$4iaTpp1poL8uARzeUiwABONPZgTioGLAhFkbZF/tc4fNuoVAti/i2
700,yjirsajf@webnode.com,$2y$10$UGHA3DC5fJaaWkcrtwYPU.7akG/O9m.E6dDwoWhiW5t.WkWXEdTs2
701,kescotjg@goo.gl,$2y$10$j/VbQ7rrTpL3M8kXfAUj1OJYfHujeSAMoPbWmz.hLBrOezHqPApkC
702,djoanicjh@nsw.gov.au,$2y$10$/0PHE3z.feFuiOP/6KkYrOAlDLWiDkpgMxVFGELmQ//Y1WOrxeE66
703,tshriveji@reuters.com,$2y$10$AXkGLavcmu0vy.wfjH/QweDv7W6...B0/o.C1mmw38BZBHHZ5fUcu
704,faizicjj@goodreads.com,$2y$10$GVzR8lHejyYUYc3VRScIT.CgMotiwSOol8suxemJ2wmpGMCDrvA0W
705,vadvanijk@harvard.edu,$2y$10$nPq1GCdeBUFYyt8te2bR7uJl2bm4buSdX4H7Uh4Ziq6bM96.aKwq2
706,sklimptjl@bbb.org,$2y$10$ILnEJhIgljm8nnP4/8mNzO9zbLfgWgltsRL4zryn.pNtRINP0Ik5q
707,ageggusjm@google.es,$2y$10$Llp6e9wFYWYF5cryzVDOXOaVtVPNVdIiLDFzPsjDK5jjzlMpwB.LC
708,rsegebrechtjn@purevolume.com,$2y$10$IRuAWCMIUh3ie9qDazLkXuIXFmzdP75dtufi.WCYFvzTgEXa4AbUG
709,dtapscottjo@printfriendly.com,$2y$10$454Sx60JP88NMAFFIRT/uOzT6/WvZ9nCEK9.lAslFYevj1F8spRMa
710,jduttonjp@auda.org.au,$2y$10$k/SpBSI7JxnDc8freWqsc.UE8U9HNc5PoBVCCOHoDSHZA4RKhaFb6
711,gbaylejq@multiply.com,$2y$10$NI4xexR4kDCtbchlH5k6xOxqwp7L.deQuxm34hniBFSWA/FOKvBZa
712,kleightonjr@quantcast.com,$2y$10$NQOcLTWv2gMLjrW1SPBuGOgAYe8hlOYEsr7xRt41Q.vS7kvkBAGDK
713,jspikeingsjs@quantcast.com,$2y$10$kf5BkswPosmIbXbyBNuy9uzxzRlrUabgiFtah1lu0UBXt8K7lPJLu
714,khowiesonjt@exblog.jp,$2y$10$0PMYbr9B1YBhnaIX.zeJA.XoC.UbVB3yXTN5dFpsue6aA6taPXuHu
715,amattiuzziju@intel.com,$2y$10$.IlWPjuwQPf2yX4stPnbvu6v895fwj3IKHq0PYTqENCacgFf1VevO
716,bapplebyjv@reference.com,$2y$10$C4gSax2.1zo9Yv01QAez8eTxPZaZVr0vdrx10NljboZDsXTvy6AAq
717,dpallatinajw@google.ca,$2y$10$mby9vMLVpnrFTakd7wv2rOq.n5sJoZyYSMF7Q59BGJxv2M1jWDhiO
718,ktwelljx@lulu.com,$2y$10$EhInXmoaAg1QGKs.AoyEluLVYL2ItlKoXp0hbnAZINX2umcZcxiFm
719,sfairlamjy@ed.gov,$2y$10$YW8fDyy/2MT41/wOdv7UT.5mr2UCGxRhqX4rJpF0fy9MmZd6iNi..
720,tbankhurstjz@cornell.edu,$2y$10$5b8c9B8dG0swxwNxMkbq8.K/HaLuUJe2PewFeW6BbYtBkl1GNOaoC
721,ceastupk0@51.la,$2y$10$KD8Wi.9OhumJX.Vt83iiJewNF/ftExZZ6vAeyojWJ.RH2OUnTyulm
722,jcopok1@dailymotion.com,$2y$10$7l3BNfZKOTlptjxhwxB3NOQP8pdPLhrnPmMXt.zh0j9xCr4GkL5qi
723,skarolowskik2@ycombinator.com,$2y$10$rosX7Mfx4YSmW4DzrETCZO6vmw0IrT1L6GXDlMcRrPMAOT.I4Pr52
724,mblondenk3@phpbb.com,$2y$10$daHPeMTx3b9DVo4nY8vVYuclDFcokQtdU0xNi19qWSii5wkqLr1Ha
725,ccolliardk4@wikipedia.org,$2y$10$jfxwmpibiqQ/GOXgM/BZAOMCOOJPa7yu.Xz3DOKCS.ivV6E59OLOW
726,htittk5@yahoo.com,$2y$10$7tDVHb1RMxmd9CjJPxL9veX1xv1gfadL6GKJltaYMRuPGaP.u.E7i
727,wbealsk6@com.com,$2y$10$Q02DnPdGnQZNK37IG1zSQeF2sJObp/J3eR9BK8nLP.UDlntmb6ptG
728,rdemetrk7@cyberchimps.com,$2y$10$UT4AXteG0qvTe7EP7kMJxOIlHF4YSvKziU4ZX8o1NyuChf4VDBmDm
729,nludyek8@cloudflare.com,$2y$10$FG28anXh0V29oJEr4jOSZe3bjtj9v1NRrlxybC0G7sP2Dhu6i5N1.
730,dalyonovk9@ebay.com,$2y$10$yQStPbu.gPbmauMVofSukuzsxYS2ONIkrgx0i1VYKbIedAm03xAZW
731,kbolesmaka@examiner.com,$2y$10$40IM.9LDpE/tEI.nmOpx3u.rH7Nmg58HrJi1euUHAjToKKZKOEZdq
732,crushforthkb@chronoengine.com,$2y$10$.H/clsJW8oB8PjGg./pKjuklRjaj2wXqWfm89RFY833vyhxcT5cP.
733,mchopinkc@un.org,$2y$10$CVAglYCIYMmCfiq4/t1F4OEDWm81u.YhT.OU3Nb7QbhwV.pBNcez2
734,yhuffkd@cdc.gov,$2y$10$X8hK6mPSSSn6N2DhR4Lw.ub8Aj.dKEKAnJ6L87yUpmggVXwfeR3n6
735,mmcdowallke@arstechnica.com,$2y$10$VpH5pcXWYwa1XJ9Sfw7iEujLpdW4R6CvuQUCsVdqKLMbhVS7sqJFS
736,fisakovkf@gravatar.com,$2y$10$AwrWtUKXNSYI5XkQmmpGD.diJvrwfGDbCOG2QR9ktGTdRfP6pCXl2
737,ndemageardkg@home.pl,$2y$10$A6sX5.VxyRcX6odZYM9UhOwwgkhT1CU5HipXX5.lvYOXhcFzGCfqK
738,dfeldonkh@jalbum.net,$2y$10$8hsH5LhhwtXMYx.z2OTU/eUox1QPVJTJBzNl/lC4KIBF/pns8YNWq
739,nmajuryki@wikipedia.org,$2y$10$Mj9iFGnqwRPNcMSpHqEvSeyCuE/sdAxvZSODEYOgj1S49NvUjG3ia
740,ppuigkj@zimbio.com,$2y$10$wcnTy/7oZ0D1IiVUik/6VeOF55N3NwIiw0UpvhVgGCKNXjSoMBHKa
741,kweirkk@hugedomains.com,$2y$10$bBil0z/zHB/MeT7LkWg7I.KCZ1pWrpnoNJ95rMnQU85Tv9QWhNZ76
742,mnewtonkl@flickr.com,$2y$10$YYJwH.Sj/EEOxv1bWuEFpuasRRjxqkUYFoB14eMQGPsRXkJbhHaoW
743,eforsydekm@samsung.com,$2y$10$3.uXQ8nlO0pjGAjziO8DTOxZv8FMZTqF0RC8RBpeg.Mxks6pSS9yu
744,fbazeleykn@histats.com,$2y$10$LMhl7KMam5rfQ/WZ15emLe4s/qfpG5hGL2d/FgcLeWI2RbRG5Dffu
745,wkunatko@mtv.com,$2y$10$TnTW0g..ZscHPQzuq2BXMubIeEFv3Tf02B8yecqtaOAUavDFWTzlK
746,jparadycekp@dell.com,$2y$10$2M2nsyyAVb0P5Uj7Ex0wAeY/i7f7rcFuTxSGfaQsUL9irqEk3V10W
747,pfarneykq@uiuc.edu,$2y$10$TeUZZgLOZvbEuMsFoWYau.BfIiCYx.XPi4i7fYjEaFlY06zddZBfK
748,vbaxstarekr@gov.uk,$2y$10$YluMrhxOTwKSeHUbEk9ziOQuI3ZPbNMqzv/1fYzSTW6q/mw.BCjvm
749,haxworthyks@irs.gov,$2y$10$LP4HXIBsJDs8xB8CRKNpQeZ7H8Et.px6EpvmeCpZ8J2OrGgaLODyG
750,khudghtonkt@liveinternet.ru,$2y$10$Sc00607rciDz/NCPmji4aOeTWyyi2Wn.Kc9JEcHxnmnAl5axPOm.q
751,dcassleyku@wp.com,$2y$10$ijKvV5PoBFXa.Z1ky4A7FOvunIuQrXg5diFdapVMNPwXZkhdqoNpS
752,mrouthkv@techcrunch.com,$2y$10$bMfJbzA35uY7pPT7McG/bu..LB/2QS8k5aoI15go.ET0toWc75cTG
753,awoodcraftkw@mozilla.org,$2y$10$iX9MA1SSU6ctA8fElC3k2eu1AhVKyNXDE3NuM.TFg7LU0LXW3yWlm
754,tbulgenkx@printfriendly.com,$2y$10$sdqCeoOXaFDgJIMo1gbZnOHB6W4hyrv3tiZwgR60oQi.lUFExEqpm
755,ajanochky@weather.com,$2y$10$NrCpovnOLpJJiXa8xPF/TeczyjeUM95hG50g50oNrtGNfkAPS8nFK
756,lcurucliskz@dot.gov,$2y$10$iLDninzEUBqkCTdmZ67oI.ykoT6NVj80Iuo4/rqyfRnqubtJGvzie
757,dussherl0@canalblog.com,$2y$10$kb8WBALkoEEUtkapPkBqXODAImNNWCCbPqSbqN26U3S8KaCs01cCW
758,aleatherl1@hud.gov,$2y$10$zSce1Hn4hOdM.tPOcTstqO7igEzamMr8WxeGcqjveFmaz11KcWRBG
759,nphillippsl2@squarespace.com,$2y$10$qZT.CGKd5Z2wR/yWqCTRzOUGA5y4QVR619KdJ7dD148x855sBgJ1q
760,jgirodonl3@tamu.edu,$2y$10$ryH3FXxePS4toSI9YZ.lm.w7u6cZpw2LtkpREa3LJQMvMHOp68Tci
761,ebenglel4@mtv.com,$2y$10$YIbt/Be1WK27P9Dyrx/N.O34yrQe1rjGOvbtZaPy11qBqkY73KfgG
762,abarttruml5@wordpress.org,$2y$10$evVO0rUC1OUY4.7s8QNs2eQl0NCu66DuJYSARhLJte1Ccf/oJUCt2
763,mwalesal6@rediff.com,$2y$10$.vmCjXBv6OSq80Ekgjz5xujq9Ul1QGOQMhyH0hWktK8XoLRFhbySu
764,nworsfieldl7@psu.edu,$2y$10$jrn0F5kHWm/O01sc2DrmYOV/9UPhv7VkafjND3w0kHsxYLOHR4mx6
765,lfigginsl8@liveinternet.ru,$2y$10$WjHx.W8oZCM668bbRL1b3OyWCGCvnfeDFehS427cRNx/S9APJoKVS
766,hgrestel9@netscape.com,$2y$10$r0QCykgCdDJwdSG6TRPtKOZf/Gr1tbrGl.8DUqKNe0EsLZWz1Hr.6
767,dpfefflela@phoca.cz,$2y$10$pozoy.mdBR771oaaASzSZOdbhCNcPIVBORh9xIV0G4LG0fO.wYNJy
768,ychastneylb@smh.com.au,$2y$10$2OU6X6D5AcLvtx2Udvi2bOchrBCH50yY2./iuh9AKmykQIkDwH0Ie
769,iblackledgelc@phpbb.com,$2y$10$/gp9g3b4Ax1Kg9XzEmEqnuMC4nU6FJkba65uOGAZiwga9cyYsctee
770,lmeldrumld@blog.com,$2y$10$c39VR1h0nDVmqJto6yZ6ZeJ6sCp47pxasN6g6pyYzjY/MTRvSnjVq
771,ncleminsonle@yellowpages.com,$2y$10$WbaTFjbL3lcaYGm7BYcviOGYPUFBuZe0iST.ih4tAqIXls2sgJq92
772,adoswelllf@tripadvisor.com,$2y$10$9sqNOYpQpFq/gmbf4.6LhOOSIb.19sWZ/.cQYUmBguCM6imK9Nlq.
773,etocklg@biblegateway.com,$2y$10$nJs3y2nbPg4Mcj8U2Knl..A7O8uqkNeQH13ZTOD76DKORP7pj9FXi
774,cgeanelh@163.com,$2y$10$hHeLh0gCyanxumKk5mdl/eaozGRxOi9ezXW.mDPBxVH.pGyPNHBau
775,cveltenli@wisc.edu,$2y$10$QO8g4C2RzYDqybupXK7t2.91iMCAWzugLTNggZGimYgSWww3FO3pC
776,sjikyllslj@webs.com,$2y$10$jLMyfvoYlVmV8VXqff3ScOILkK.BhamMWWPd8DKk6okoBbLb/HxEq
777,ioconnollylk@jimdo.com,$2y$10$M86.2158FQwXViiHeGXbwen79t0mJdwp6JpTT2e.dhBK/XaCvAvbW
778,jsinsonll@lulu.com,$2y$10$vwqGPq054JkxujXhlHKFXeBV4y3yQNKJQT7k2zXr4C5g27ji2Jh8e
779,rshepherdsonlm@acquirethisname.com,$2y$10$RPb3qBacpYmX0vKTtVojeOqVIbC2NqJbZ1GsVw7/maMVxCbsXuCgm
780,inayerln@domainmarket.com,$2y$10$jgvX6tyVo4tCCUHA72EaceFhMLi/BvKBVq0XyVsXYea5/7ecP7Rau
781,cselleylo@forbes.com,$2y$10$LmrRCF3eL6LhIQuQefUdAuXv0.pC8frELosWFC/wOj5NU5Y3mWSaC
782,sminshalllp@blogs.com,$2y$10$3jRZzFiazUgPz3A52DMtBubDxhG4VOwVVNowHCyKwucuOky/6Jl4m
783,thostonlq@jimdo.com,$2y$10$9exGhJeB4cxwlOR//ykdN.pm5f7K5ZnmU91XWJJUnGaU4lU44A78.
784,ahousemanlr@fotki.com,$2y$10$w3Ruh4Eay8i1cmhKSS/5m.LKpB956xb9O6ka94Yw7qttzJCnBr3HS
785,lhaitliels@list-manage.com,$2y$10$x23TxsEyE8oYFhEl6pwXEeHBrNTWkE.N13xmjbWf/YunYWt6nDIAu
786,dabbottlt@prweb.com,$2y$10$Vm5vxktGHjE06g9ZHVTcTenGu92gjOE8njkMIdy/wCojAf.0Rl1CW
787,mbiggadykelu@si.edu,$2y$10$FAWJZKpSmdUdlqGV2I2xneKGSfll8Iv7LGygElsPQjSfBCiChlJoC
788,sboullerlv@walmart.com,$2y$10$X4RofnafzjcY9zrocTi3n.jshM9rpyvztRc1wVR/0.s73B9thl76i
789,zgeroldilw@businesswire.com,$2y$10$AuRENF3PQhIlHhL5cnccGuABWhbFMMiEVALN7PW7o2nUMZLKhcvVK
790,rleynaghlx@blogspot.com,$2y$10$8gJ5Y.XBjxRSdukr6rgbHOlE6NfG1iT4iyba6j3En8i30sdkDUCjC
791,mkingcottly@naver.com,$2y$10$f8fDIGKvigZODOY2smgYu.5ccd4p/XblAurPDbHGwPFuhWFE7.hFC
792,haskelllz@harvard.edu,$2y$10$YtJ6Gdy1Bviqd.xlM3//IeAEUpD5pgi.1Gc2jXUqC1fe2tDQLyfLq
793,credmilem0@facebook.com,$2y$10$hJqkFYVmG8MjVQWKrtNWyOYlpD2gwBGbKIxkYZdqVDhIgDPV/MOtO
794,gtregeam1@merriam-webster.com,$2y$10$cP0qmtspBNc9CL0ars3MwOThU/ShXF2rKj2wz.9otPzScsv3DIuUG
795,mpilpovicm2@indiatimes.com,$2y$10$mfmNxg5rVKz809a4BtyXCOwI.NZ0WceOatShq2e5GXubG/3wuBqWO
796,mlazenburym3@imageshack.us,$2y$10$fFtruy8cu.RVIMBXp.eswecfqg97EfJSV32pvRcY2ebPoh4wm79xC
797,gyukhninm4@google.it,$2y$10$HV1VTH1Xl.jCYP.uXOVgb.0iq7xgu4iKA6fdgvl3vIP.ZIRSG6inO
798,vmccoshm5@godaddy.com,$2y$10$0AQF0r03SvxjM7xTNfTN7OzQHeM73yTSBVrLO.sKx2zcahlwVJLAy
799,wmckellenm6@google.com,$2y$10$Dh0C8IwmL2G0XUofLFNvy.8l1EK1SqdlOeilNOXxR/tg5m4R37k8a
800,jpenhearowm7@apple.com,$2y$10$MfUFBQ4lLKBodnLdbpoc6e5rzCWfGWFQxiIr3mPxHTKQ4JUUO1jJ2
801,vcharlom8@pagesperso-orange.fr,$2y$10$ZKlv5xgtjcT4Em1TBs28PeYRN5QyS05AUaqFyB0xAUQSZbZnYf1DC
802,jshirilm9@elpais.com,$2y$10$DyhNpg/.6TD2e9FjVKFnW.8PIldRwePsQ6G3wwbvxp4j8To6XmLY.
803,cjodlowskima@opensource.org,$2y$10$Uhasxy.ePlV3w4hvdWInY.PJSM.1Y5OynMJGQT0O.p5XxhsETd57a
804,hferrettinimb@wordpress.com,$2y$10$u4o2QhKO1AdCUpyuCYCsW.KaXk/J6zCrZeaKXLRvgYbkCkAVQtm9G
805,lhartshornemc@people.com.cn,$2y$10$5mcwl8xYKQys.u3kCRRKnOahllLjZbFBDq1shODIdY3Jbbcsj7g6m
806,wcraufordmd@hexun.com,$2y$10$uuAKm635odpd.1y/Ws4Gt.7sLUsGDajno/lyXHTsEcTqYwKzB28Ia
807,dsweetenhamme@taobao.com,$2y$10$bpV8.mQtIcex0X7jfd0/De.P0/KBtuthtjwupVRQ45QxH9RvicS9C
808,cblanchemf@virginia.edu,$2y$10$ZsgnI9GeUqMU4yo5FxDhT.qZPY/OFqPhacL7fHslegpAdq1lOEgke
809,ehaglandmg@globo.com,$2y$10$RAt0rpqtdmT6eMPiGQpWwej8ArRJgn5aczqcS5hKnYxmSfTSTLc3W
810,edeschellemh@latimes.com,$2y$10$pVxMAs4FojlyQqV76.1wV.90wEgxtByAUg8kTCKe8Vipm1imjYJsC
811,apocockmi@oakley.com,$2y$10$fV9Vvq6PkEf/NMZlvDRLR.s56PzLOEdzHUms6/Xf3eagIUt2mCoYC
812,arohlfsmj@walmart.com,$2y$10$fxJ4IRsm1jdUDhGC1uH0.Otv1IjAeJ7uVSenFUYcKvN14hUDTX.YW
813,kmalyjmk@washingtonpost.com,$2y$10$kVVQTKWO4R3uSk44YIc/Cej0nd5G1XhyE0P6aD4rfr7hVBK3ouB5K
814,mmonkhouseml@gov.uk,$2y$10$OJwRC1qE5AeM7n43t67aTens35UkEgmKL1XNiGWNGT5DEKoyjNvZK
815,msherredmm@is.gd,$2y$10$qMiX6GAIq4C0wRWQh7lyN.eDGMJ9gzpAKMtJWdyPuj6vX.G2r/zT6
816,kgariemn@macromedia.com,$2y$10$JNiVML8hOQH4bena/HZMhexPZzF9c9DY7cCH8ZBSsfREgnKQb4Bgq
817,tstarmontmo@gravatar.com,$2y$10$RDgZP6u6JmoTrDD/MV802OWAEN3AG11P5IXzCawjpOi7bTrhlNyBO
818,olallymp@army.mil,$2y$10$k5e4NKoKZO1RPjjJF9h9Y.qfGAr9zOx.sOpsezXCgxn28BlsLo992
819,mschulkinsmq@vinaora.com,$2y$10$lwN85s5nX4p.H1/K5a423uTQrRyuc08Mz6VL0dMRmoyJ1Lw1iMD/W
820,aendersbymr@hostgator.com,$2y$10$wVpqRZHXyX96vw3Q/DdzReJAsvbyPmofIRjU.DPBivsQCoz3H40wO
821,lstaningms@msu.edu,$2y$10$r62R14wWzSXHi69YduflROB59h1xUVF0DwxbtXE0Q6JDPMXHyQGNC
822,llapthornemt@photobucket.com,$2y$10$UIPt5i0ouAoopNJK.YerveRyK4VnY1hiBJ71M0aHD6eYW39uuItX2
823,flivingstonemu@usatoday.com,$2y$10$DJRepAfZnks8fVsdgzlD2uUeVghAPBr9qg7qeAnfsgFttMK2mTkye
824,scurreenmv@naver.com,$2y$10$CFqFCRAyyFrnYOCa3g1CEe2HT3AIlSD9n3ru50TJBOqutqpNOWpkK
825,bmcquodemw@g.co,$2y$10$gg.WkcKXXPmAsM.VSxO6EuMwwqaTEjUy8BoUUMUS9y94vDrvnaxfe
826,swestovermx@marketwatch.com,$2y$10$xGFmfTmmTSAk6hmcnJFxCu.uMYV52rnXa1acZUvgJk1WoonCqvF7u
827,bdimitrioumy@sciencedirect.com,$2y$10$CXn2hY.Peovjos1db8SdOuEGBmWopjFnHhBwwOPV9HEICjYQReT3a
828,ryeudemz@storify.com,$2y$10$ObGwKvX66TJAkIyGXd1Ymu1l0DtEeOXbrwHYal4UX5pD04rqZr2sW
829,akurthn0@wunderground.com,$2y$10$N4XkzZYaL51emTKQp3lHxu5fNBNU/VONm/KqWxmraSVbUneZ9wE4C
830,rpelmann1@skype.com,$2y$10$/7PLY14leWQsorxM4I5CxO8rS8JGXWlSCfzUHv5ip8/lHFt18aT.i
831,zdenialn2@360.cn,$2y$10$1zEBDl9Uk/XH8ybnl6YKt.lI4XAnl.6OHiiTYOqqcV5yGaCFjpf5q
832,bpodmoren3@pcworld.com,$2y$10$nIvsaE37DQOiGBNgCWyYEO/1lGUmzbrURCqmaWbtweIgvNyEU4jym
833,rhiomn4@networksolutions.com,$2y$10$R3iSLyE4Nzc80U4ygrZ3PeJnImYlThHnqhgETCMo6s/vuVfbFc/J6
834,cmclanachann5@sogou.com,$2y$10$GiJ73mLfIdxQi07bOOwGGO8uhO6CwPzFb3Z0bWfl2XAmSCsWU3TpC
835,pbartosiakn6@163.com,$2y$10$vXrA023eBiXosdGTBGePkejcYuIC284bl1Emf3AFHJP2t2JT/laoK
836,nverheijdenn7@washingtonpost.com,$2y$10$7aY6Ix8Zas.ppk5uGE0GZeeCJDrjupvpIUu0j685Y9eCpyjHd5mZi
837,akernleyn8@cnbc.com,$2y$10$zyPvl8sXRt9TJfwse.Cw3.9/Bm73KEGh4QuK80xeThv4AnjkFdrWm
838,cpaintern9@sun.com,$2y$10$qaqyv/2I/jcMTnF8oTrLbOFn9.Dw7KgtNt1LPC716N/btz3fYi5Oy
839,owildborena@spiegel.de,$2y$10$Wlf0Ps8/YTCmTjaF4D8eEOBLYMoxyIAeFVNxlvV4TGEgktwgEPcsS
840,vattfieldnb@mediafire.com,$2y$10$RjpOdFdJEH4.ehkwfIcKf.xNrvrB0aQQzuIBCFytWbJWjln7Q7Ql2
841,tleyshonnc@army.mil,$2y$10$zmldW62VNQgE1Eedqu.dCONCs2At7eImhBFk5SxET6psIiLV/0eLu
842,csokillnd@loc.gov,$2y$10$vxOkmIf.64vRWuMD2rcO/uXUN6mDUy/o/00bDeHk2Aec9TWAIvJGG
843,bsikorane@google.com,$2y$10$CzVNy88DIjuJbxXxyVcxLuhzethl/oebo7FuXUasoDC5POJbMO9kW
844,lcadlocknf@vinaora.com,$2y$10$GjT2OQ48zSEN6OVWDRiA.OzsngQJ/yGdMcRivRO/KHkt9T6Fwfag.
845,cdedneyng@ovh.net,$2y$10$TwXhFyzDJVuMv6s49NDYw.i61MnKe9cjjFPC5R7Kf6CkQYH8poIWm
846,aglewnh@netlog.com,$2y$10$B38BX6Lku83Du91DGv6hW.eKuYnAxhbV.G55P1.EA3Pou07KO5Q0O
847,jbuswellni@livejournal.com,$2y$10$leUb3vdWt9HSmkJMNJMUeubzj7SROkLI6YUmLbl9HJDInVCuFNtrm
848,pcannonnj@wsj.com,$2y$10$8xC4FLXR4n9o45oIYOzmjOgOLlpgxRZpuRxUz9/L.PkgNSwF8Bajq
849,jvanderkruink@pagesperso-orange.fr,$2y$10$27vVM3ARUrWrrpH.C9sXq.L0gqLg2Q1Jxu8ZlaOBwo0syTi2f4R/u
850,sastienl@1688.com,$2y$10$n3KPl/pIktwkGq3IW7PEAOKodx.rdafKy78QKx8TbixknugpmuUiS
851,jsaffonnm@google.nl,$2y$10$LVQbJfvQLkoaOtgiFIA5X.C0DZfO2Ckod.h.F5dFVnKy2Qxptz.ca
852,rlingfootnn@nydailynews.com,$2y$10$evDF.tk5bkFj5tmhkiiX2uJ7MNdLaMyL0ckg69W6VQQFbUsLEY/UG
853,cnorkuttno@bloglines.com,$2y$10$a2qwp3w02WTccuZNU3cMjuijvQCxFvSAWUfvjxS6p8lIVnCkpVQgi
854,semberynp@unblog.fr,$2y$10$oXGbEbqxSmg79tv.sc9TPegVs7Nb3f3sulp6CvDh76iJuwtDwau8q
855,fmahometnq@nps.gov,$2y$10$tiwe1W9FWkxhthC2DvjGUeJEjQLOFSV9w/m.nvbaVJm21VZIMwIP6
856,aivanishchevnr@icq.com,$2y$10$.cLQluqc3tsDAqAaccM0k.r4g.noWx0yuo/LFlBKyNxKk0CUuGY3m
857,aseillerns@sourceforge.net,$2y$10$GPaG70KW7G/N/tqgfraThO8vLK96IBHYC1pFwyHzFYOuQ0VYYk/6G
858,tfrankcombent@msu.edu,$2y$10$zXAzRLNc8decebNrkjacweAvE2QlL2WH5prhthRSTITxldsvb1Ocq
859,ssilbermannnu@princeton.edu,$2y$10$9kIEV6pAiRhj.bxDqRmE4uzqnIgCabWuin9Hz0Icj4/0DCDED1kdi
860,qluckeynv@google.it,$2y$10$yNAZkaTbhUGT.2n0etqbpeGQ.eUQuEUETebW91C0/2DHrb0GeKcSC
861,sgilliattnw@tripadvisor.com,$2y$10$82fkDY6dHUzb50ogEdUZM.fK0RkSNbBOTwbPPKJMGqSnVPodWjJS2
862,alongfieldnx@qq.com,$2y$10$m8je/PTG6ItMIGK3s5bEC.F52BdZJAL4mH/Omaim5Ypl5pQD40dS.
863,cavoryny@barnesandnoble.com,$2y$10$yi2cxG1jAy/mVFEGET7r4uculuuU6Ud9nNNKTKNowZNaz3mEPtwKa
864,otremberthnz@vinaora.com,$2y$10$HoerXGCa4YCjBil2puwutehomqq4AqiJXVOsUmXZD9uQHTJ/wVKYW
865,rpullmano0@mit.edu,$2y$10$Yk3CZOmtiAsRzJMvFyuCYOjCxHUN.jJNJLrGGCE.DUKAyeuo7TZ.i
866,tmccaugheno1@ucla.edu,$2y$10$8krmZ/hCCttz1TsSNHSdZ.VcQP7VPAiKUptxke5wQF/ueaJEzZyFq
867,jwoolenso2@weather.com,$2y$10$mjwaibSNT/JdMXGz2T38I.0.DCZEhQTQC1.D6NJ2Jz1wSTxnn82mG
868,rskittleso3@w3.org,$2y$10$XcbdltEO6aVkAbPl.a6HLOl0dSUTHsIOHktdvNOPha1WpTopj1TU.
869,aguerreruo4@delicious.com,$2y$10$nT.NYBqXEBrt4.o/J1Xq9urnOJwX9vTppgE2rg6LlbxVdb5ern/dq
870,jgentileo5@1und1.de,$2y$10$I7.LVPQyXEvR1vijG3hELO3itcwlP4XexncHbRecr8Z4DpBX3is1O
871,bstowteo6@blinklist.com,$2y$10$qQw419V0i.8hAUvgBcDPG.XJ1/C4C.NgPT7DTFrGDHjsxn5aP6MAe
872,iharlyo7@taobao.com,$2y$10$PBG1qB1k6ff3oVELHdqkSuXa00rPUAR/lJn8xD1n/fWPOXLfY46sa
873,lrussilllo8@rakuten.co.jp,$2y$10$eNu8SSJ8hKq7Ede8nEeIxOK/auHBoQgkDfmgdiXRfY3369aKtgvK2
874,dopenshawo9@arizona.edu,$2y$10$TZC.KdHkDYthXuCXY1xWteWRGLritTIyaTdefbExDXWLOdqQvYgf6
875,eharmestonoa@opensource.org,$2y$10$TKzEGyP9wqH0XCO/2ef4R.UL9ZsTcVRSNKRRWL3A5e5S5WzzoZoI6
876,dperinob@answers.com,$2y$10$zA6T.hG9DC8dTks1.jgH5.rdVqRuEOFRjKJefTBAm3XnWRVLnfR0.
877,jlouchoc@mlb.com,$2y$10$O.3SNnVlepUnkh.S/.zj2OMt5f6yWVkCxlQwfj.eeS/28m0cLeLIK
878,nbrewseod@yelp.com,$2y$10$wb2eM4tvS8XI8Cub4qkkGeRW.zfFPiXCfQCJqIo8EtUT3QNrAc3dm
879,tnorthridgeoe@chron.com,$2y$10$3xlRMdafFbY9.mX7Q46qtuQOSiAqNVNtOIe02gGm24wrj4cztUAJu
880,holdingof@mapy.cz,$2y$10$0KphnQINoZfgeqghXUJkE.1KLWl2gvKz/hai3G2/okIfrnNCB9wSy
881,kcristofanoog@plala.or.jp,$2y$10$tqzRmFhn4yk3Zk1S0UfjHe6RiXA.roPsDfILhEBe2ORGHE0qCCTGK
882,dbackesoh@nydailynews.com,$2y$10$bftKrEOfiu.6EyQz3jAYA.M/vOTNMMYKNxGyocCs2gII/QOGjIa/a
883,slefwichoi@vistaprint.com,$2y$10$nnq3FSaVA3g7BUMD0zCDDO31bN5rI5CRnsfM61eWx6YjaYUjZbmim
884,dwoffendenoj@icq.com,$2y$10$g7nI7oFvMHscR0xbZI/mCOBXYNlxHIvvmKXOxYxKy/UNUf6w.AfNC
885,ldibaudiok@acquirethisname.com,$2y$10$L/c.NiqMU8qnlpINDBL79urb1YqVs595lmiqtYRGEPrqcqK7BkCLC
886,rkirmanol@cbslocal.com,$2y$10$E39D5r08Qovo/9xYgb8fQe6eFVVQk8umXrYzVETI6YPGcwFaSflAC
887,nbridalom@creativecommons.org,$2y$10$oLOd9Uaa7ZfEId6thgRNM.5kaqrLfVRmiyvvmQzbxPQzIxdizAa1y
888,rgrenkovon@zdnet.com,$2y$10$.AVv5smv9bcpop9oOJNetetTub5C1I6Vz.MmskzG5wMVxJvxhWWOG
889,elittlemoreoo@nytimes.com,$2y$10$SeCx51oK..l69r2ziy8Ck.8yyTRH0RsS2mtoojwuju8rVxtCR1A32
890,erolstonop@php.net,$2y$10$hPaIAi7YPIKZXBcHY1ZQReKyDRyzgNYeSrZE.UJowGqhIV8XyLOi6
891,egookeyoq@mayoclinic.com,$2y$10$fsDOtVrnHJi4ZGRUaXQC9ug57c6Mimk/sh2WgUg9z8Oxw7JzztPA2
892,rhakenor@youku.com,$2y$10$Gws0cbVQQuubrz3vcO6.T.D7FLaa9WeDw1hP1VxakoppOjv.Gc0zS
893,hchasneyos@va.gov,$2y$10$U8O7IGJW2krzymIWZPlz9.5ZKO53gvWICh89hs4WqJ7q7Gw/vF.ru
894,skirkpatrickot@newsvine.com,$2y$10$5vRgnoKFO9JcWBaRq3b5gerUFudyEyEpJTls1P.6S1Tk6L1qsyEJW
895,nswireou@lulu.com,$2y$10$.u/a6011KxEkYVmxH3rD3.JwgQDV4mVZ2PYj198mIi/AdTEkWjI/S
896,dfashamov@reuters.com,$2y$10$MpAw0o43gMCxCQnz1.09H.gJtPBGkD0VapS0OWrPZY.Th5b6hN81G
897,tshoreyow@jimdo.com,$2y$10$I8mk5/rabxhjveKA.XcTIOxowMl/hJlzE5tPF5N0AjliSgUxikfzm
898,cbengeox@sakura.ne.jp,$2y$10$oVn8OM6xPPq4sFKEVIDveOaWMJqbTIitYF4wchroAmu33Lptt2uCO
899,lscartifieldoy@tripadvisor.com,$2y$10$t8XUfUGqVcH8Yx9K.Ju.IOJzCG2YGejTaGHZlwnv9nCb87uteHhZe
900,cparlattoz@dot.gov,$2y$10$xwie1H4GN8HyCIpFXURaSuASkv0iotaQcJ99T73tSSK2bjiz8HxVm
901,lboakep0@indiatimes.com,$2y$10$YpC.SIhNaGx.CbWX80anhe6pKH2jZ/1Ne3r4CZDAE1CBR0jxVfRZ6
902,wtheseirap1@t.co,$2y$10$2YozgdHlZnv0c69J6QoTj.8hlyiGVHL3Ci7RIqNtflhxLK.DtE.YW
903,rleveep2@wsj.com,$2y$10$MJHWmlWwPKX.qS06UhfrLubGGhGUUvzwrPicdjg/wv9zBwN13a0v.
904,fpheazeyp3@slashdot.org,$2y$10$3Kr2t7juFic1frpqrgk2TO73hr0vxhZkKnyIid40z7z32VprL75Ee
905,cbreslandp4@gravatar.com,$2y$10$7b2Qjo7vPC/1b1a8I2fVxOXFT/sVTWAcOq28jx4p3lxKZbLyp4APi
906,nkristufekp5@dailymotion.com,$2y$10$gXUFwsjgOOVzfje0jQ2OROPel1tv/Fn81DneVTruwItNkR0Vv5iwy
907,pbaggp6@blinklist.com,$2y$10$sFeYmhSg672KFAAp5blOLOCJQiiZ1c86OzCtvegzNTosZ9CUx3OCC
908,kpodsp7@qq.com,$2y$10$xAQwFCps07Vry2jQNTbA/uVW9b8X94Hsf3lalYgifZH.Ab80BgFgG
909,fbennitp8@discuz.net,$2y$10$aN4LJqPrKqvPpzMomKBbHOb1Ey4GbY14/1k5OSjB1gourREdhFwCK
910,cgilroyp9@google.it,$2y$10$q0/wED96SruZ4k93Xr6zVuPSikcLUHjzMc.ekYqVjDvkFLettTvEi
911,pkubasekpa@angelfire.com,$2y$10$ALhBxdNnacJUTET12ogxpe6Ytx.DO1uGoqoD376Z772Use2icrrHq
912,fvonderemptenpb@jugem.jp,$2y$10$zUqgoAumiQ9uerbLB/zDJeCpmIuWqOa2Nm98YLN2/aHgroGnPeSSC
913,fgreavepc@msn.com,$2y$10$.xvCKmL78Q/zMCEBAzBVSOVaRQvVqDJ5iCjZR25V/1hjfMv1XX0AK
914,jmerseypd@usatoday.com,$2y$10$4Yq8fc5p9W9WoAUpgN7MK.iom0K3b3i5Y0LsK7nQTLK.mjaandzIq
915,sverdonpe@tinyurl.com,$2y$10$IUDYaIMQUEtZoY3w9ZxUG.DrAyFyYXss/KrDZqvOXo5d4YPVZ02MW
916,sraysonpf@symantec.com,$2y$10$u.w5cYK67fXFV6BUx4gG6u3ueRqOi0ZCXmo0XTIBH9Sc8JmpyqkN6
917,astrephanpg@ebay.co.uk,$2y$10$2CDw93.lbnWLFrBJib6U2ejUkSMRIfMj5gBYmfIzwolbuCWKwRAh.
918,sduckettph@tumblr.com,$2y$10$h0gIY3TvV9HZenXnEV.HT.wcHvd3l061LbtDJA5aB4YlN168jQNKq
919,wbolzmannpi@businessinsider.com,$2y$10$zo3dO6B3JrxskqzffQRtOOxXv74VJtx9DngcRPp6OP3fJbCEuVFh2
920,dstrikepj@linkedin.com,$2y$10$3SSqfZh4MXgJENUJUciX2.g7N292ormsyTDETPDQs9xEKHCy6gTEC
921,jdunspk@hubpages.com,$2y$10$QeHoF8quaJtbXSQ42KXwyu6Hc/enGsVIA7R6uU8wCCQ/5H9xfXsEa
922,dratepl@gov.uk,$2y$10$bU7R2dzoAR3MFX/nKOPXaODS.bcYjx7PSzoWMdGCFEEke2E6g72wS
923,laasafpm@alibaba.com,$2y$10$JelfJWKkz.i.oNZcSpRCz.RB3MkKFRozdxoeZQhxzzRZf4q7az/IK
924,bshaddickpn@sakura.ne.jp,$2y$10$ozEEMMbd.lLg3xsYAzqBD.0z0uBu/wPlNyQgDoTWMNOhEK3EEz4BG
925,kwilloughbypo@fda.gov,$2y$10$JcuzEyeqpHxKVU.DrL6RWONjTcqaADu6BVFCWbmtTzhHMThJQDW.G
926,kfranchyonokpp@loc.gov,$2y$10$Z/nen9Tc4Xh8mbefA8s4AeuOKXDZO0OmJ/5kZAWUfYZXtPLxK/8Qi
927,ahackworthpq@webeden.co.uk,$2y$10$J21TkJwAPPZf0Mq3kgc/2OywQR/wVkqWAcncFP3S5.5xKBju5zGza
928,rballingerpr@hc360.com,$2y$10$Z2bg.DHmxZZ/YmudKzhpC.SfMpqR6uqZMwa5FJ0cu7HkSHhU5YZf.
929,cburstoweps@skype.com,$2y$10$YZcTN83wcVmU35ZQQF51WusagYECQohsIzv.R8.NpL9euv7RvqXf.
930,mishampt@infoseek.co.jp,$2y$10$n7tcVLQpOOMNx6XHegLh6e9gu6QtmqC5yAiLNoInL8WxU1L7SJBe2
931,bclapppu@mtv.com,$2y$10$n3ZQJqzzfNFRVYC.I2IilOoFitgssy9xwBdvdoFGHHiwzThbqig02
932,olintallpv@issuu.com,$2y$10$Qw/nyqNrRlbqT9FSxVOf..2HUM5IVXdEE/R26Vnpx4PjP51IEgx6S
933,hmaharrypw@wikispaces.com,$2y$10$zIlU3D3L/4qZsDKfd2C7tu0H3Maos.D0c9ISNxjNocjY0ceM4LGEi
934,mdanihelkapx@uiuc.edu,$2y$10$hWCOAm6VSidrE0WCPDp9y.sR7z1DKwtGDXXmF0qbMY3Dy56K1y.LG
935,wmcquorkellpy@desdev.cn,$2y$10$ZtmX8uTmAIyAipApLKIOJ.vG1BNomRDCYvvln57DVQam8.i.QHmiO
936,erubinowitchpz@mlb.com,$2y$10$R9ZfbhV4keBRtFbfNxx4rOsN11X8AG3SyOntNrybNGrAH5pgt3/jq
937,mchungq0@last.fm,$2y$10$IibwRNoCNQi5wKZUj4YlOusqWoSZZ5oXuRhUfPuM6O1CK9FuZKBby
938,gcutfordq1@usnews.com,$2y$10$mgfVBPp4ih2wqojgZ9TFJ.LqbUt7Qh3BBZvaluDRPY0pcBwjDQiSK
939,swalchq2@bigcartel.com,$2y$10$9MagQU7yvoMk4/1TjaqA6.Whpu.6jiXf3YSIHPYdbSs2CZE5KdeRO
940,ksmyleyq3@reference.com,$2y$10$AKnt4JWjAwmpR1K84YWReeY9VpagvRlayou8pBMopXcKQgJr7tYWm
941,cnaisbetq4@stumbleupon.com,$2y$10$OFST3OI3lQxzT8KeTqBftexZaXJ6C9IJw0ZsUeAU0WTiNEbpUg25O
942,mdaleq5@php.net,$2y$10$9wgaapvaLK2zAti2PhKksuxVesi4BiA9NcB6X5nQETkNDym6TwxbC
943,gbydawayq6@phoca.cz,$2y$10$dxGQC/hi5fxlDBeIKXxNx.9ZasI3l6MdGOHr5L6BaEy6A21r8WsqG
944,troxbroughq7@psu.edu,$2y$10$vXna6KYdaRgItIieEsko7.VNxiaqLux91ojd6iluPgb367wCcyZ42
945,aeveryq8@istockphoto.com,$2y$10$R/sAWNvPxQZSDQ0SJSl1z.bGkp054qkWp8svL/CL0ZJbqYESBhMhG
946,ddingsdaleq9@privacy.gov.au,$2y$10$uuIDkZ0d7lZ17d1qll4Tl.GMFeIDRGgtMWAXLbN4g8BzxidADo99K
947,rperilloqa@google.co.jp,$2y$10$fUFegSPsGIkKLmLGwjIH8.11E59f0cT4uWTtI.5sp6a0Taxggc5kW
948,akleinsternqb@smh.com.au,$2y$10$3S.C/5bCaAwSKYtt1yBfhOD..0rb5JkYoG9HuNJlHtxCEOilIZKMm
949,jseiffertqc@craigslist.org,$2y$10$YjNXJe1.hLKbIQ4dCvzjfuAWf.LFXWKDBdtMTwpUYIqgCX/pe4W9S
950,kstockneyqd@prnewswire.com,$2y$10$Da5K/Gczi008PRsY80XMCOHwoGbsR5eg5eDzaBaAMrKNLCWp/pEoK
951,kmatisqe@qq.com,$2y$10$RkCfSkYj9bVLCdOtnx0UxOIjBfgBfByCDMsoblOLkXEioxHCRXBmC
952,lpengilleyqf@usatoday.com,$2y$10$tQLCM.lgswMkYMmFhiUDsuF6x2PdxjNFE9UQGaw7GTOBVKhHom6LS
953,cpayneqg@disqus.com,$2y$10$TAuLwjQFZUk2O1DWG552yug3pVQ7zL68zi.Ay07MbV6vC7LB/bb.C
954,tchambersqh@sakura.ne.jp,$2y$10$AqXnivXn7x0iD0KP7x0v4ulz6DnF83CZUDWY3IXLVID45D8bS8y82
955,nplunketqi@stumbleupon.com,$2y$10$OqitpWUuYDNNdifxVXIVTOdT8lNP3HgDerj/J850K6d509lgLJGN.
956,spopelayqj@freewebs.com,$2y$10$wWVAY83JFy297SUA1wCA4.0zBnzKB1Q/LQP4SnQUvMhrKHpLah33e
957,mferbracheqk@who.int,$2y$10$FYDAtI3.ccF73IgF/vXbAONgZquWCXYHz.qByZ7xgk3Gjw8gV3sXK
958,ghaddowql@weather.com,$2y$10$GYgFxZ2Yw9D5AOr5vYOz6OnHxYCeonS1rowZUStyPsfTWglXBJZTS
959,csynnottqm@wordpress.org,$2y$10$J60uo9rMrdRxD7QjBediROHAKKPquwLwQIQLSGdp6rWn4Ya8kV6IK
960,rcaillouqn@yolasite.com,$2y$10$ujJSqDU3eaagfRIgK1p.f.O2MHfYhG/De823nLiBvFF9iHyw5v3A.
961,kroskamqo@livejournal.com,$2y$10$Sck4vb5PmjSrunCw0wLYVuDe1hUCihxSisz8Lw318vPhgVDIxRdzW
962,fclendinningqp@wired.com,$2y$10$EEXbOBDl/79MNBqe1vWileGec9mvJGJRD5nEc0BSHS4x8EfU/wFEK
963,hgurradoqq@hubpages.com,$2y$10$JM3VMwJgSbTM0gCsvySjpOo2eEB3OaBiFuBSU5umsnIUs5y3SG/4u
964,hcudqr@ycombinator.com,$2y$10$0JWJhFk8MAx.ro2DR56eP.g1.ZrMYxiCmuzRFrNgsLJhZJ.mRKJT6
965,wmellonbyqs@vinaora.com,$2y$10$p9vDbvIftbZQ8667KhDdceoCHq6cbhBB5pUZccVXcyTxB8nPuW0x6
966,apriestnerqt@meetup.com,$2y$10$RXLkVNjIl.kQ5up4mk.oleuQHHInGR6M0HVed9xzenJ3WAugktLeq
967,kbelliqu@wix.com,$2y$10$My4R9bAz3NuaI8F3ryAkQeqDw5ouB4cVNqPZ.N4YeKrYebBbPkReq
968,jjoysonqv@wp.com,$2y$10$4oFImN4sv7M5ndeL1zTWNOHIA6WEupI.bwanJsApKDx5GFhrWzN/6
969,jyegoshinqw@sbwire.com,$2y$10$pZpQuvjNVAGRIY4n1ID.3OnvW2bK1rzHidQjjeJk118WnBbyzdrfy
970,mdavisqx@google.com,$2y$10$eC8HEFNfGbvLPMxeUhz5juRWjtB7s7ha0S/Xuavb1m0etzERJ/mia
971,ncaraherqy@geocities.jp,$2y$10$OaeLgwLFt0AbVHJA8atH2.RvAn4Umqi/Qh4Ss9dzg.Tp2GOYHVL.q
972,bosgordbyqz@buzzfeed.com,$2y$10$s.68Tq4Du8RghRNdSTa.gOdLeFEcvn0UZPs66JEIg1dnPSfjpa22e
973,ccrichmerr0@qq.com,$2y$10$Qv.O882cNthBD771QDKkRusGJVyY2O3aUTT.LmVGhrwsYKUovvxHK
974,abednallr1@google.de,$2y$10$42KpNbgZCB2NXRZg787KbOHKCYpnpRORtSZXAOcLHK6eduw4NgP5O
975,pprestr2@squarespace.com,$2y$10$qc8uktYIGQeUI4L3SC54G.pbZIIKg7c8FQPY5lss9iAF8L4ae7q3G
976,agingler3@netvibes.com,$2y$10$m9/le0urrE9JdGgtTNk3.eTkGnIRi/VpQFeNTz0ngAC.Xg2.3c.YK
977,rgrenfellr4@senate.gov,$2y$10$.h.wuiOy7yMy/tNUbv4MtelJU5/BpJqkjtq9thYUybN7scwLN220y
978,acoyner5@gizmodo.com,$2y$10$IC6WBlTrQIr6FKQBK5JiG.lRwX2LHvLt/vC3hni5CpMrsKtvpB4u2
979,gcullneanr6@sakura.ne.jp,$2y$10$4QFUf538LfcIXsWPIEtph./LXs5xeOTpf4kq9xv8VlnKMvW.95ZJG
980,pdenholmr7@infoseek.co.jp,$2y$10$JDRtHg/xzBx3aVQijYsBtukKy00U6h4z/Y0R.Z7nHpzwRWiyYA/oC
981,aelandr8@feedburner.com,$2y$10$59ncQAQgDZKC4xZTMK.Juu29J1BCnQqDqeMBbL4DA/nhLabYvv4da
982,jsummerhayesr9@webnode.com,$2y$10$0JuW9A5EOnGOJll2o1zfyuoyGSdB37jc//LbPcFitIk21Z1Qf9ccW
983,cthatchamra@constantcontact.com,$2y$10$bU2Tfx/iMbu43tONHYGR8uSHV9Gxj4VIAyO5WBvBmDzkj3oqSeOoW
984,njerdanrb@bbc.co.uk,$2y$10$3bjdoKx4LjGovUsKL0LrSeNLRZKegV1vzFh15a0vlc5CfZDxX7MXa
985,jlanghornrc@epa.gov,$2y$10$JuhIZY0FEgChAsGro06L8Os5rElKKJK1WzVkv8HJiooP1ILhFJGie
986,jkeydenrd@guardian.co.uk,$2y$10$pZxZtoQrMW/jmWDSvUPHfu62g9JqkT75WdZZWUXqmTe.Oy6fkdEhO
987,zholdallre@yelp.com,$2y$10$JF6lunNl772QacecBIaYx.sAKTlYnFlHbRZQ5BavNFxjjkFNER84O
988,lroddamrf@list-manage.com,$2y$10$7TH7mpXigT8JHqubfR2rs.lkuQZZxFVWFT7H5D4w9mjTgQtE51oAK
989,eswansonrg@issuu.com,$2y$10$CgxVTnHpmtZ2HQB02d4iyudBhR5cnXjGo6yPk7tuPayeW00BJgQLO
990,rbirkenheadrh@t-online.de,$2y$10$UW4qYM1uYAe7pUYDqQjWL.O6HJct73xUC3HTOaB77ohcvi3pgtzJa
991,abickstethri@ocn.ne.jp,$2y$10$SnNHpaA715C3glVtVY.8becMOtJFTRzhHorQ4F57b7YWv7nX8YZma
992,dfortenrj@intel.com,$2y$10$VfJAmiFJFQN8MYoAVBhWL.cdhO5TmjrpZQaNvTjIosnEcDWKICuVi
993,bbubbingsrk@vinaora.com,$2y$10$t7iJcZNsgy7tNDVkpH0/.OwsycFNIa7RFliVtORAIb3u7sjIVe68q
994,gcotmorerl@answers.com,$2y$10$jJLho/r4w6j7ROmwW8vgieMnFZPjSxSVHnEF5iOgPMeXfjTQwpT5.
995,mduckittrm@imageshack.us,$2y$10$Kr9rpv8V9ogqClxhT/WHFOk14cArfjYBBboUqAwOgoT5dXlLlOx6y
996,dchittleburghrn@chron.com,$2y$10$xT997OTOFkzBeZ.MaOtQQuACQuEHtl/NSsM1sD1yLuf4jWOMaYhkS
997,kduddenro@edublogs.org,$2y$10$/qb3bHLMaBwRyd7cSKTdyO3MesROxwylBr/Ezvv8L5xHs3LjPnj5K
998,eecklyrp@cargocollective.com,$2y$10$/pUO42ZlhZeb7ILjO8r8XuJjoPO4/lcdnvcwIbdi6WNciYBcOYthG
999,ematejicrq@blogs.com,$2y$10$51DVQppYoRuxy1/j7mpo1uENH4ZMhUfsoKUWa6gTloZEnNtE6OOgy
1000,msoamerr@blinklist.com,$2y$10$PW7m3uysE8jrxOIHFcC7puewZdXT6BPbwN04FPurdgbU8vY/sqgfa
