1,Flashspan,Bunker Hill,,217
2,Youbridge,Ohio,,37944
3,Skippad,Mayfield,,3340
4,Gigashots,Lukken,0850,1
5,Yotz,Becker,96-130,49
6,Kare,American,,84
7,Demimbu,Di Loreto,,321
8,Vinder,Morning,50490,0
9,Tanoodle,Nevada,,9045
10,Flashpoint,Meadow Valley,,9
11,Skynoodle,Clarendon,89856-000,4132
12,Quimm,Anthes,,689
13,Photolist,Susan,870-0002,0035
14,Ailane,Anthes,98-311,83
15,Ozu,Dryden,957-0353,8584
16,Innojam,Little Fleur,,18192
17,Zoomdog,Del Mar,353210,8901
18,Blogpad,Loeprich,21-200,2973
19,Meevee,Artisan,5155-205,1170
20,Skyvu,Messerschmidt,,4
21,Dynabox,Moose,26301,232
22,Jayo,Montana,,18
23,Quinu,Sachs,4650-805,388
24,Eazzy,Boyd,,88
25,Cogibox,Bonner,,45464
26,Kwideo,Boyd,,3
27,Meevee,Scoville,,56275
28,Trunyx,Sundown,BH21,9354
29,Jabbertype,Del Mar,V5M,95763
30,Livefish,Glendale,7005,2
31,Tagopia,Ridgeview,330 03,03
32,Photofeed,Kinsman,,4
33,Twitterbridge,Kim,,946
34,Yambee,Linden,33314 CEDEX,30609
35,Blogpad,Lighthouse Bay,611 81,6
36,Skynoodle,Stuart,,8
37,Fatz,Shoshone,319-1417,9759
38,Mudo,Thompson,,7
39,Gabtype,Sachs,949-3376,82520
40,Ailane,Manufacturers,,2326
41,Oloo,Sauthoff,,54385
42,Teklist,Shasta,,993
43,Quinu,Hermina,,61
44,Voolia,Eagle Crest,9009,262
45,Divanoodle,Kinsman,504 00,1
46,Browsebug,Esker,,0869
47,Zoovu,Meadow Ridge,,11893
48,Skaboo,Village,,9
49,Jaxworks,Magdeline,3405-260,209
50,Eayo,Sundown,1497,4248
51,Dabshots,American Ash,7203,0818
52,Yambee,Randy,8042,97084
53,Edgeblab,Clyde Gallagher,,86
54,Eayo,Portage,,7836
55,Youspan,Golf View,,70127
56,Yoveo,Summerview,,6227
57,Wordware,Ridgeway,607614,0
58,Demivee,Magdeline,86220,552
59,Pixoboo,Mayfield,284 92,9
60,Twitternation,Warbler,98442,5
61,Topicware,Almo,,74701
62,Skivee,Texas,3342,60
63,Gabtune,Pepper Wood,,341
64,Ntag,Bartelt,99000-000,58
65,Photojam,Lunder,50770,1852
66,Vinte,Hazelcrest,,18687
67,Eimbee,Cherokee,29251,1522
68,Katz,Artisan,29100-000,70601
69,Gevee,Scott,,5462
70,Flipbug,Northfield,,27
71,Zazio,Mcguire,56-300,77506
72,Oyondu,Grover,,95411
73,Dazzlesphere,Coolidge,2780-005,78445
74,Eimbee,Shopko,,636
75,Gevee,Pepper Wood,1315,6678
76,Blogpad,Nobel,,6595
77,Yamia,Corry,,2035
78,Mynte,Claremont,,6835
79,Flashset,Autumn Leaf,,2
80,Bluejam,Dakota,,98
81,Aimbo,Crowley,,49
82,Topicware,Donald,,641
83,Oba,1st,,8
84,Dabshots,Manufacturers,,22
85,Lazz,Green,12006,7
86,InnoZ,Transport,,4211
87,Aimbu,Bunker Hill,,34
88,Divape,Northridge,,30
89,Kanoodle,Chive,,7387
90,Wordtune,Summit,,598
91,Twitternation,Daystar,78764,275
92,Feedbug,Kennedy,,38
93,Twimbo,Stoughton,84-360,78123
94,Talane,Mendota,1043,02
95,Eare,Almo,,1571
96,Oba,Wayridge,083028,3
97,Roomm,Kenwood,183 15,68700
98,Edgeify,Kim,,7
99,Brightbean,Bluejay,86-160,0
100,Skaboo,Alpine,,63573
101,Meevee,Lakewood,,1615
102,Thoughtbridge,Hudson,,13631
103,Chatterpoint,Bultman,6344,580
104,Lazzy,Crownhardt,8720,937
105,Aivee,Armistice,,8
106,Fivespan,Summer Ridge,,2029
107,Oodoo,Old Gate,,983
108,Gevee,Monterey,9009,98
109,Aimbu,Helena,4615-325,42552
110,Meedoo,Carey,37-530,58
111,Flashset,Fieldstone,,863
112,Linklinks,Petterle,11130,24
113,Realblab,Golf,,1601
114,Fivechat,Monument,3870-123,8
115,Jabbercube,Luster,9811,07682
116,Jaxbean,Welch,44430,625
117,Buzzster,Hudson,,3888
118,Dablist,American Ash,1358,69741
119,Skinder,Melby,5001,4533
120,Rhycero,Fair Oaks,,89555
121,Blogpad,Prentice,,0
122,Skyble,Golden Leaf,,1
123,Youspan,Graedel,3090-710,171
124,Eare,Fieldstone,2320,61075
125,Browsecat,Charing Cross,,130
126,BlogXS,Hovde,522 24,5
127,Topicstorm,Upham,655138,37041
128,Tagchat,Barnett,,0112
129,Browsetype,Farmco,141309,606
130,Einti,Sage,2420-005,94
131,Wikibox,Ridgeway,,1470
132,Vipe,Burning Wood,,6439
133,Oba,Lawn,10307,7528
134,Shuffledrive,Starling,,02
135,Edgewire,Eastlawn,,0690
136,Cogibox,Dakota,,7687
137,Zoomdog,Westport,,7116
138,Aivee,Duke,7740,001
139,Wikivu,Dapin,,110
140,Fatz,Mayfield,,77
141,Brightdog,Knutson,26-333,479
142,Trudeo,Dennis,,34335
143,Wikivu,Miller,,75
144,Brightdog,Alpine,,648
145,Avaveo,Pawling,670-0013,3115
146,Bluezoom,Meadow Valley,36210,6262
147,Livefish,Bashford,,05
148,Babbleblab,Esker,37205 CEDEX 3,1
149,Tazzy,Hooker,D17,4
150,Brightdog,Huxley,126 31,35323
151,Dabfeed,Ruskin,162 55,992
152,Plajo,Union,80042 CEDEX 1,366
153,Realblab,Ryan,,313
154,Zoomlounge,Ronald Regan,398032,7438
155,Edgetag,Eastwood,,186
156,Eare,Doe Crossing,,86
157,Voonyx,Green Ridge,,648
158,Leenti,Bobwhite,,505
159,Realbuzz,Spenser,,14
160,Centimia,Oxford,,45840
161,Pixonyx,Glacier Hill,,33
162,Gigabox,Morning,818-0138,704
163,Flashset,Claremont,903 42,970
164,Wikizz,Grover,400 29,47887
165,Realmix,Jackson,,24914
166,Bubblebox,Westridge,394 03,3737
167,Zoovu,John Wall,180536,493
168,Geba,Killdeer,,141
169,Livefish,3rd,674660,07497
170,Cogilith,Montana,397815,010
171,Feedbug,Corry,,896
172,Photospace,Haas,87018,705
173,Skivee,Russell,,6
174,Jabbersphere,Lukken,,4
175,Devpulse,Tony,4690-282,96
176,Fadeo,Emmet,593 93,061
177,Yadel,Division,173 18,57928
178,Brainlounge,Lukken,72091 CEDEX 9,53
179,Buzzdog,Calypso,404102,11205
180,Vimbo,Green Ridge,,7
181,Realbuzz,Lotheville,,3636
182,Cogilith,Graceland,826 86,4
183,Plajo,Schlimgen,,90237
184,Jabberstorm,Sommers,7040-704,58045
185,Browsebug,Ilene,44460-000,6
186,Camimbo,Eastwood,,3961
187,Quatz,Sullivan,,089
188,Yamia,Transport,,30622
189,Twitternation,Oak,,5
190,Dazzlesphere,Springview,,76945
191,Flashpoint,Hintze,66-530,8
192,Viva,Homewood,,65
193,Flipopia,Carberry,,7
194,Babbleopia,Anthes,,18651
195,Miboo,Lawn,,5661
196,Buzzbean,Nova,,82132
197,Brightdog,Toban,,07921
198,Fatz,Reinke,,3
199,Ailane,Daystar,,3
200,Tazzy,Katie,934-0099,5007
201,Buzzbean,Village,,479
202,Zoovu,Hansons,,3
203,Twitterworks,Forest,09-500,4297
204,BlogXS,Dapin,,05
205,Skiba,Fisk,2630,978
206,Einti,Butternut,62-720,4681
207,Skyba,Hermina,,7095
208,Mycat,Kensington,,67
209,Yabox,Reinke,174214,1046
210,Yata,Ridgeway,6417,65
211,Livepath,Mosinee,,6
212,Divape,Sommers,45264,327
213,Midel,1st,442064,1736
214,Geba,Columbus,303773,06
215,Kare,Pankratz,,9
216,Snaptags,Bonner,38-430,6829
217,Fadeo,Lyons,02216,469
218,Flashspan,Carberry,,0
219,Viva,Alpine,4133,7704
220,Oyoba,Cody,,86
221,Thoughtsphere,Elgar,,7
222,Topicstorm,Rockefeller,5531,59
223,Devpoint,Summerview,44110,388
224,Ainyx,Warrior,2107,76303
225,Edgeblab,Ruskin,,85740
226,Quimba,Express,,6
227,Photobug,Sutteridge,5039,836
228,Divape,Clyde Gallagher,62756,7779
229,Fatz,Dorton,81017 CEDEX 9,0
230,Brightbean,Elgar,382 91,064
231,Oyondu,Lindbergh,20110,32
232,Myworks,Anhalt,443 14,91985
233,Gabtune,Main,,60395
234,Oozz,Gale,,46913
235,Thoughtmix,Ruskin,,15474
236,Blognation,Burrows,,92
237,Ooba,Burning Wood,,7
238,Talane,Cordelia,,8495
239,Cogibox,Nelson,69110-000,7
240,Edgeify,Crownhardt,,2
241,Thoughtbeat,Butterfield,,1
242,Meevee,Arapahoe,682038,4
243,Mynte,Mifflin,,40417
244,Tavu,Maple,231048,86407
245,Eire,Susan,692715,5298
246,Brainsphere,Farragut,76029 CEDEX,7
247,Trudeo,School,679 63,41
248,Yabox,Eagle Crest,,4
249,Mymm,Onsgard,538 54,935
250,Oloo,Hudson,,35
251,Twitterbridge,Prentice,67110,43116
252,Bubbletube,Charing Cross,V9J,45553
253,Quamba,Florence,987-2363,37903
254,Oyoloo,Fisk,,5451
255,Voonte,Hanover,,389
256,Twitterlist,Homewood,607497,30
257,Trudoo,Vidon,24048,3
258,Jaxnation,5th,,0
259,Eidel,Banding,439 24,50
260,Vimbo,Oakridge,,462
261,Snaptags,Hermina,4950-122,16
262,Latz,Trailsway,,1215
263,Quinu,Sunbrook,204007,5
264,Zoombeat,Lighthouse Bay,,6829
265,Reallinks,Schurz,,2362
266,Gabvine,Lakewood Gardens,71142,71
267,Shuffledrive,Buena Vista,572 27,74
268,Vinder,Almo,4980-233,93980
269,Ooba,Garrison,35574 CEDEX,61411
270,LiveZ,Anniversary,,798
271,Rhynyx,Monterey,,5815
272,Mita,Mayfield,18104 CEDEX,985
273,Gevee,Chinook,,0696
274,Demimbu,Summerview,,0605
275,Agivu,Pennsylvania,,269
276,Tagchat,Melvin,59463 CEDEX,34
277,Jayo,Raven,352685,1
278,Skyba,Melvin,20170,095
279,Feedspan,Waubesa,,64164
280,Devpoint,Valley Edge,,3481
281,Voonix,Manley,2330,7445
282,Browsecat,Maple,MQB,73
283,Dabtype,Nelson,,333
284,Twitterbridge,Kennedy,,6
285,Einti,Mcguire,,3
286,Jabbersphere,Heffernan,873 80,837
287,Linkbuzz,Autumn Leaf,99490-000,884
288,Youspan,Warner,34981,5
289,Quamba,Paget,,6
290,Fliptune,Fulton,636700,34
291,Buzzdog,Stuart,6230-207,51388
292,Eabox,Sloan,,2443
293,Fivechat,Londonderry,,0
294,Devify,Starling,1250,12085
295,Dynazzy,Dayton,187052,84
296,Buzzdog,Vahlen,658381,949
297,Topiclounge,Dakota,0472,7
298,Wordware,Daystar,,9541
299,Pixonyx,Susan,,21992
300,Voonder,Pawling,9940-125,685
301,Skyble,Bluestem,,4
302,Dynava,Stang,520518,26
303,Skibox,Sheridan,58880,0409
304,Oyoloo,Saint Paul,,770
305,Thoughtmix,Gulseth,,2
306,Fivechat,Shopko,,380
307,Fivechat,Commercial,03-840,4
308,Dynabox,Dorton,9002,807
309,Camido,Maple Wood,,02867
310,Thoughtstorm,Rowland,0800,04
311,Ailane,Ridge Oak,,01733
312,Skalith,Eggendart,,63744
313,Gabvine,Comanche,,98046
314,Kazu,Lotheville,,2164
315,Photojam,Merrick,80995,14
316,Chatterbridge,Center,10014,16428
317,Edgetag,Johnson,655672,89391
318,Oyoba,Emmet,3707,27629
319,Quinu,Brentwood,,37184
320,Jabbersphere,Pankratz,,13
321,Rhynyx,Karstens,,63440
322,Riffpath,Transport,,958
323,Centizu,Spohn,733008,8
324,Flashspan,Mifflin,,815
325,Shufflebeat,Mitchell,V3B,85
326,Meevee,Aberg,,869
327,Tanoodle,Cherokee,33416,79
328,Rhyzio,2nd,427820,0
329,Dazzlesphere,East,36-071,6
330,Aibox,Crescent Oaks,051457,6136
331,Thoughtmix,Center,,9
332,Yambee,Lakewood Gardens,,8766
333,Wikizz,Bunker Hill,,79017
334,Jabberstorm,La Follette,,2606
335,Mynte,Gulseth,,249
336,Flashset,Aberg,1040,665
337,Teklist,Elmside,,61119
338,Devbug,Basil,L2G,4
339,Topdrive,Grim,,3240
340,Skyndu,Esch,,8820
341,Wikibox,Jay,976-0034,23
342,Zoovu,Stuart,691 41,393
343,Quire,Thierer,,33198
344,Flipstorm,Lukken,,667
345,Mydeo,Hagan,55170-000,0569
346,Topdrive,Vermont,,24
347,Rhynyx,Manitowish,G8M,720
348,Yadel,Arrowood,382 76,7
349,Podcat,Elgar,,6
350,Twiyo,Mccormick,75434 CEDEX 09,7523
351,Buzzbean,Sauthoff,566 24,97867
352,Photolist,La Follette,14680-000,7
353,Divanoodle,Montana,29952,67471
354,Jaxspan,Melrose,73700-000,9182
355,Twitternation,Magdeline,34545 CEDEX,99840
356,Bluejam,Vera,0361,15614
357,Brainbox,International,1981,037
358,Realbuzz,Bunting,,08
359,Cogidoo,Old Shore,92015,09
360,Topicware,Waywood,,65
361,Devbug,Ramsey,659518,5285
362,JumpXS,Basil,N8M,01901
363,Agimba,Loomis,141650,9151
364,Zoombox,Sutherland,,9
365,Youspan,Menomonie,,6617
366,Muxo,Summit,904 04,3
367,Eamia,Elmside,,78961
368,Topiczoom,Dunning,,888
369,Leexo,Linden,,57758
370,Vinte,Dayton,,39
371,Centidel,Dorton,,08
372,Voolith,Bowman,692089,64
373,Skippad,Kedzie,P31,4
374,Skaboo,Chinook,,5
375,Centimia,Arkansas,7337,98756
376,Wikizz,Kipling,361222,764
377,Aibox,Ramsey,,01
378,Roodel,Division,94723,5672
379,Leenti,Delladonna,183 77,38913
380,Youfeed,Kingsford,,7
381,Yacero,Garrison,,282
382,Skiptube,Hauk,2109,1858
383,Babbleblab,Veith,,5722
384,Jayo,Del Mar,,68972
385,Flipbug,Elka,L2N,88
386,Devpoint,Blue Bill Park,,8
387,Photobug,Clyde Gallagher,,5173
388,Yakijo,Moland,,8597
389,Feedfire,Acker,,088
390,Abatz,Lawn,,48
391,Fanoodle,Russell,,58
392,Yombu,Oak Valley,,127
393,Tanoodle,4th,,35
394,Mybuzz,Trailsway,,549
395,Linkbridge,Lillian,4619,72
396,Skyble,Tennyson,,95193
397,Wikido,Crescent Oaks,,1658
398,Meezzy,Chinook,10130,933
399,Ailane,Carberry,5420,158
400,Skimia,Lukken,,557
401,Skyba,Heath,,9
402,Skyndu,Pennsylvania,,11
403,Eamia,Carey,23235,54
404,Brainbox,Ruskin,452960,842
405,Avamba,Elka,,62
406,Skimia,Hansons,,19
407,Quire,Waxwing,3430-505,497
408,Thoughtstorm,Forest Run,2170,19964
409,Yacero,Village Green,38014 CEDEX 1,29
410,Dabjam,Stuart,32274,315
411,Kanoodle,Harbort,997-0334,65895
412,Viva,Wayridge,93164 CEDEX,836
413,Browsedrive,Weeping Birch,,066
414,Yotz,Chinook,,8870
415,Trupe,Lukken,,43740
416,Gabspot,Bunker Hill,,9
417,Zoozzy,Amoth,2712,3
418,Meetz,Mallard,5420,97720
419,Shuffletag,Service,,4
420,Jabberstorm,Farwell,,8
421,Fivechat,Graceland,,13
422,Miboo,Hauk,89700-000,249
423,Tambee,School,36104,5634
424,Yadel,Rigney,,8525
425,Zooxo,Pond,18025 CEDEX,301
426,Linkbridge,Arkansas,8015,50360
427,Babbleopia,Melrose,,452
428,Brainbox,Meadow Valley,,679
429,Eimbee,Boyd,,938
430,Skalith,Russell,6216,44206
431,Devpoint,Havey,,3
432,Thoughtbridge,Bellgrove,694820,75
433,Trunyx,Birchwood,29102 CEDEX,53983
434,Voonte,Pepper Wood,,1609
435,Janyx,Duke,,2
436,Eamia,Shopko,,6633
437,Bubblemix,Village Green,,9094
438,Jamia,Hanson,,9
439,Cogibox,Warrior,,6
440,Fatz,Tomscot,47211 CEDEX,86794
441,Flashset,Rieder,532 24,08
442,Thoughtworks,Oriole,2322,28714
443,Agimba,Arrowood,,58735
444,Twinder,Lindbergh,501 83,627
445,Gevee,6th,10459,2
446,Rhynyx,Hayes,,982
447,Mydo,Evergreen,,68
448,Tagopia,Petterle,MD-5040,2
449,Meeveo,Mcguire,,81793
450,Wordify,Buhler,,862
451,Twinder,Sutherland,22110,07684
452,Vinte,Farwell,H3C,541
453,Brightdog,Morrow,691 41,33918
454,Agivu,Sherman,92613 CEDEX,52117
455,Jabbersphere,Rowland,3070-435,266
456,Blogspan,Menomonie,74120,7
457,Tagcat,Michigan,,7
458,Skinder,Sugar,56109 CEDEX,9
459,Yabox,Northwestern,,1039
460,Thoughtbeat,Huxley,,4997
461,Rooxo,Rieder,,6788
462,Meevee,Logan,61650,22
463,Agimba,Oak,94129 CEDEX,3252
464,Quinu,Crescent Oaks,,59541
465,Geba,Grayhawk,,2075
466,Podcat,Milwaukee,B12,86355
467,Riffwire,Express,,3392
468,Skipstorm,Fuller,,937
469,Zoombeat,Havey,4307,6343
470,Trilia,Montana,98600,91615
471,Izio,Packers,,98433
472,Reallinks,Mandrake,,671
473,Chatterbridge,Dakota,2211,4150
474,Jaxbean,Oak Valley,624127,625
475,Ailane,David,2411,829
476,Bluejam,Kinsman,,98
477,Kwilith,Summit,,9043
478,Topicblab,Briar Crest,,4
479,Blognation,Pine View,89550,2
480,Centizu,Loftsgordon,84-113,416
481,Eire,Manufacturers,8311,774
482,Plajo,Kim,E2L,3785
483,Twitterbeat,Glacier Hill,,88
484,Dynabox,Dapin,47-340,02077
485,Voonyx,Swallow,,2
486,Kazio,Iowa,78940-000,05760
487,Flashdog,Meadow Ridge,,7915
488,Wordpedia,Pleasure,,2887
489,Yata,Anhalt,6414,94983
490,Devbug,Del Mar,,3257
491,Vinte,Ridgeview,,85
492,Devshare,Longview,2860-613,0544
493,Yata,Cambridge,,99809
494,Aivee,American,,22
495,Zoomlounge,Aberg,,81211
496,Youtags,David,33600-000,2
497,Tazzy,Forest,,12
498,Mydeo,Meadow Ridge,G8A,9117
499,Tazzy,Carey,131077,542
500,Yodoo,Drewry,1040,92199
501,Realfire,Dexter,,8
502,Skyba,Corben,250618,526
503,Yadel,4th,649219,97
504,Roomm,Debra,238530,2
505,Kayveo,Spenser,,2899
506,Vinder,Sunnyside,652809,905
507,Gigashots,Main,186793,3
508,Rhynyx,Meadow Valley,404172,617
509,Zava,Spenser,416010,11491
510,Devpoint,Golf View,46547,98
511,Babblestorm,Hoffman,,7
512,Quire,High Crossing,,56
513,Skippad,Morning,10160,2811
514,Skimia,Thompson,,24
515,Aibox,Meadow Valley,34-371,1
516,Eabox,Cordelia,,57158
517,Bluezoom,Burning Wood,177089,77364
518,Meemm,Havey,,70
519,Eayo,Cottonwood,,99389
520,Edgewire,Prairieview,4223,78
521,Livetube,Ridgeview,RH5,946
522,Centidel,Grayhawk,,241
523,Yakijo,Corry,3260,7
524,Shuffledrive,Jenifer,,15478
525,Einti,Sauthoff,2271,21519
526,Zoozzy,Esker,763049,980
527,Gigaclub,Petterle,1577,37
528,Fiveclub,Moose,5030-213,244
529,Dynava,Beilfuss,666330,73214
530,Bubblemix,Utah,7103,68370
531,Thoughtstorm,Lerdahl,49120,56119
532,Realcube,Crowley,32-503,628
533,Zazio,Weeping Birch,,262
534,Cogibox,Loftsgordon,169045,7631
535,Meejo,Merry,40914,1
536,Teklist,Heffernan,,11726
537,Livetube,Carberry,,4
538,Miboo,Tomscot,34-483,8
539,Fivechat,Montana,A85,49
540,Devcast,Lakeland,,0
541,Leenti,Hovde,,1
542,Katz,Pennsylvania,992-0321,3332
543,Browsecat,Cottonwood,,73
544,Quatz,Marquette,182170,112
545,Kwinu,Bobwhite,,47893
546,Skiptube,Kinsman,,2323
547,Quamba,Browning,,29518
548,Cogilith,Stoughton,,33301
549,Aivee,Cottonwood,162700,3
550,Fadeo,Schmedeman,07304 CEDEX,2163
551,Demimbu,Sherman,,22
552,Eare,Bayside,,3969
553,Dabvine,Forest,665133,88
554,Zoonder,Lake View,353642,90
555,Tekfly,Johnson,,11
556,Photofeed,Bluejay,2344,8232
557,Jayo,Kedzie,,39
558,Lajo,Quincy,29730-000,96381
559,Thoughtstorm,Loeprich,619650,24
560,Yata,Lien,94611,79732
561,Latz,Golden Leaf,,07
562,Linkbridge,Michigan,352364,53
563,Livetube,Carberry,,34
564,Yodoo,Atwood,307602,8293
565,Quimm,Schurz,61200,4712
566,Devshare,South,901095,0905
567,Innojam,Namekagon,,7
568,Dazzlesphere,Rigney,28815,8186
569,Tagchat,Mariners Cove,,2611
570,Photobug,Mesta,172,19
571,Avaveo,Heffernan,6330,8
572,Aivee,Summit,14199,91
573,Jatri,Del Mar,868-0825,5817
574,Mudo,Superior,3405-354,254
575,Centimia,Merry,309509,262
576,Meetz,Lakeland,,772
577,Flashset,Oxford,79049 CEDEX 9,153
578,Tagcat,Coleman,,8
579,Zazio,Northfield,69820-000,9
580,Riffpedia,Holy Cross,,9
581,Jamia,Lawn,,0947
582,Fliptune,Clyde Gallagher,95880-000,858
583,Meejo,Buell,,38
584,Fiveclub,Holy Cross,055018,76
585,Twinte,Arapahoe,331 65,3
586,Twinder,Burning Wood,,9816
587,Devbug,Comanche,,0
588,Zoonoodle,Schurz,,23007
589,Quaxo,Westridge,88099 CEDEX 9,2
590,LiveZ,Butternut,,9
591,Roodel,Judy,,22486
592,Tambee,Sullivan,,350
593,Teklist,Mcguire,0243,91
594,Trudoo,Roxbury,2629,23
595,Twitterwire,Little Fleur,3050-015,54
596,Kimia,Di Loreto,452778,7572
597,Meejo,Corben,26907 CEDEX 9,5779
598,Pixonyx,Warner,,21
599,Aimbu,Sachs,392519,5
600,Blognation,Surrey,,31
601,Fliptune,Mariners Cove,,61
602,Fiveclub,Truax,,269
603,Jabbertype,Little Fleur,,508
604,Linktype,Green Ridge,542 34,14
605,Kimia,Fallview,,40741
606,Realcube,Basil,,2
607,Centizu,Killdeer,,12
608,Topiczoom,Rusk,,8547
609,Skibox,Blaine,,67
610,Meeveo,Hooker,,2452
611,Ailane,Scoville,673550,3
612,Einti,Hagan,2350-697,53
613,Meemm,Mariners Cove,65420-000,4239
614,Geba,Dennis,443 14,4585
615,Nlounge,Mcguire,,77972
616,Thoughtblab,Thierer,,2
617,Skinte,Graedel,,2677
618,Ooba,Sachtjen,,6
619,Yozio,Westend,,925
620,Mymm,Clemons,,368
621,Edgetag,Nova,,896
622,Twitterwire,Dawn,,94
623,Blogpad,David,54046 CEDEX,19860
624,Dynabox,Wayridge,5244,712
625,Gabvine,3rd,05-080,95976
626,Skivee,Ridgeview,192057,35085
627,Skimia,Cambridge,,45
628,Pixonyx,Ryan,,84820
629,Omba,Forster,,77778
630,Eadel,Surrey,1160,64005
631,Oozz,Bayside,880-2215,781
632,Brightdog,Cherokee,95813,093
633,Skyble,Spohn,14140-000,92
634,DabZ,Memorial,4940-374,277
635,Meevee,Florence,,4
636,Roodel,Morningstar,41210,0149
637,Yambee,Waubesa,28114 CEDEX,82031
638,Ntags,Northridge,,4454
639,Jabbercube,Manley,,17913
640,Blogtags,Armistice,,08
641,Tazzy,Prentice,,551
642,Realcube,Kinsman,,46
643,Jabbersphere,Helena,,5041
644,Pixope,Dovetail,L33,860
645,Roomm,Namekagon,,47521
646,Twimm,Ludington,K4K,7266
647,Yoveo,Homewood,,873
648,Aimbu,Donald,,880
649,Jaxbean,Corben,,534
650,Centimia,Swallow,,86
651,Vinte,Springs,5644,4
652,Teklist,Oak Valley,,87428
653,Skinder,Paget,,7978
654,Skinte,Cody,,1
655,Meemm,Corben,4830-813,96
656,Youfeed,Katie,,1845
657,Zava,Hollow Ridge,,25
658,Meembee,Londonderry,,3320
659,Fiveclub,Heffernan,95128,27
660,Mudo,Sundown,,437
661,Oyoloo,Old Shore,,77
662,Roomm,Twin Pines,,3
663,Roodel,Spaight,35164 CEDEX,22
664,Muxo,Rowland,471 23,2
665,Yozio,Banding,51715 CEDEX,4
666,Skyvu,Schmedeman,,87
667,Dazzlesphere,Kropf,417 41,52940
668,Ailane,Debs,141364,9398
669,Wordify,Kinsman,451 32,79
670,Meemm,Homewood,,082
671,Yozio,Leroy,,24437
672,Tazzy,Kenwood,81310,70284
673,Devbug,Prentice,175 54,0
674,Eidel,Atwood,,0815
675,Skyba,Doe Crossing,12570-000,02762
676,Camimbo,Springview,972 42,65397
677,Zoomcast,Lighthouse Bay,,73
678,Jazzy,Fairfield,32400-000,83975
679,Yabox,Dahle,,5
680,Miboo,Donald,,580
681,Twitterwire,Westend,,15516
682,Zoomcast,Burrows,37705 CEDEX,054
683,Skinix,Farragut,397507,110
684,Zoomcast,Eagan,,298
685,Yambee,Arkansas,,354
686,Zoombox,Holy Cross,,003
687,Twinder,Florence,04109,815
688,Mydo,West,2508,8
689,Blogpad,Brentwood,162250,73
690,Buzzbean,Bartelt,3001,6
691,Thoughtworks,Clemons,3800-766,70
692,Eire,Farmco,,90
693,Meetz,Oak,,8374
694,Zoomdog,Sunfield,551 11,7
695,Eidel,Corben,,72
696,Skyndu,Gateway,7203,0588
697,Tagfeed,Columbus,756 57,185
698,Realmix,Saint Paul,,1
699,Yotz,Warbler,4331,1133
700,Zazio,Sutteridge,,5
701,Avavee,Lakewood Gardens,,31
702,Skynoodle,Lien,35516-000,859
703,Ozu,Gale,,75
704,Twimm,Arrowood,,43
705,Kimia,Havey,5385,2320
706,Devpoint,Fremont,,6283
707,Cogidoo,Glacier Hill,,36
708,Oyope,Moland,,2546
709,Youtags,Luster,,55
710,Tagpad,Claremont,145 69,00
711,Leexo,Cottonwood,,30
712,Pixoboo,Continental,60-852,086
713,Skiptube,Mifflin,,6427
714,Bubblemix,Red Cloud,,961
715,Yodo,Green Ridge,47010,07123
716,Aimbu,Red Cloud,,59
717,Realpoint,Dixon,,6
718,InnoZ,Rusk,562 06,52296
719,Twitterwire,Lunder,4805-005,61
720,Youfeed,Lillian,,6562
721,Browsedrive,Springview,,07433
722,Yombu,Menomonie,,7
723,Vimbo,Warbler,,40
724,Skynoodle,Brickson Park,,78956
725,Twitterbeat,Scoville,72052 CEDEX 2,13
726,Thoughtblab,Independence,,858
727,Chatterbridge,Forest Dale,66191,4
728,Devpoint,Bunker Hill,,6755
729,Yakidoo,Bellgrove,9206,54
730,Dabshots,Hudson,,79
731,Jayo,Brown,,7
732,Aivee,Eggendart,49-200,22293
733,Skidoo,Graceland,,32792
734,Mybuzz,Bowman,,06
735,Avaveo,Daystar,,46349
736,Kwimbee,Carberry,14922 CEDEX 9,88178
737,Yakitri,Redwing,33110,17
738,Topdrive,Myrtle,,453
739,Babbleblab,Twin Pines,,56
740,Oba,Coleman,5531,5425
741,Buzzshare,Cambridge,,6
742,Devpoint,Fieldstone,00128,65
743,Jaxbean,Beilfuss,2114,2
744,Twimbo,Everett,,0300
745,Realbridge,Redwing,,78
746,Kwideo,Roxbury,,4
747,Topiclounge,Sloan,6360,42
748,Voolith,Melvin,4635-207,42
749,Dabfeed,Stoughton,,27465
750,Digitube,Vernon,,6062
751,Vimbo,Main,,9
752,Skibox,Jenifer,411 10,7364
753,Jabberstorm,7th,624365,6
754,Skipfire,East,456950,52
755,Tagtune,Logan,,7
756,Linkbuzz,Vernon,,0915
757,Aimbu,Shelley,,54898
758,Roombo,Anniversary,24053 CEDEX,09
759,Lazzy,Division,,8
760,Eabox,Blackbird,233539,87509
761,Tagfeed,Blaine,,3
762,Tavu,Schiller,ZTN,988
763,Ntag,American,,601
764,Linklinks,Jenna,397355,0639
765,Minyx,Prairie Rose,,8
766,Viva,Acker,,3789
767,Realpoint,Heffernan,9504,26
768,Jaxbean,Bultman,13858 CEDEX 3,78
769,Topicstorm,Nelson,,058
770,Buzzster,Jenna,14040 CEDEX 4,1
771,Photobug,Prairieview,,4
772,Centimia,Pleasure,,90678
773,Meejo,Gina,,4720
774,Gigabox,Riverside,4069,2948
775,Yodo,Merrick,,305
776,Trudoo,Prairie Rose,,443
777,Eayo,Algoma,,1913
778,Topicshots,Utah,92110,5
779,Wikizz,Swallow,,96
780,Vinte,Kennedy,,0345
781,Shufflester,3rd,,247
782,Digitube,Karstens,277 03,84419
783,Bubbletube,Thierer,D04,34851
784,Chatterpoint,Starling,3382,3
785,Skipstorm,New Castle,574 28,42
786,Skinte,Esch,949-1738,32
787,Skyba,Pond,3094,9621
788,Yacero,La Follette,,361
789,Eamia,Dennis,,18938
790,Eire,Transport,6333,79921
791,Vinder,Mayfield,1304,39723
792,Jaxspan,Pawling,,25
793,InnoZ,Eagan,,872
794,Divanoodle,Nelson,10412,5627
795,Skinix,Mosinee,163028,5683
796,Aimbu,5th,522088,24
797,Bluejam,Rockefeller,,3144
798,Tanoodle,International,,4436
799,Yoveo,Clemons,3001,38
800,Tagtune,Evergreen,,88973
801,Twimbo,Fair Oaks,,371
802,LiveZ,Goodland,,71
803,Mymm,Manley,761508,04
804,Wikibox,American Ash,,988
805,Twimm,Orin,,6
806,Devbug,Vera,,9
807,Photobug,Annamark,V2G,53
808,Linktype,Golf View,,1812
809,Bluejam,Carpenter,,1
810,Dazzlesphere,Kipling,,25
811,Feedmix,Nevada,28-425,8183
812,Mybuzz,Sutteridge,,3518
813,Bubblemix,Hagan,,57087
814,Browseblab,Pankratz,,39804
815,Blognation,Spohn,2425-838,31775
816,Jaxbean,Grim,,9
817,Divape,Everett,,47783
818,Vinte,International,,5240
819,Vinte,Waxwing,,16121
820,Leexo,Victoria,76883 CEDEX,35791
821,Vipe,Riverside,32-435,674
822,Browseblab,Bellgrove,051059,31662
823,Meetz,Morrow,538 03,26
824,Yoveo,Mandrake,,5622
825,Podcat,Lindbergh,4795-549,8642
826,Photojam,Fordem,,7055
827,Einti,Ridge Oak,644552,416
828,Jetpulse,Texas,,28104
829,Skajo,Messerschmidt,40160,82431
830,Yambee,Merrick,393995,24788
831,Eadel,Moose,,04
832,Meevee,Mosinee,,080
833,Skajo,Everett,S0H,28
834,Zoonder,Arkansas,162 50,164
835,Miboo,Straubel,955-0156,88
836,Skilith,Cottonwood,,4
837,Nlounge,8th,11403,0301
838,Brainbox,Clyde Gallagher,2256,53
839,Wikibox,Pepper Wood,385331,3262
840,Zoovu,Pepper Wood,,9
841,Kamba,Gale,9420,12185
842,Jabberbean,Stoughton,,104
843,Demizz,Johnson,97265 CEDEX,5
844,Trilia,Maryland,52204 CEDEX,6
845,Devcast,West,08-130,393
846,Avamba,Michigan,,6375
847,Wikibox,Lotheville,40160,3
848,Meedoo,Kipling,02745,021
849,Flashset,John Wall,49-200,48
850,Realcube,Sullivan,,524
851,Gabtune,Ridgeway,,6
852,JumpXS,Miller,06905,9359
853,Eare,Roxbury,09450-000,8643
854,Ozu,Dryden,,77931
855,Tavu,Monument,,66
856,Dynava,Darwin,65000-000,32622
857,Trilia,Shelley,387 11,409
858,Avaveo,Cambridge,,8
859,Skimia,Bowman,,06
860,Yoveo,Memorial,,52745
861,Mybuzz,Myrtle,,282
862,Skipstorm,Dapin,,36
863,Tagchat,Moose,,9
864,Devcast,Commercial,,029
865,Jamia,Hoffman,,9
866,Wordify,Burrows,,23899
867,Wikivu,Namekagon,,32479
868,Thoughtstorm,Walton,,2699
869,Blognation,Maple Wood,,994
870,Topdrive,Independence,,40
871,Zooxo,Troy,762 91,9
872,Babbleset,Hermina,662955,526
873,Bubblemix,Garrison,,25387
874,Wordify,Spenser,41901,9
875,Tavu,Holmberg,,56
876,Meembee,Blaine,,22
877,Topdrive,Tomscot,,235
878,Topicstorm,Village,,4994
879,Pixope,Reindahl,,359
880,Photobean,Loftsgordon,,47
881,Izio,Bunker Hill,H71,5
882,Gigaclub,Sutherland,,394
883,Devbug,Trailsway,,407
884,Wordify,Norway Maple,6543,2841
885,Avavee,Sunnyside,,32
886,Npath,Miller,77-143,83
887,Twiyo,Longview,6819,7
888,Skibox,Eastwood,,1931
889,Ooba,Cody,8340,89
890,Brainverse,Bayside,43010 CEDEX,0034
891,Zoomdog,American Ash,11440,63691
892,Trilia,Blaine,,155
893,Eare,Weeping Birch,,627
894,Wordify,Carioca,,18
895,Demivee,Wayridge,,914
896,Realbridge,Alpine,,59347
897,Agimba,Havey,,14344
898,Yakitri,Grasskamp,,72737
899,Gigaclub,Shasta,530 12,2
900,Zoozzy,Dennis,59-339,1
901,Digitube,David,PTA,9
902,Yoveo,Pearson,,71
903,Realpoint,Lakewood,85009 CEDEX,94354
904,Chatterpoint,Buena Vista,,83
905,Photospace,Michigan,,2
906,Blogtag,Commercial,141707,5272
907,Jabbersphere,Mesta,646620,4002
908,Skilith,Erie,,62
909,Wordify,Shelley,584 01,7
910,Leexo,Haas,,80
911,Layo,Cottonwood,,34
912,Thoughtstorm,Shopko,93600-000,40
913,Topicblab,Messerschmidt,,3569
914,Tagopia,Schiller,5100-121,76656
915,Gabtype,Pleasure,,44
916,Edgeclub,Spenser,37-741,23
917,Kwinu,Waxwing,7118,14
918,Skajo,Di Loreto,,62
919,Skipfire,Karstens,,1
920,Camido,Mitchell,40041,8
921,Jazzy,Anthes,,20
922,Fivechat,Logan,1404,1
923,Babbleopia,Macpherson,,7
924,Yadel,Bluejay,121 36,812
925,Zoomdog,Bartelt,,8902
926,Meemm,Mayer,2670-335,568
927,Camimbo,Burrows,,3
928,Realfire,Tennessee,35-959,8021
929,Zoomzone,Aberg,,0167
930,Livepath,Sommers,,94301
931,Rhyloo,Dunning,826 86,3813
932,Meevee,Northview,5383,55988
933,Roombo,Bonner,,8
934,Jaloo,Schmedeman,,7
935,Voonyx,Bluestem,60078,35656
936,Myworks,Park Meadow,9018,8
937,Zoombeat,Merry,,0
938,Chatterbridge,Melby,3865-004,79
939,Shufflester,Sheridan,43656,71
940,Dabfeed,Merry,19204 CEDEX,24217
941,Skimia,Old Gate,,652
942,Snaptags,Lakewood Gardens,35141,642
943,Tagtune,Reinke,,34
944,Abatz,Lien,84977 CEDEX,84
945,Roodel,Bunker Hill,,1
946,Browsebug,Division,431 10,0
947,Shuffledrive,Parkside,,71275
948,Edgetag,2nd,416471,596
949,Edgeblab,Cambridge,29920,8
950,Skinte,Artisan,46852,71
951,Skipstorm,Monica,,5779
952,Meezzy,Magdeline,,0
953,Twitterbridge,Hoffman,6820,0
954,Ozu,Scoville,60630,53196
955,Realfire,Kinsman,39-306,48
956,Dabshots,North,,5484
957,Jamia,Miller,,3
958,Quinu,Stoughton,80-893,8
959,Einti,Fairview,2435-609,174
960,Fivechat,Hallows,A98,7
961,Muxo,Bayside,49140-000,6495
962,Devpoint,Rowland,727-0203,949
963,Zooxo,Dottie,2600,49
964,Snaptags,Old Shore,3680-077,372
965,Gigazoom,Laurel,K36,79055
966,Avavee,Graceland,,792
967,Wordtune,Heath,,24215
968,Blogtag,Fieldstone,,0
969,Flipopia,Troy,,2395
970,Avaveo,Warbler,330 22,06
971,Rhyzio,Fulton,,43
972,Voomm,Manitowish,,983
973,Quimba,Lighthouse Bay,,01
974,Kazu,Arkansas,,8
975,Nlounge,Oak Valley,59-601,3951
976,Tazzy,Little Fleur,,019
977,Katz,Lighthouse Bay,442965,33
978,Devbug,Surrey,2109,03
979,Rooxo,Laurel,,5051
980,Livetube,Prairieview,,96611
981,Flashset,Badeau,,41
982,Voonyx,Reinke,66-342,52457
983,Jaxbean,Prairie Rose,33686,59
984,Roodel,Pawling,,05157
985,Plajo,Debs,01057,4651
986,Yodel,Farragut,,2750
987,InnoZ,Twin Pines,42014 CEDEX 2,6067
988,Tavu,Grasskamp,1126,07150
989,Rhyloo,Veith,,35
990,Meembee,Brown,,3677
991,Skippad,Coolidge,,439
992,Rhybox,Kinsman,,60801
993,Camimbo,Ridgeview,75100 CEDEX 01,48
994,Pixonyx,Farwell,85019,79473
995,Zava,6th,541 45,40853
996,Oozz,Bluejay,6313,2
997,Centizu,Armistice,09024,9948
998,Linkbridge,Knutson,29223,42
999,Babbleopia,Upham,,58
1000,Babbleset,Shopko,,229
