1,Chinese Foods - Cantonese,"€791,82",2/6/2023,1,1
2,Crab - Imitation Flakes,"€760,16",11/4/2022,2,2
3,Plastic Wrap,"€524,55",7/17/2022,3,3
4,Triple Sec - Mcguinness,"€977,74",10/20/2022,4,4
5,"Beans - Black Bean, Preserved","€447,28",6/19/2022,5,5
6,"Extract - Vanilla,artificial","€939,60",1/4/2023,6,6
7,Pepper - Roasted Red,"€672,34",11/13/2022,7,7
8,Apricots Fresh,"€74,51",11/19/2022,8,8
9,Wine - Fat Bastard Merlot,"€691,59",10/12/2022,9,9
10,"Cheese - Boursin, Garlic / Herbs","€54,98",1/10/2023,10,10
11,Island Oasis - Banana Daiquiri,"€976,38",5/12/2023,11,11
12,Tomatoes - Yellow Hot House,"€564,82",10/10/2022,12,12
13,Pepper - Cayenne,"€575,58",12/23/2022,13,13
14,"Pasta - Penne, Rigate, Dry","€492,86",5/20/2023,14,14
15,Butter - Salted,"€282,17",9/27/2022,15,15
16,Tea - Camomele,"€106,62",3/19/2023,16,16
17,Bread - Italian Sesame Poly,"€82,70",8/4/2022,17,17
18,Beef - Inside Round,"€573,96",9/5/2022,18,18
19,Coffee - 10oz Cup 92961,"€706,11",9/4/2022,19,19
20,Pasta - Canelloni,"€901,08",7/2/2022,20,20
21,Flax Seed,"€537,45",11/2/2022,21,21
22,French Kiss Vanilla,"€779,92",3/13/2023,22,22
23,Roe - Flying Fish,"€414,18",10/8/2022,23,23
24,"Tart Shells - Sweet, 3","€245,08",3/15/2023,24,24
25,Wine - Shiraz South Eastern,"€219,94",1/6/2023,25,25
26,Bread Fig And Almond,"€721,44",2/22/2023,26,26
27,Flavouring Vanilla Artificial,"€110,84",8/14/2022,27,27
28,Salad Dressing,"€766,56",9/28/2022,28,28
29,Tea - Green,"€235,60",10/6/2022,29,29
30,Muffin - Mix - Creme Brule 15l,"€336,49",2/5/2023,30,30
31,"Coconut - Shredded, Sweet","€651,05",7/27/2022,31,31
32,"Soup - Campbells, Classic Chix","€619,27",10/20/2022,32,32
33,"Bread - Multigrain, Loaf","€322,96",2/26/2023,33,33
34,Bread - Rye,"€374,14",8/30/2022,34,34
35,Pur Source,"€463,92",2/17/2023,35,35
36,Beer - Tetleys,"€692,00",3/22/2023,36,36
37,Cleaner - Lime Away,"€152,62",10/24/2022,37,37
38,Soap - Pine Sol Floor Cleaner,"€669,78",12/10/2022,38,38
39,Nacho Chips,"€785,30",3/28/2023,39,39
40,Cookies - Assorted,"€151,84",3/15/2023,40,40
41,"Beef - Tongue, Fresh","€358,28",9/26/2022,41,41
42,Wine - Merlot Vina Carmen,"€597,75",12/24/2022,42,42
43,Bread - Calabrese Baguette,"€810,90",2/4/2023,43,43
44,Spring Roll Wrappers,"€630,19",8/7/2022,44,44
45,Mussels - Frozen,"€806,02",5/24/2022,45,45
46,Pastry - Key Limepoppy Seed Tea,"€121,01",12/22/2022,46,46
47,"Beans - Kidney, Canned","€159,01",7/4/2022,47,47
48,Wine - Marlbourough Sauv Blanc,"€899,68",5/15/2023,48,48
49,Leeks - Large,"€391,60",5/30/2022,49,49
50,Appetiser - Bought,"€58,53",11/1/2022,50,50
51,Beer - Original Organic Lager,"€449,31",2/15/2023,51,51
52,Parsley - Dried,"€603,76",9/22/2022,52,52
53,Puree - Raspberry,"€799,13",10/9/2022,53,53
54,Chocolate - Chips Compound,"€829,08",2/7/2023,54,54
55,Tomato - Green,"€924,42",2/3/2023,55,55
56,"Bread - Roll, Canadian Dinner","€342,47",4/11/2023,56,56
57,Beer - Original Organic Lager,"€717,45",1/8/2023,57,57
58,Tomatoes Tear Drop,"€923,63",6/15/2022,58,58
59,Lamb - Rack,"€462,33",11/4/2022,59,59
60,Juice - Apple Cider,"€524,02",8/17/2022,60,60
61,Pepper - Chili Powder,"€803,23",11/16/2022,61,61
62,Soup - Campbells - Tomato,"€31,97",12/16/2022,62,62
63,Eel Fresh,"€255,36",5/15/2023,63,63
64,Poppy Seed,"€489,22",4/1/2023,64,64
65,Kiwano,"€730,40",1/14/2023,65,65
66,"Tendrils - Baby Pea, Organic","€894,29",4/10/2023,66,66
67,Yoplait Drink,"€926,76",7/20/2022,67,67
68,Rye Special Old,"€748,78",9/8/2022,68,68
69,Cheese - Cambozola,"€961,63",7/14/2022,69,69
70,Mushroom - White Button,"€282,38",3/21/2023,70,70
71,"Seedlings - Mix, Organic","€723,86",5/9/2023,71,71
72,"Garlic - Primerba, Paste","€732,24",3/1/2023,72,72
73,"Lemonade - Strawberry, 591 Ml","€596,48",9/2/2022,73,73
74,Beer - Camerons Auburn,"€435,71",10/2/2022,74,74
75,Table Cloth 54x72 White,"€718,46",4/18/2023,75,75
76,"Pork - Bacon,back Peameal","€229,45",10/26/2022,76,76
77,Sage - Fresh,"€896,82",9/4/2022,77,77
78,Truffle Cups Green,"€832,41",2/12/2023,78,78
79,"Crab - Claws, 26 - 30","€354,24",7/5/2022,79,79
80,"Oil - Food, Lacquer Spray","€746,94",11/1/2022,80,80
81,"Turkey - Breast, Boneless Sk On","€145,17",10/31/2022,81,81
82,Pepper - Red Bell,"€870,53",4/6/2023,82,82
83,"Juice - Tomato, 10 Oz","€403,19",11/23/2022,83,83
84,Wine - Piper Heidsieck Brut,"€657,52",9/14/2022,84,84
85,Gelatine Leaves - Envelopes,"€439,91",4/24/2023,85,85
86,"Wine - Red, Lurton Merlot De","€847,45",4/25/2023,86,86
87,Beans - Green,"€234,57",7/12/2022,87,87
88,Chicken Breast Wing On,"€313,22",7/1/2022,88,88
89,"Juice - Clam, 46 Oz","€491,67",4/5/2023,89,89
90,Muffin Hinge Container 6,"€558,77",7/5/2022,90,90
91,Juice - Apple 284ml,"€365,84",8/21/2022,91,91
92,Muffin Carrot - Individual,"€971,11",10/22/2022,92,92
93,Lotus Leaves,"€441,51",4/7/2023,93,93
94,Steam Pan Full Lid,"€600,52",3/4/2023,94,94
95,Crab - Imitation Flakes,"€839,73",2/4/2023,95,95
96,Olives - Stuffed,"€30,32",1/13/2023,96,96
97,Carbonated Water - Strawberry,"€579,99",10/27/2022,97,97
98,Veal - Knuckle,"€935,60",2/11/2023,98,98
99,Water - Tonic,"€429,85",9/15/2022,99,99
100,"Pork - Tenderloin, Frozen","€206,88",11/1/2022,100,100
101,Beer - Molson Excel,"€563,13",11/27/2022,101,101
102,Brandy Apricot,"€606,17",4/20/2023,102,102
103,"Vodka - Hot, Lnferno","€212,28",3/29/2023,103,103
104,Soup - Campbellschix Stew,"€989,25",8/27/2022,104,104
105,Chocolate Bar - Reese Pieces,"€856,80",9/19/2022,105,105
106,Veal - Slab Bacon,"€642,33",2/10/2023,106,106
107,Ecolab - Ster Bac,"€950,15",11/11/2022,107,107
108,Paper Towel Touchless,"€17,20",12/6/2022,108,108
109,Pea - Snow,"€196,08",9/15/2022,109,109
110,"Pepper - White, Whole","€276,54",5/18/2023,110,110
111,Chef Hat 25cm,"€387,41",6/24/2022,111,111
112,Wine - Jaboulet Cotes Du Rhone,"€384,35",4/8/2023,112,112
113,Island Oasis - Peach Daiquiri,"€678,12",1/20/2023,113,113
114,"Wine - Red, Metus Rose","€136,65",3/16/2023,114,114
115,Muffin Mix - Chocolate Chip,"€655,32",1/15/2023,115,115
116,Pepper - Yellow Bell,"€673,86",11/17/2022,116,116
117,Wine - Clavet Saint Emilion,"€625,06",3/9/2023,117,117
118,"Mushroom - Enoki, Dry","€719,43",3/28/2023,118,118
119,Peach - Fresh,"€633,86",4/30/2023,119,119
120,Sour Puss - Tangerine,"€16,72",5/24/2022,120,120
121,The Pop Shoppe - Black Cherry,"€472,96",10/10/2022,121,121
122,Dooleys Toffee,"€359,28",9/12/2022,122,122
123,Sprouts Dikon,"€361,20",3/6/2023,123,123
124,Compound - Mocha,"€961,76",9/24/2022,124,124
125,Ice Cream - Chocolate,"€224,96",11/26/2022,125,125
126,"Wine - White, Pelee Island","€0,69",1/11/2023,126,126
127,Nori Sea Weed - Gold Label,"€586,21",5/8/2023,127,127
128,"Sauce - Bernaise, Mix","€198,64",3/16/2023,128,128
129,Lettuce - Spring Mix,"€207,28",3/7/2023,129,129
130,Carbonated Water - Raspberry,"€955,27",7/14/2022,130,130
131,Eggroll,"€631,81",7/27/2022,131,131
132,Oil - Avocado,"€59,22",2/4/2023,132,132
133,"Bread - Pita, Mini","€500,53",5/29/2022,133,133
134,Cheese - Pont Couvert,"€296,30",5/31/2022,134,134
135,Squid - Breaded,"€258,25",3/18/2023,135,135
136,Lidsoupcont Rp12dn,"€419,37",9/5/2022,136,136
137,Mangostein,"€308,07",2/11/2023,137,137
138,Curry Powder Madras,"€315,39",12/18/2022,138,138
139,"Beans - Kidney, Canned","€371,48",8/26/2022,139,139
140,Bacardi Mojito,"€922,43",1/15/2023,140,140
141,"Wine - White, Antinore Orvieto","€461,79",4/2/2023,141,141
142,Vegetable - Base,"€289,16",4/3/2023,142,142
143,Fudge - Cream Fudge,"€172,25",3/20/2023,143,143
144,Buffalo - Tenderloin,"€949,24",3/14/2023,144,144
145,Beef Tenderloin Aaa,"€468,61",10/4/2022,145,145
146,Wine - Prem Select Charddonany,"€573,99",10/7/2022,146,146
147,Tomato - Peeled Italian Canned,"€954,92",8/20/2022,147,147
148,"Lamb - Leg, Boneless","€11,76",7/12/2022,148,148
149,Spice - Onion Powder Granulated,"€753,50",8/11/2022,149,149
150,Nantucket Orange Juice,"€133,76",11/8/2022,150,150
151,Oil - Sunflower,"€771,79",5/15/2023,151,151
152,Snails - Large Canned,"€184,66",3/31/2023,152,152
153,"Beef - Ground, Extra Lean, Fresh","€476,78",6/27/2022,153,153
154,"Rum - Cream, Amarula","€62,97",4/21/2023,154,154
155,Flower - Potmums,"€894,51",3/18/2023,155,155
156,Kale - Red,"€780,96",8/14/2022,156,156
157,Wine - Magnotta - Cab Sauv,"€631,78",1/26/2023,157,157
158,Ice Cream Bar - Drumstick,"€525,86",5/11/2023,158,158
159,Bread - Olive Dinner Roll,"€825,82",8/26/2022,159,159
160,Gelatine Leaves - Bulk,"€895,33",12/22/2022,160,160
161,"Ice - Clear, 300 Lb For Carving","€223,36",9/27/2022,161,161
162,Wine - Blue Nun Qualitatswein,"€377,27",7/1/2022,162,162
163,Butter Balls Salted,"€364,18",7/2/2022,163,163
164,Table Cloth 81x81 White,"€647,48",10/5/2022,164,164
165,Quail Eggs - Canned,"€931,69",11/20/2022,165,165
166,Wine - Casablanca Valley,"€206,76",1/17/2023,166,166
167,Garlic - Elephant,"€288,69",10/24/2022,167,167
168,Squid - Tubes / Tenticles 10/20,"€770,76",10/12/2022,168,168
169,Bread - French Stick,"€618,22",9/25/2022,169,169
170,Melon - Watermelon Yellow,"€575,97",3/22/2023,170,170
171,"Tea - Darjeeling, Azzura","€220,61",11/2/2022,171,171
172,Nantucket - Kiwi Berry Cktl.,"€624,54",10/13/2022,172,172
173,Miso Paste White,"€593,29",2/26/2023,173,173
174,Cumin - Whole,"€624,34",10/11/2022,174,174
175,Eggwhite Frozen,"€721,16",11/4/2022,175,175
176,Bandage - Flexible Neon,"€489,14",1/3/2023,176,176
177,Kellogs All Bran Bars,"€414,11",12/26/2022,177,177
178,Cheese - Wine,"€710,49",7/19/2022,178,178
179,Wine - Taylors Reserve,"€563,99",5/11/2023,179,179
180,Yeast Dry - Fleischman,"€24,76",5/16/2023,180,180
181,Wine - Riesling Alsace Ac 2001,"€822,37",9/30/2022,181,181
182,"Pasta - Fettuccine, Egg, Fresh","€651,23",8/27/2022,182,182
183,Parasol Pick Stir Stick,"€607,44",8/17/2022,183,183
184,Salmon Steak - Cohoe 6 Oz,"€196,72",10/28/2022,184,184
185,Mudslide,"€871,38",4/6/2023,185,185
186,Lid Coffeecup 12oz D9542b,"€901,21",6/7/2022,186,186
187,"Veal - Brisket, Provimi,bnls","€32,29",4/5/2023,187,187
188,Artichokes - Jerusalem,"€956,78",3/31/2023,188,188
189,Creme De Cacao White,"€101,95",10/15/2022,189,189
190,Vinegar - White,"€820,35",11/2/2022,190,190
191,Campari,"€114,56",4/3/2023,191,191
192,Vinegar - Balsamic,"€290,84",5/9/2023,192,192
193,Plums - Red,"€310,17",2/12/2023,193,193
194,Onion - Dried,"€380,78",12/28/2022,194,194
195,"Fish - Halibut, Cold Smoked","€776,88",3/27/2023,195,195
196,Bacardi Breezer - Tropical,"€747,42",10/15/2022,196,196
197,Cotton Wet Mop 16 Oz,"€354,96",4/6/2023,197,197
198,"Split Peas - Yellow, Dry","€791,65",8/21/2022,198,198
199,Dried Cherries,"€600,12",10/21/2022,199,199
200,"Sprite, Diet - 355ml","€204,72",4/17/2023,200,200
201,Wine - Cava Aria Estate Brut,"€94,08",11/14/2022,201,201
202,Beer - Rickards Red,"€489,41",11/2/2022,202,202
203,Alize Gold Passion,"€322,60",9/6/2022,203,203
204,Juice - Orange 1.89l,"€105,85",11/1/2022,204,204
205,"Napkin - Dinner, White","€767,16",5/4/2023,205,205
206,Energy Drink Bawls,"€199,84",3/19/2023,206,206
207,Pear - Halves,"€712,65",12/14/2022,207,207
208,Wine - Crozes Hermitage E.,"€404,98",11/5/2022,208,208
209,Pepper - Pablano,"€393,80",3/9/2023,209,209
210,"Nestea - Ice Tea, Diet","€129,20",12/19/2022,210,210
211,Slt - Individual Portions,"€403,55",10/24/2022,211,211
212,Muffin - Mix - Creme Brule 15l,"€305,57",10/22/2022,212,212
213,Lettuce - Spring Mix,"€227,12",3/11/2023,213,213
214,Gelatine Leaves - Bulk,"€911,05",11/16/2022,214,214
215,Tea - Herbal - 6 Asst,"€396,61",7/4/2022,215,215
216,Okra,"€639,28",12/28/2022,216,216
217,Carbonated Water - Orange,"€818,80",1/22/2023,217,217
218,"Oil - Truffle, Black","€169,18",3/21/2023,218,218
219,Scallops - 10/20,"€329,91",4/30/2023,219,219
220,Flower - Daisies,"€484,31",9/10/2022,220,220
221,"Mushroom - Trumpet, Dry","€805,88",9/11/2022,221,221
222,Milkettes - 2%,"€243,58",5/7/2023,222,222
223,Red Cod Fillets - 225g,"€831,48",5/26/2022,223,223
224,Extract Vanilla Pure,"€853,94",9/23/2022,224,224
225,Cheese Cloth No 60,"€660,11",11/21/2022,225,225
226,Grenadine,"€367,02",9/6/2022,226,226
227,"Stock - Beef, Brown","€51,73",7/2/2022,227,227
228,Chocolate - Feathers,"€488,96",1/22/2023,228,228
229,Muffin Mix - Morning Glory,"€152,05",5/10/2023,229,229
230,Muffin - Mix - Mango Sour Cherry,"€18,43",4/15/2023,230,230
231,Table Cloth 53x69 White,"€996,48",11/28/2022,231,231
232,"Rice Pilaf, Dry,package","€526,45",10/22/2022,232,232
233,Spice - Peppercorn Melange,"€837,18",3/9/2023,233,233
234,Dill Weed - Fresh,"€439,88",10/22/2022,234,234
235,Pork Casing,"€889,43",7/3/2022,235,235
236,Pasta - Cheese / Spinach Bauletti,"€458,15",1/19/2023,236,236
237,"Pepper - Black, Crushed","€140,56",7/30/2022,237,237
238,Steel Wool,"€385,80",1/7/2023,238,238
239,Bouillion - Fish,"€128,86",1/9/2023,239,239
240,Cassis,"€92,50",8/11/2022,240,240
241,Muffins - Assorted,"€130,67",5/6/2023,241,241
242,Everfresh Products,"€265,85",5/17/2023,242,242
243,"Lettuce - Romaine, Heart","€773,92",10/17/2022,243,243
244,"Chilli Paste, Ginger Garlic","€580,44",9/25/2022,244,244
245,Seabream Whole Farmed,"€411,66",4/6/2023,245,245
246,Lemon Balm - Fresh,"€612,70",7/6/2022,246,246
247,"Bread - Bagels, Mini","€995,58",11/3/2022,247,247
248,Spinach - Frozen,"€185,67",11/12/2022,248,248
249,Beer - Moosehead,"€618,14",6/9/2022,249,249
250,Cheese - Brick With Onion,"€949,81",3/22/2023,250,250
251,Coffee Beans - Chocolate,"€507,87",6/19/2022,251,251
252,Flour - Semolina,"€138,29",8/13/2022,252,252
253,Wine - Vovray Sec Domaine Huet,"€514,02",11/25/2022,253,253
254,Chicken - Ground,"€918,00",4/22/2023,254,254
255,"Beef - Rib Roast, Cap On","€173,25",6/25/2022,255,255
256,Fireball Whisky,"€768,11",12/6/2022,256,256
257,Cornstarch,"€943,45",8/7/2022,257,257
258,Pasta - Ravioli,"€324,64",1/8/2023,258,258
259,Country Roll,"€358,05",3/25/2023,259,259
260,Chef Hat 25cm,"€927,10",1/23/2023,260,260
261,"Nut - Walnut, Pieces","€478,28",5/9/2023,261,261
262,Cups 10oz Trans,"€929,42",6/20/2022,262,262
263,Neckerchief Blck,"€950,21",10/23/2022,263,263
264,"Wine - White, Gewurtzraminer","€752,12",3/12/2023,264,264
265,Cheese - Brie,"€734,98",4/4/2023,265,265
266,Tamarind Paste,"€816,59",1/26/2023,266,266
267,Smirnoff Green Apple Twist,"€618,12",11/22/2022,267,267
268,French Kiss Vanilla,"€855,49",3/15/2023,268,268
269,Pastry - Lemon Danish - Mini,"€604,72",3/22/2023,269,269
270,Beets,"€65,71",2/27/2023,270,270
271,Juice - Propel Sport,"€35,69",7/2/2022,271,271
272,Kiwano,"€664,28",7/28/2022,272,272
273,"Sauce - Apple, Unsweetened","€70,47",4/27/2023,273,273
274,Sour Cream,"€219,66",3/13/2023,274,274
275,Rice - Long Grain,"€90,25",3/10/2023,275,275
276,Parsley - Dried,"€76,22",4/9/2023,276,276
277,Appetizer - Southwestern,"€738,95",12/8/2022,277,277
278,Grapes - Black,"€403,53",10/4/2022,278,278
279,Appetizer - Chicken Satay,"€210,91",2/13/2023,279,279
280,"Sugar - Sweet N Low, Individual","€584,23",9/21/2022,280,280
281,Wine - Pinot Noir Pond Haddock,"€382,24",1/8/2023,281,281
282,Chicken Breast Wing On,"€856,78",12/2/2022,282,282
283,Rosemary - Dry,"€347,12",12/8/2022,283,283
284,"Juice - Grapefruit, 341 Ml","€231,20",4/16/2023,284,284
285,Pork - Backs - Boneless,"€474,41",12/21/2022,285,285
286,Cheese - Ermite Bleu,"€966,10",3/12/2023,286,286
287,Rappini - Andy Boy,"€635,55",1/6/2023,287,287
288,Chicken - Tenderloin,"€738,76",3/28/2023,288,288
289,Icecream - Dstk Super Cone,"€900,81",12/22/2022,289,289
290,Garbage Bags - Black,"€961,46",12/2/2022,290,290
291,Fennel,"€926,00",11/2/2022,291,291
292,Cheese - Gorgonzola,"€989,24",10/17/2022,292,292
293,"Mushroom - Trumpet, Dry","€912,38",4/8/2023,293,293
294,"Sparkling Wine - Rose, Freixenet","€743,54",11/23/2022,294,294
295,Lamb - Whole Head Off,"€466,42",9/29/2022,295,295
296,"Soup - Knorr, Veg / Beef","€300,19",9/13/2022,296,296
297,Mix - Cappucino Cocktail,"€620,33",3/17/2023,297,297
298,"Beef - Tenderlion, Center Cut","€342,14",3/17/2023,298,298
299,Sour Puss Raspberry,"€918,10",10/19/2022,299,299
300,"Sauce - Soya, Light","€700,40",7/8/2022,300,300
301,Cafe Royale,"€847,77",12/26/2022,301,301
302,Barramundi,"€180,94",1/2/2023,302,302
303,Puree - Mango,"€210,65",5/29/2022,303,303
304,Triple Sec - Mcguinness,"€407,82",1/19/2023,304,304
305,Mackerel Whole Fresh,"€641,92",1/22/2023,305,305
306,Relish,"€383,32",4/23/2023,306,306
307,"Marsala - Sperone, Fine, D.o.c.","€680,01",4/21/2023,307,307
308,Wine - Zinfandel Rosenblum,"€46,81",7/4/2022,308,308
309,Ham - Proscuitto,"€226,82",6/19/2022,309,309
310,Orange - Blood,"€657,83",6/21/2022,310,310
311,White Fish - Filets,"€594,05",7/27/2022,311,311
312,Fireball Whisky,"€410,88",4/10/2023,312,312
313,Flour - Whole Wheat,"€465,76",8/7/2022,313,313
314,Crackers - Graham,"€718,60",9/18/2022,314,314
315,"Pork - Bacon, Double Smoked","€808,57",7/5/2022,315,315
316,"Soup - Campbells, Lentil","€462,75",6/8/2022,316,316
317,Appetizer - Shrimp Puff,"€74,83",2/20/2023,317,317
318,Lamb - Rack,"€429,90",3/9/2023,318,318
319,Fond - Neutral,"€477,23",1/12/2023,319,319
320,Table Cloth 54x54 White,"€72,15",12/30/2022,320,320
321,Beer - Guiness,"€685,59",3/23/2023,321,321
322,Pasta - Ravioli,"€733,05",9/7/2022,322,322
323,Dip - Tapenade,"€471,91",4/21/2023,323,323
324,Table Cloth 54x54 White,"€916,32",1/17/2023,324,324
325,Bread - Raisin,"€831,49",5/4/2023,325,325
326,Chicken - Ground,"€90,24",9/16/2022,326,326
327,Ecolab - Solid Fusion,"€196,68",5/18/2023,327,327
328,"Pepper - Julienne, Frozen","€662,63",12/19/2022,328,328
329,Table Cloth 90x90 White,"€219,23",8/23/2022,329,329
330,Wine - Duboeuf Beaujolais,"€645,14",5/3/2023,330,330
331,Wine - Ruffino Chianti Classico,"€195,55",10/14/2022,331,331
332,Garbage Bags - Black,"€538,87",8/5/2022,332,332
333,Icecream - Dstk Strw Chseck,"€796,06",11/26/2022,333,333
334,Allspice - Jamaican,"€292,13",4/11/2023,334,334
335,Beer - Camerons Cream Ale,"€732,25",8/4/2022,335,335
336,Chinese Lemon Pork,"€343,54",12/31/2022,336,336
337,"Tart Shells - Sweet, 2","€621,24",1/17/2023,337,337
338,Oil - Olive,"€19,92",11/21/2022,338,338
339,Pasta - Canelloni,"€185,84",7/18/2022,339,339
340,Breadfruit,"€149,49",11/18/2022,340,340
341,Sesame Seed,"€165,19",9/1/2022,341,341
342,Bar Special K,"€463,98",10/23/2022,342,342
343,"Orange - Canned, Mandarin","€606,20",1/13/2023,343,343
344,Basil - Seedlings Cookstown,"€860,20",7/23/2022,344,344
345,"Mushroom - Oyster, Fresh","€688,72",10/27/2022,345,345
346,"Liners - Banana, Paper","€390,32",8/31/2022,346,346
347,"Potatoes - Purple, Organic","€98,54",1/26/2023,347,347
348,Wine - Remy Pannier Rose,"€842,02",2/16/2023,348,348
349,Bread - Wheat Baguette,"€806,45",7/25/2022,349,349
350,Beef - Top Sirloin - Aaa,"€468,10",6/18/2022,350,350
351,Truffle Cups - Brown,"€687,40",8/4/2022,351,351
352,Foil Cont Round,"€393,99",3/26/2023,352,352
353,Ice Cream Bar - Oreo Sandwich,"€590,18",5/13/2023,353,353
354,Samosa - Veg,"€562,81",6/1/2022,354,354
355,Sauce - Ranch Dressing,"€489,69",7/5/2022,355,355
356,Currants,"€185,86",8/16/2022,356,356
357,Lobak,"€532,18",10/14/2022,357,357
358,Ecolab Crystal Fusion,"€723,62",3/23/2023,358,358
359,Wine - Taylors Reserve,"€2,55",4/20/2023,359,359
360,Squeeze Bottle,"€435,39",10/21/2022,360,360
361,Appetizer - Cheese Bites,"€40,92",7/8/2022,361,361
362,Cheese - Victor Et Berthold,"€449,04",4/5/2023,362,362
363,Soup - Campbells - Chicken Noodle,"€152,74",11/20/2022,363,363
364,Sauce - Hp,"€274,46",7/19/2022,364,364
365,Puree - Raspberry,"€576,07",1/25/2023,365,365
366,Crab - Imitation Flakes,"€622,85",6/14/2022,366,366
367,Vinegar - Cider,"€522,57",8/30/2022,367,367
368,French Pastries,"€473,19",3/1/2023,368,368
369,Ocean Spray - Ruby Red,"€590,34",11/21/2022,369,369
370,Crab Meat Claw Pasteurise,"€291,65",7/28/2022,370,370
371,Tofu - Soft,"€80,07",12/14/2022,371,371
372,Sea Bass - Fillets,"€839,68",10/7/2022,372,372
373,Cake - Lemon Chiffon,"€955,32",12/20/2022,373,373
374,Clams - Bay,"€651,99",3/16/2023,374,374
375,White Baguette,"€427,52",3/29/2023,375,375
376,Samosa - Veg,"€828,34",11/2/2022,376,376
377,Tomatoes - Roma,"€982,97",5/18/2023,377,377
378,Ice Cream Bar - Oreo Cone,"€64,50",1/30/2023,378,378
379,Walkers Special Old Whiskey,"€559,03",6/10/2022,379,379
380,Tofu - Soft,"€491,63",10/11/2022,380,380
381,Veal - Provimi Inside,"€664,98",7/2/2022,381,381
382,Kiwi Gold Zespri,"€42,74",10/10/2022,382,382
383,Chinese Foods - Chicken Wing,"€963,32",8/30/2022,383,383
384,Trout - Smoked,"€361,35",9/6/2022,384,384
385,Savory,"€836,61",10/2/2022,385,385
386,Numi - Assorted Teas,"€396,16",3/12/2023,386,386
387,Table Cloth 54x72 Colour,"€862,23",5/15/2023,387,387
388,"Shrimp - 21/25, Peel And Deviened","€167,75",3/14/2023,388,388
389,Eel - Smoked,"€592,03",10/23/2022,389,389
390,Bread - Raisin Walnut Oval,"€444,09",12/21/2022,390,390
391,Salt And Pepper Mix - Black,"€146,79",7/5/2022,391,391
392,Ham - Cooked Italian,"€140,09",12/22/2022,392,392
393,Whmis Spray Bottle Graduated,"€506,09",11/20/2022,393,393
394,"Trout - Rainbow, Frozen","€920,76",1/14/2023,394,394
395,Wine - Casillero Del Diablo,"€540,06",7/22/2022,395,395
396,"Turkey - Breast, Bone - In","€492,61",12/27/2022,396,396
397,"Pork - Butt, Boneless","€700,77",7/6/2022,397,397
398,Bagelers,"€24,33",10/1/2022,398,398
399,Appetizer - Sausage Rolls,"€725,92",10/17/2022,399,399
400,Vinegar - Tarragon,"€381,27",5/16/2023,400,400
401,Cranberry Foccacia,"€835,27",11/8/2022,401,401
402,Pastry - Butterscotch Baked,"€772,57",3/15/2023,402,402
403,Syrup - Monin - Granny Smith,"€76,21",12/22/2022,403,403
404,Bread - Wheat Baguette,"€348,78",4/5/2023,404,404
405,Herb Du Provence - Primerba,"€501,09",4/28/2023,405,405
406,Sesame Seed Black,"€698,65",4/14/2023,406,406
407,Cheese - Parmesan Grated,"€640,34",11/29/2022,407,407
408,Wine - Two Oceans Sauvignon,"€282,35",6/9/2022,408,408
409,Pork - Backfat,"€44,82",10/5/2022,409,409
410,Pork - Backfat,"€892,14",3/2/2023,410,410
411,"Beets - Candy Cane, Organic","€832,96",1/14/2023,411,411
412,"Champagne - Brights, Dry","€190,02",7/16/2022,412,412
413,Pastry - Chocolate Marble Tea,"€367,45",7/7/2022,413,413
414,Brandy - Bar,"€599,48",10/6/2022,414,414
415,Silicone Paper 16.5x24,"€952,84",12/3/2022,415,415
416,Table Cloth 62x114 White,"€301,50",7/1/2022,416,416
417,Soap - Hand Soap,"€943,06",2/5/2023,417,417
418,Bread - French Stick,"€540,54",1/10/2023,418,418
419,Sprouts - Brussel,"€226,17",4/16/2023,419,419
420,Danishes - Mini Raspberry,"€451,03",6/13/2022,420,420
421,Tequila Rose Cream Liquor,"€843,53",5/6/2023,421,421
422,Pop - Club Soda Can,"€922,18",1/23/2023,422,422
423,Bread Country Roll,"€258,72",7/13/2022,423,423
424,White Baguette,"€610,66",12/20/2022,424,424
425,Bread - Olive Dinner Roll,"€691,38",10/22/2022,425,425
426,Extract - Almond,"€366,36",11/20/2022,426,426
427,"Veal - Round, Eye Of","€542,43",11/28/2022,427,427
428,Fennel - Seeds,"€634,96",8/14/2022,428,428
429,Steampan - Lid For Half Size,"€361,26",4/28/2023,429,429
430,Stock - Fish,"€616,59",5/6/2023,430,430
431,Coffee - Decaffeinato Coffee,"€947,26",8/16/2022,431,431
432,"Cheese - Brie,danish","€358,28",10/12/2022,432,432
433,"Wine - Magnotta, Merlot Sr Vqa","€752,49",11/8/2022,433,433
434,"Tomatoes - Diced, Canned","€469,23",9/21/2022,434,434
435,Creme De Cacao Mcguines,"€836,33",4/25/2023,435,435
436,Muffin - Bran Ind Wrpd,"€270,08",6/24/2022,436,436
437,Cotton Wet Mop 16 Oz,"€128,94",1/20/2023,437,437
438,Sesame Seed,"€948,42",12/15/2022,438,438
439,Pop - Club Soda Can,"€655,46",7/9/2022,439,439
440,Cheese - Goat With Herbs,"€638,58",3/9/2023,440,440
441,Beans - Fava Fresh,"€113,02",8/21/2022,441,441
442,Pears - Bosc,"€133,24",6/3/2022,442,442
443,Bagel - Everything,"€618,21",1/11/2023,443,443
444,Ice Cream - Chocolate,"€44,37",4/12/2023,444,444
445,"Cheese - Mozzarella, Buffalo","€515,74",3/27/2023,445,445
446,Buffalo - Short Rib Fresh,"€845,44",9/30/2022,446,446
447,Bag Clear 10 Lb,"€224,43",11/30/2022,447,447
448,Wheat - Soft Kernal Of Wheat,"€439,40",6/12/2022,448,448
449,Berry Brulee,"€948,13",1/16/2023,449,449
450,Wine - Two Oceans Cabernet,"€457,04",11/25/2022,450,450
451,"Wine - Red, Mouton Cadet","€587,42",6/2/2022,451,451
452,Cookie Dough - Chocolate Chip,"€922,97",1/29/2023,452,452
453,Calypso - Lemonade,"€389,01",7/22/2022,453,453
454,French Kiss Vanilla,"€487,91",2/1/2023,454,454
455,Mussels - Frozen,"€596,15",6/30/2022,455,455
456,Browning Caramel Glace,"€740,12",6/25/2022,456,456
457,Ocean Spray - Kiwi Strawberry,"€108,84",10/15/2022,457,457
458,"Lettuce - Mini Greens, Whole","€877,49",9/24/2022,458,458
459,"Beef - Rib Roast, Capless","€615,54",12/3/2022,459,459
460,Saskatoon Berries - Frozen,"€354,90",4/29/2023,460,460
461,Chocolate - Liqueur Cups With Foil,"€561,96",3/29/2023,461,461
462,Pate - Peppercorn,"€106,60",5/9/2023,462,462
463,"Cheese - Cheddar, Medium","€562,36",1/2/2023,463,463
464,Flavouring Vanilla Artificial,"€387,10",7/14/2022,464,464
465,Oil - Grapeseed Oil,"€517,28",7/3/2022,465,465
466,"Bread - Roll, Calabrese","€713,77",6/7/2022,466,466
467,"Syrup - Golden, Lyles","€514,05",4/10/2023,467,467
468,Syrup - Pancake,"€869,42",2/26/2023,468,468
469,Schnappes Peppermint - Walker,"€807,54",6/8/2022,469,469
470,Muffin Carrot - Individual,"€141,76",7/18/2022,470,470
471,Nacho Chips,"€866,70",4/1/2023,471,471
472,Wine - Periguita Fonseca,"€418,57",11/9/2022,472,472
473,Lettuce - Red Leaf,"€784,64",12/30/2022,473,473
474,Ecolab - Hobart Upr Prewash Arm,"€330,32",6/12/2022,474,474
475,Ice Cream - Super Sandwich,"€776,15",10/27/2022,475,475
476,Graham Cracker Mix,"€662,15",10/3/2022,476,476
477,Flower - Potmums,"€354,89",4/26/2023,477,477
478,Food Colouring - Blue,"€546,79",6/4/2022,478,478
479,Hagen Daza - Dk Choocolate,"€496,12",2/6/2023,479,479
480,Cake - Dulce De Leche,"€900,96",6/8/2022,480,480
481,"Lemonade - Mandarin, 591 Ml","€158,24",4/19/2023,481,481
482,Syrup - Pancake,"€473,63",7/7/2022,482,482
483,Wine - Piper Heidsieck Brut,"€486,73",7/18/2022,483,483
484,Muffin Hinge Container 6,"€183,00",8/9/2022,484,484
485,Sauce - Plum,"€882,22",8/12/2022,485,485
486,Canadian Emmenthal,"€20,42",1/16/2023,486,486
487,Liqueur - Melon,"€645,38",11/2/2022,487,487
488,"Pepper - White, Ground","€617,50",11/4/2022,488,488
489,Beef - Eye Of Round,"€186,59",6/4/2022,489,489
490,"Salt - Rock, Course","€335,48",12/1/2022,490,490
491,Sprouts - Bean,"€398,67",4/17/2023,491,491
492,Wine - Delicato Merlot,"€547,88",12/21/2022,492,492
493,Appetizer - Escargot Puff,"€898,17",1/21/2023,493,493
494,Sobe - Cranberry Grapefruit,"€343,86",11/16/2022,494,494
495,Sauce - Oyster,"€365,27",12/2/2022,495,495
496,"Loaf Pan - 2 Lb, Foil","€695,34",1/4/2023,496,496
497,Calypso - Lemonade,"€306,89",10/1/2022,497,497
498,Chips - Miss Vickies,"€301,26",4/15/2023,498,498
499,"Lamb - Whole, Frozen","€132,15",5/26/2022,499,499
500,Chicken - Livers,"€230,90",4/18/2023,500,500
501,Potatoes - Idaho 100 Count,"€341,41",5/31/2022,501,501
502,Bread - Hamburger Buns,"€928,49",3/5/2023,502,502
503,"Cookies - Oreo, 4 Pack","€27,64",7/31/2022,503,503
504,The Pop Shoppe - Grape,"€178,52",1/8/2023,504,504
505,Cheese - Ricotta,"€511,26",3/17/2023,505,505
506,Silicone Paper 16.5x24,"€49,43",1/5/2023,506,506
507,Milk - Skim,"€735,31",11/10/2022,507,507
508,Lychee,"€871,37",11/17/2022,508,508
509,Kaffir Lime Leaves,"€620,27",5/9/2023,509,509
510,Carbonated Water - Wildberry,"€63,26",4/10/2023,510,510
511,Butcher Twine 4r,"€264,65",4/20/2023,511,511
512,Pie Filling - Apple,"€458,33",11/25/2022,512,512
513,"Lamb - Leg, Diced","€50,59",8/20/2022,513,513
514,"Stock - Chicken, White","€442,74",2/26/2023,514,514
515,Lobster - Canned Premium,"€177,16",2/22/2023,515,515
516,Cheese Cloth,"€490,30",5/24/2022,516,516
517,Water Chestnut - Canned,"€668,28",5/21/2023,517,517
518,Pasta - Ravioli,"€18,14",11/22/2022,518,518
519,"Sauce - White, Mix","€984,40",12/9/2022,519,519
520,Lettuce - Radicchio,"€37,74",2/8/2023,520,520
521,Bagel - Everything Presliced,"€78,12",2/3/2023,521,521
522,"Pork - Back, Long Cut, Boneless","€241,97",2/23/2023,522,522
523,Table Cloth 53x53 White,"€738,96",6/21/2022,523,523
524,Dehydrated Kelp Kombo,"€782,79",9/21/2022,524,524
525,"Mushroom - Chantrelle, Fresh","€480,95",3/5/2023,525,525
526,Vinegar - Cider,"€350,05",3/2/2023,526,526
527,Soup Campbells Beef With Veg,"€453,51",8/30/2022,527,527
528,Spice - Pepper Portions,"€391,54",5/10/2023,528,528
529,Chicken - Ground,"€393,72",8/13/2022,529,529
530,Basil - Fresh,"€509,48",10/15/2022,530,530
531,Compound - Rum,"€158,39",3/30/2023,531,531
532,"Sugar - Sweet N Low, Individual","€521,66",11/24/2022,532,532
533,Container - Clear 32 Oz,"€45,80",3/15/2023,533,533
534,Soup Campbells Beef With Veg,"€309,18",12/21/2022,534,534
535,"Pepper - Paprika, Spanish","€167,10",1/22/2023,535,535
536,V8 - Berry Blend,"€738,29",9/11/2022,536,536
537,Flounder - Fresh,"€448,75",7/22/2022,537,537
538,Butter - Pod,"€36,61",2/12/2023,538,538
539,"Artichoke - Hearts, Canned","€497,25",12/28/2022,539,539
540,Beer - Guiness,"€889,57",2/19/2023,540,540
541,Gloves - Goldtouch Disposable,"€349,88",10/7/2022,541,541
542,Fruit Salad Deluxe,"€43,74",10/27/2022,542,542
543,Buffalo - Tenderloin,"€484,80",5/9/2023,543,543
544,"Marjoram - Dried, Rubbed","€454,23",11/21/2022,544,544
545,Amarula Cream,"€13,95",4/25/2023,545,545
546,Bread - White Mini Epi,"€475,05",10/20/2022,546,546
547,Filling - Mince Meat,"€201,90",5/7/2023,547,547
548,"Beef - Tenderlion, Center Cut","€877,22",2/25/2023,548,548
549,Beef - Texas Style Burger,"€307,70",4/4/2023,549,549
550,Soup - Base Broth Chix,"€761,19",8/7/2022,550,550
551,Garlic - Peeled,"€315,59",2/25/2023,551,551
552,Tomatillo,"€707,53",10/10/2022,552,552
553,Glaze - Clear,"€637,13",11/25/2022,553,553
554,Veal - Slab Bacon,"€826,01",9/11/2022,554,554
555,Onions - Green,"€176,66",3/22/2023,555,555
556,"Sugar - Sweet N Low, Individual","€106,55",3/8/2023,556,556
557,Clam Nectar,"€125,97",9/5/2022,557,557
558,"Cheese - Boursin, Garlic / Herbs","€484,42",12/27/2022,558,558
559,Pepper - Cubanelle,"€670,87",2/14/2023,559,559
560,Water - Evian 355 Ml,"€82,64",5/31/2022,560,560
561,Pastry - Cheese Baked Scones,"€669,35",8/16/2022,561,561
562,Salmon Steak - Cohoe 6 Oz,"€527,59",11/25/2022,562,562
563,Absolut Citron,"€671,12",11/4/2022,563,563
564,Tart - Raisin And Pecan,"€296,86",6/17/2022,564,564
565,Tomatillo,"€812,36",2/4/2023,565,565
566,Coffee Cup 12oz 5342cd,"€694,53",3/7/2023,566,566
567,Bread Base - Toscano,"€577,74",4/15/2023,567,567
568,Lime Cordial - Roses,"€319,35",8/17/2022,568,568
569,Aromat Spice / Seasoning,"€568,41",1/15/2023,569,569
570,"Cake Circle, Paprus","€304,10",6/12/2022,570,570
571,Pimento - Canned,"€682,06",12/29/2022,571,571
572,Muffin Mix - Raisin Bran,"€369,19",1/22/2023,572,572
573,Turnip - White,"€285,57",9/16/2022,573,573
574,Bar Nature Valley,"€523,85",7/15/2022,574,574
575,Nutmeg - Ground,"€627,61",8/19/2022,575,575
576,Bagelers - Cinn / Brown Sugar,"€982,49",3/10/2023,576,576
577,Cheese - Valancey,"€302,09",7/3/2022,577,577
578,Ham Black Forest,"€466,91",11/15/2022,578,578
579,Juice - Lemon,"€901,87",9/10/2022,579,579
580,Chocolate - White,"€705,07",3/28/2023,580,580
581,"Bread - Multigrain, Loaf","€773,82",10/20/2022,581,581
582,Energy Drink,"€379,03",6/16/2022,582,582
583,"Pasta - Canelloni, Single Serve","€155,42",7/23/2022,583,583
584,Curry Paste - Green Masala,"€977,51",8/6/2022,584,584
585,Beans - Soya Bean,"€977,47",2/22/2023,585,585
586,"Crab - Claws, Snow 16 - 24","€941,17",6/17/2022,586,586
587,Bar - Sweet And Salty Chocolate,"€888,74",11/4/2022,587,587
588,"Quail - Whole, Bone - In","€705,12",8/20/2022,588,588
589,Bread - Kimel Stick Poly,"€617,31",1/28/2023,589,589
590,Cake - Miini Cheesecake Cherry,"€569,08",8/10/2022,590,590
591,Crackers - Soda / Saltins,"€651,13",6/6/2022,591,591
592,Sour Puss Raspberry,"€665,17",12/29/2022,592,592
593,Snapple Raspberry Tea,"€32,40",8/11/2022,593,593
594,Muffin Chocolate Individual Wrap,"€8,66",1/8/2023,594,594
595,"Wine - White, Riesling, Henry Of","€753,72",10/20/2022,595,595
596,Cardamon Ground,"€364,34",1/13/2023,596,596
597,Capers - Ox Eye Daisy,"€290,64",9/27/2022,597,597
598,Oyster - In Shell,"€83,87",1/31/2023,598,598
599,"Doilies - 7, Paper","€159,20",10/13/2022,599,599
600,Grapefruit - Pink,"€774,65",9/29/2022,600,600
601,Lid - 3oz Med Rec,"€696,42",8/26/2022,601,601
602,Mix Pina Colada,"€480,76",2/15/2023,602,602
603,Foam Dinner Plate,"€6,95",5/4/2023,603,603
604,Wine - Alsace Riesling Reserve,"€76,13",5/4/2023,604,604
605,"Trout - Rainbow, Frozen","€903,12",12/1/2022,605,605
606,Wine - Vineland Estate Semi - Dry,"€269,91",11/12/2022,606,606
607,Dried Peach,"€945,07",8/2/2022,607,607
608,Table Cloth - 53x69 Colour,"€957,63",8/24/2022,608,608
609,Tamarind Paste,"€724,76",5/1/2023,609,609
610,Wine - Clavet Saint Emilion,"€414,40",6/8/2022,610,610
611,"Marsala - Sperone, Fine, D.o.c.","€224,18",1/14/2023,611,611
612,Beef - Diced,"€665,83",12/23/2022,612,612
613,Sansho Powder,"€178,49",11/4/2022,613,613
614,Poppy Seed,"€437,75",1/13/2023,614,614
615,Beef - Tender Tips,"€749,71",5/18/2023,615,615
616,Sobe - Green Tea,"€959,75",8/7/2022,616,616
617,Plate Foam Laminated 9in Blk,"€566,01",2/5/2023,617,617
618,Steampan Lid,"€818,00",7/13/2022,618,618
619,Pork - Shoulder,"€266,37",2/14/2023,619,619
620,Tamarind Paste,"€387,84",1/30/2023,620,620
621,"Quail - Whole, Bone - In","€899,29",6/20/2022,621,621
622,Sugar - Fine,"€383,59",11/7/2022,622,622
623,Easy Off Oven Cleaner,"€4,29",12/23/2022,623,623
624,Lamb Rack Frenched Australian,"€130,86",7/5/2022,624,624
625,Dooleys Toffee,"€413,84",10/14/2022,625,625
626,Oil - Cooking Spray,"€479,59",8/29/2022,626,626
627,Wine - Segura Viudas Aria Brut,"€130,89",10/3/2022,627,627
628,Bread - Corn Muffaletta,"€884,11",6/1/2022,628,628
629,"Tuna - Canned, Flaked, Light","€751,33",1/9/2023,629,629
630,Sesame Seed Black,"€783,69",5/27/2022,630,630
631,Wine - Valpolicella Masi,"€560,67",6/26/2022,631,631
632,Lamb - Shoulder,"€395,04",11/21/2022,632,632
633,Soup - French Onion,"€40,75",7/15/2022,633,633
634,Cheese - Ermite Bleu,"€911,43",2/20/2023,634,634
635,Sprouts - Pea,"€359,73",11/19/2022,635,635
636,Table Cloth 72x144 White,"€881,77",11/1/2022,636,636
637,Wine - Black Tower Qr,"€910,47",5/10/2023,637,637
638,"Vodka - Hot, Lnferno","€879,51",12/22/2022,638,638
639,Uniform Linen Charge,"€951,86",7/23/2022,639,639
640,"Pasta - Lasagne, Fresh","€433,96",8/5/2022,640,640
641,Pastry - Lemon Danish - Mini,"€600,53",3/31/2023,641,641
642,Sole - Fillet,"€699,50",5/18/2023,642,642
643,Towels - Paper / Kraft,"€969,76",1/14/2023,643,643
644,Rambutan,"€963,73",9/24/2022,644,644
645,"Pasta - Lasagne, Fresh","€709,71",8/21/2022,645,645
646,Lychee,"€100,91",7/17/2022,646,646
647,"Syrup - Monin, Amaretta","€370,92",12/12/2022,647,647
648,Campari,"€784,85",4/22/2023,648,648
649,Lamb - Loin Chops,"€934,34",7/4/2022,649,649
650,Raisin - Golden,"€635,86",10/25/2022,650,650
651,Sugar - Individual Portions,"€442,08",7/24/2022,651,651
652,Cod - Black Whole Fillet,"€934,54",10/13/2022,652,652
653,"Wine - Red, Mosaic Zweigelt","€843,57",9/9/2022,653,653
654,Island Oasis - Peach Daiquiri,"€640,41",5/13/2023,654,654
655,"Basil - Primerba, Paste","€258,81",12/15/2022,655,655
656,"Cake Circle, Paprus","€193,52",8/18/2022,656,656
657,Lid - 16 Oz And 32 Oz,"€402,95",5/21/2023,657,657
658,"Lid - 10,12,16 Oz","€899,19",3/5/2023,658,658
659,Bacardi Breezer - Strawberry,"€974,45",9/26/2022,659,659
660,Chef Hat 25cm,"€386,50",2/17/2023,660,660
661,The Pop Shoppe - Grape,"€300,13",1/4/2023,661,661
662,Lettuce - Belgian Endive,"€19,08",7/25/2022,662,662
663,Persimmons,"€848,99",6/13/2022,663,663
664,Steam Pan - Half Size Deep,"€410,38",4/16/2023,664,664
665,Munchies Honey Sweet Trail Mix,"€276,57",1/30/2023,665,665
666,Cabbage - Nappa,"€807,88",12/8/2022,666,666
667,Vaccum Bag 10x13,"€363,22",4/20/2023,667,667
668,Seedlings - Clamshell,"€227,35",11/6/2022,668,668
669,Bag - Clear 7 Lb,"€135,23",9/30/2022,669,669
670,Compound - Mocha,"€873,57",1/22/2023,670,670
671,Yoplait - Strawbrasp Peac,"€834,49",10/3/2022,671,671
672,Mace Ground,"€998,33",12/5/2022,672,672
673,"Jam - Blackberry, 20 Ml Jar","€222,53",3/2/2023,673,673
674,"Soup - Campbells, Creamy","€875,00",3/26/2023,674,674
675,Allspice - Jamaican,"€721,91",6/10/2022,675,675
676,Soap - Mr.clean Floor Soap,"€431,79",11/8/2022,676,676
677,Beef - Top Sirloin,"€739,99",2/21/2023,677,677
678,Garlic - Elephant,"€675,53",9/11/2022,678,678
679,Soup - Cream Of Broccoli,"€55,22",12/11/2022,679,679
680,Sprouts - Brussel,"€326,50",7/12/2022,680,680
681,"Beef - Bones, Cut - Up","€13,64",8/21/2022,681,681
682,Flour - Strong Pizza,"€529,48",10/1/2022,682,682
683,Basil - Seedlings Cookstown,"€97,49",1/2/2023,683,683
684,Petit Baguette,"€37,02",8/17/2022,684,684
685,Lemon Tarts,"€54,66",2/16/2023,685,685
686,Snapple - Iced Tea Peach,"€40,80",9/4/2022,686,686
687,Tea - Mint,"€955,78",4/19/2023,687,687
688,Appetizer - Veg Assortment,"€323,55",4/12/2023,688,688
689,Food Colouring - Red,"€223,62",12/6/2022,689,689
690,Longos - Assorted Sandwich,"€77,16",11/7/2022,690,690
691,Pineapple - Regular,"€431,73",9/4/2022,691,691
692,Wine - Zinfandel Rosenblum,"€919,24",7/12/2022,692,692
693,Lobster - Live,"€725,62",1/30/2023,693,693
694,Roe - White Fish,"€884,49",11/6/2022,694,694
695,Capers - Ox Eye Daisy,"€965,97",12/24/2022,695,695
696,"Nut - Pine Nuts, Whole","€473,30",9/19/2022,696,696
697,Lettuce - Radicchio,"€123,66",12/30/2022,697,697
698,Lettuce - Boston Bib - Organic,"€53,18",5/23/2023,698,698
699,Flower - Dish Garden,"€83,28",2/5/2023,699,699
700,Bread - Assorted Rolls,"€801,54",2/9/2023,700,700
701,Bread Bowl Plain,"€682,01",9/8/2022,701,701
702,"Pasta - Detalini, White, Fresh","€759,71",4/24/2023,702,702
703,Cheese - Sheep Milk,"€513,27",10/14/2022,703,703
704,Cheese - Colby,"€358,75",3/27/2023,704,704
705,Pork - Smoked Back Bacon,"€902,43",1/13/2023,705,705
706,Figs,"€838,18",11/8/2022,706,706
707,"Veal - Brisket, Provimi, Bone - In","€239,68",2/15/2023,707,707
708,Orange - Tangerine,"€250,81",4/30/2023,708,708
709,Wine - Pinot Noir Pond Haddock,"€274,73",4/1/2023,709,709
710,"Juice - Grapefruit, 341 Ml","€291,98",10/11/2022,710,710
711,"Iced Tea - Lemon, 460 Ml","€997,83",3/2/2023,711,711
712,Pizza Pizza Dough,"€537,37",9/3/2022,712,712
713,Cheese - Oka,"€205,63",6/13/2022,713,713
714,Bread - White Epi Baguette,"€106,08",12/14/2022,714,714
715,Garbage Bag - Clear,"€374,71",11/2/2022,715,715
716,Wine - Puligny Montrachet A.,"€815,26",4/9/2023,716,716
717,Chocolate Bar - Reese Pieces,"€118,41",7/18/2022,717,717
718,"Beef - Tongue, Fresh","€258,79",11/27/2022,718,718
719,Wine - Masi Valpolocell,"€506,89",5/22/2023,719,719
720,"Wine - White, Ej","€713,37",1/2/2023,720,720
721,Nut - Pumpkin Seeds,"€461,05",3/22/2023,721,721
722,"Rum - Coconut, Malibu","€103,52",7/2/2022,722,722
723,Beef - Inside Round,"€651,12",6/23/2022,723,723
724,Muffin - Blueberry Individual,"€948,30",2/28/2023,724,724
725,Beer - Paulaner Hefeweisse,"€89,86",5/27/2022,725,725
726,French Kiss Vanilla,"€272,32",7/18/2022,726,726
727,Chocolate - Chips Compound,"€686,26",7/23/2022,727,727
728,Ocean Spray - Ruby Red,"€919,93",1/21/2023,728,728
729,"Soup - Knorr, Veg / Beef","€371,78",10/4/2022,729,729
730,Foil Wrap,"€14,83",3/2/2023,730,730
731,Mushroom - Chanterelle Frozen,"€709,45",10/8/2022,731,731
732,Southern Comfort,"€613,35",1/10/2023,732,732
733,Dc Hikiage Hira Huba,"€412,43",10/2/2022,733,733
734,"Tart Shells - Savory, 2","€922,42",10/27/2022,734,734
735,"Pepper - Black, Whole","€845,67",10/13/2022,735,735
736,Wine - Guy Sage Touraine,"€481,40",7/24/2022,736,736
737,Syrup - Monin - Blue Curacao,"€888,40",6/20/2022,737,737
738,Bread - Raisin Walnut Oval,"€523,50",1/11/2023,738,738
739,Puree - Kiwi,"€943,07",2/28/2023,739,739
740,Rabbit - Legs,"€489,48",3/5/2023,740,740
741,Juice - Lemon,"€213,90",5/13/2023,741,741
742,Cleaner - Lime Away,"€801,87",9/4/2022,742,742
743,Mayonnaise - Individual Pkg,"€106,85",10/30/2022,743,743
744,Fudge - Cream Fudge,"€753,53",5/30/2022,744,744
745,"Lamb - Whole, Frozen","€210,97",1/17/2023,745,745
746,Wine - Maipo Valle Cabernet,"€990,03",6/14/2022,746,746
747,Milk - Skim,"€311,69",8/31/2022,747,747
748,"Stock - Chicken, White","€632,10",6/29/2022,748,748
749,Mince Meat - Filling,"€595,50",3/31/2023,749,749
750,Towel - Roll White,"€503,81",11/7/2022,750,750
751,"Beans - Navy, Dry","€812,87",8/21/2022,751,751
752,Juice - Lemon,"€748,55",8/18/2022,752,752
753,Gelatine Powder,"€806,82",9/1/2022,753,753
754,Fond - Neutral,"€916,51",6/13/2022,754,754
755,Sherbet - Raspberry,"€365,09",10/19/2022,755,755
756,Appetizer - Mushroom Tart,"€187,38",8/4/2022,756,756
757,Liners - Baking Cups,"€34,73",6/8/2022,757,757
758,Liqueur - Melon,"€380,34",1/6/2023,758,758
759,Hold Up Tool Storage Rack,"€865,12",5/2/2023,759,759
760,Bouillion - Fish,"€975,18",11/24/2022,760,760
761,Cookie Trail Mix,"€501,55",5/18/2023,761,761
762,Poppy Seed,"€579,36",8/9/2022,762,762
763,"Pepper - Paprika, Spanish","€359,86",10/13/2022,763,763
764,Salt - Seasoned,"€720,10",10/7/2022,764,764
765,Lamb Leg - Bone - In Nz,"€13,93",5/15/2023,765,765
766,Chocolate - Milk,"€721,91",8/16/2022,766,766
767,Energy Drink - Redbull 355ml,"€534,85",1/11/2023,767,767
768,Rice - Wild,"€377,81",11/29/2022,768,768
769,"Sauce - Bernaise, Mix","€681,87",3/7/2023,769,769
770,Flour - Bread,"€725,98",4/30/2023,770,770
771,Wine - Maipo Valle Cabernet,"€614,80",4/4/2023,771,771
772,Beef Wellington,"€770,18",11/24/2022,772,772
773,"7up Diet, 355 Ml","€618,08",9/3/2022,773,773
774,Puree - Raspberry,"€470,05",6/18/2022,774,774
775,Beans - Butter Lrg Lima,"€784,83",11/9/2022,775,775
776,Lobak,"€202,07",7/25/2022,776,776
777,Flower - Carnations,"€895,09",10/21/2022,777,777
778,Pan Grease,"€110,81",2/17/2023,778,778
779,Pomello,"€102,34",9/11/2022,779,779
780,Bread - French Stick,"€721,36",5/1/2023,780,780
781,Ezy Change Mophandle,"€24,54",4/8/2023,781,781
782,Syrup - Pancake,"€116,96",1/25/2023,782,782
783,Pickles - Gherkins,"€725,83",1/14/2023,783,783
784,"Wine - Red, Lurton Merlot De","€231,10",6/29/2022,784,784
785,"Wine - Red, Metus Rose","€532,50",11/7/2022,785,785
786,Quiche Assorted,"€426,80",4/16/2023,786,786
787,"Veal - Shank, Pieces","€616,33",2/25/2023,787,787
788,Bar Mix - Lemon,"€667,74",10/25/2022,788,788
789,Crackers Cheez It,"€416,13",2/18/2023,789,789
790,Kale - Red,"€782,35",3/7/2023,790,790
791,Wine - Jaboulet Cotes Du Rhone,"€564,92",8/4/2022,791,791
792,Crab Meat Claw Pasteurise,"€728,63",12/9/2022,792,792
793,Chinese Foods - Pepper Beef,"€944,88",10/15/2022,793,793
794,Carbonated Water - Strawberry,"€588,89",9/20/2022,794,794
795,Flour Dark Rye,"€886,43",5/13/2023,795,795
796,Tamarillo,"€54,73",1/26/2023,796,796
797,Scallops - U - 10,"€342,15",6/11/2022,797,797
798,Pimento - Canned,"€597,53",3/29/2023,798,798
799,Beef Tenderloin Aaa,"€51,90",6/15/2022,799,799
800,Celery,"€391,92",11/8/2022,800,800
801,Stock - Fish,"€796,66",11/29/2022,801,801
802,Pepper - Orange,"€350,08",10/6/2022,802,802
803,Turkey - Ground. Lean,"€530,67",2/22/2023,803,803
804,Garbage Bags - Clear,"€472,99",7/6/2022,804,804
805,Wine - Delicato Merlot,"€279,70",12/18/2022,805,805
806,Bread - Onion Focaccia,"€33,91",4/8/2023,806,806
807,"Oranges - Navel, 72","€342,51",10/21/2022,807,807
808,Kellogs Cereal In A Cup,"€178,99",11/28/2022,808,808
809,Roe - White Fish,"€238,31",9/29/2022,809,809
810,Lobster - Canned Premium,"€73,57",2/28/2023,810,810
811,Bread - Sour Batard,"€450,23",4/3/2023,811,811
812,Soup - Campbells Pasta Fagioli,"€379,25",7/4/2022,812,812
813,Wine - Champagne Brut Veuve,"€681,03",6/16/2022,813,813
814,Cookie - Oatmeal,"€61,79",5/11/2023,814,814
815,Onion Powder,"€773,73",5/24/2022,815,815
816,Soup - Campbells Pasta Fagioli,"€907,96",3/14/2023,816,816
817,Savory,"€487,47",1/1/2023,817,817
818,Beer - True North Strong Ale,"€963,58",3/14/2023,818,818
819,Apricots - Halves,"€369,23",8/16/2022,819,819
820,Bread - Bistro White,"€476,99",9/26/2022,820,820
821,Glass Clear 8 Oz,"€105,94",7/25/2022,821,821
822,Dill Weed - Dry,"€345,97",8/7/2022,822,822
823,Bamboo Shoots - Sliced,"€821,00",7/30/2022,823,823
824,"Crab - Dungeness, Whole, live","€156,07",11/7/2022,824,824
825,Tomatoes,"€103,87",3/9/2023,825,825
826,Tobasco Sauce,"€387,59",1/13/2023,826,826
827,Pears - Bartlett,"€890,36",1/3/2023,827,827
828,Wine - Rioja Campo Viejo,"€290,14",7/15/2022,828,828
829,Irish Cream - Baileys,"€913,66",11/23/2022,829,829
830,Snails - Large Canned,"€914,06",8/29/2022,830,830
831,Wine - Niagara Peninsula Vqa,"€924,23",8/8/2022,831,831
832,Liners - Baking Cups,"€638,34",5/28/2022,832,832
833,Eel Fresh,"€229,91",7/7/2022,833,833
834,Wine - Alsace Riesling Reserve,"€371,77",10/14/2022,834,834
835,Wine - Acient Coast Caberne,"€136,79",8/11/2022,835,835
836,Goldschalger,"€653,92",10/7/2022,836,836
837,Dooleys Toffee,"€997,07",8/14/2022,837,837
838,"Cheese - Woolwich Goat, Log","€769,99",4/14/2023,838,838
839,Canada Dry,"€701,61",8/27/2022,839,839
840,"Beef - Baby, Liver","€82,85",10/27/2022,840,840
841,Apron,"€457,02",1/27/2023,841,841
842,Artichoke - Fresh,"€306,15",1/6/2023,842,842
843,Cucumber - English,"€265,20",10/4/2022,843,843
844,Bread Crumbs - Panko,"€407,08",3/21/2023,844,844
845,Ecolab Crystal Fusion,"€822,55",5/26/2022,845,845
846,Wine - Vovray Sec Domaine Huet,"€812,86",3/19/2023,846,846
847,Wine - Alsace Gewurztraminer,"€667,21",12/14/2022,847,847
848,Apricots - Halves,"€280,88",4/3/2023,848,848
849,Cookies - Fortune,"€406,61",10/11/2022,849,849
850,Juice - Mango,"€226,16",7/22/2022,850,850
851,Chinese Foods - Thick Noodles,"€722,65",7/8/2022,851,851
852,Oil - Peanut,"€630,36",9/19/2022,852,852
853,"Pasta - Lasagna Noodle, Frozen","€189,88",12/28/2022,853,853
854,Coffee - Almond Amaretto,"€436,52",5/14/2023,854,854
855,Cinnamon - Stick,"€369,65",9/19/2022,855,855
856,Baking Powder,"€947,20",12/3/2022,856,856
857,Pur Value,"€878,35",9/8/2022,857,857
858,"Pepper - Julienne, Frozen","€978,67",8/14/2022,858,858
859,"Champagne - Brights, Dry","€531,17",8/20/2022,859,859
860,Veal - Bones,"€76,33",11/1/2022,860,860
861,Oil - Sesame,"€107,55",11/3/2022,861,861
862,Beer - Fruli,"€953,99",8/28/2022,862,862
863,Beer - Steamwhistle,"€610,76",6/26/2022,863,863
864,Hot Choc Vending,"€869,79",7/17/2022,864,864
865,"Beer - Alexander Kieths, Pale Ale","€697,96",2/2/2023,865,865
866,Muffin Mix - Banana Nut,"€803,48",1/20/2023,866,866
867,Wine - Cave Springs Dry Riesling,"€974,09",4/16/2023,867,867
868,Vinegar - White Wine,"€971,96",12/6/2022,868,868
869,Potatoes - Pei 10 Oz,"€279,52",9/20/2022,869,869
870,"Wine - Bourgogne 2002, La","€474,24",9/4/2022,870,870
871,Vaccum Bag - 14x20,"€88,90",5/6/2023,871,871
872,Kiwano,"€842,62",10/2/2022,872,872
873,"Cup - 3.5oz, Foam","€280,65",5/29/2022,873,873
874,Carrots - Jumbo,"€259,66",5/13/2023,874,874
875,Sultanas,"€422,63",7/25/2022,875,875
876,Glucose,"€558,04",6/3/2022,876,876
877,Ice Cream Bar - Oreo Sandwich,"€832,75",8/5/2022,877,877
878,Wine - Manischewitz Concord,"€877,36",12/7/2022,878,878
879,Wine - Red Oakridge Merlot,"€62,92",1/23/2023,879,879
880,Jack Daniels,"€499,68",6/15/2022,880,880
881,Shallots,"€54,47",3/25/2023,881,881
882,Sherry - Dry,"€762,06",8/7/2022,882,882
883,Bag - Clear 7 Lb,"€430,88",1/31/2023,883,883
884,"Iced Tea - Lemon, 340ml","€816,49",5/19/2023,884,884
885,Flower - Commercial Spider,"€560,77",2/5/2023,885,885
886,Kiwi Gold Zespri,"€218,55",11/16/2022,886,886
887,Cheese - Blue,"€224,72",7/19/2022,887,887
888,Cheese - Gouda Smoked,"€645,86",9/2/2022,888,888
889,Cookies - Fortune,"€878,31",9/5/2022,889,889
890,Seaweed Green Sheets,"€121,41",1/16/2023,890,890
891,Dried Apple,"€207,75",10/11/2022,891,891
892,Wine - Piper Heidsieck Brut,"€579,93",6/15/2022,892,892
893,Bread - White Mini Epi,"€55,00",2/2/2023,893,893
894,Wine - Tribal Sauvignon,"€196,92",5/28/2022,894,894
895,Longos - Burritos,"€435,83",10/26/2022,895,895
896,Jerusalem Artichoke,"€446,20",10/20/2022,896,896
897,"Water, Tap","€377,49",11/19/2022,897,897
898,Extract - Lemon,"€439,83",8/4/2022,898,898
899,Garbage Bag - Clear,"€880,82",11/4/2022,899,899
900,Red Cod Fillets - 225g,"€343,85",4/4/2023,900,900
901,Crab Meat Claw Pasteurise,"€828,30",1/12/2023,901,901
902,Veal - Leg,"€289,91",5/30/2022,902,902
903,Rabbit - Frozen,"€8,93",10/17/2022,903,903
904,Coffee - Espresso,"€619,73",8/23/2022,904,904
905,Orange - Tangerine,"€303,92",3/3/2023,905,905
906,"Beans - Navy, Dry","€967,04",2/16/2023,906,906
907,Extract - Raspberry,"€639,02",12/20/2022,907,907
908,Coffee - French Vanilla Frothy,"€609,44",5/31/2022,908,908
909,Cheese Cheddar Processed,"€808,87",6/7/2022,909,909
910,"Beef - Bones, Cut - Up","€16,38",7/22/2022,910,910
911,Ecolab Crystal Fusion,"€32,93",4/29/2023,911,911
912,Mangostein,"€7,86",8/18/2022,912,912
913,Pork - Back Ribs,"€710,12",10/5/2022,913,913
914,Lettuce - Baby Salad Greens,"€131,95",4/27/2023,914,914
915,Pail With Metal Handle 16l White,"€571,78",4/20/2023,915,915
916,Cheese - Cottage Cheese,"€33,60",1/13/2023,916,916
917,Shrimp - Black Tiger 13/15,"€224,01",7/23/2022,917,917
918,"Tortillas - Flour, 12","€43,07",6/28/2022,918,918
919,Milk - Condensed,"€479,30",5/11/2023,919,919
920,Flour - Pastry,"€307,18",6/21/2022,920,920
921,Bread - Rye,"€481,04",10/9/2022,921,921
922,Soup - French Can Pea,"€318,83",9/24/2022,922,922
923,Melon - Honey Dew,"€667,88",12/9/2022,923,923
924,Flour - Semolina,"€18,64",11/16/2022,924,924
925,Cheese - Bocconcini,"€579,79",6/9/2022,925,925
926,Wine - Vineland Estate Semi - Dry,"€519,11",1/25/2023,926,926
927,Muffin Hinge - 211n,"€996,57",7/2/2022,927,927
928,Cheese Cloth No 100,"€702,92",8/15/2022,928,928
929,Oil - Margarine,"€312,57",4/15/2023,929,929
930,Bagel - Whole White Sesame,"€874,84",11/13/2022,930,930
931,"Peas - Pigeon, Dry","€795,22",6/18/2022,931,931
932,French Kiss Vanilla,"€577,80",8/14/2022,932,932
933,Cake Slab,"€781,28",12/17/2022,933,933
934,"Veal - Round, Eye Of","€87,02",7/1/2022,934,934
935,"Wine - White, Colubia Cresh","€167,09",1/1/2023,935,935
936,Wine - Fume Blanc Fetzer,"€996,31",10/17/2022,936,936
937,"Stock - Veal, Brown","€637,82",4/20/2023,937,937
938,Cookies - Englishbay Oatmeal,"€223,17",7/23/2022,938,938
939,Oats Large Flake,"€787,73",4/3/2023,939,939
940,Cheese - Cheddar With Claret,"€108,00",6/9/2022,940,940
941,Pork - Smoked Kassler,"€186,08",9/10/2022,941,941
942,Tomato - Plum With Basil,"€389,35",8/2/2022,942,942
943,"Bread - Bagels, Mini","€812,67",10/14/2022,943,943
944,Chambord Royal,"€578,16",1/17/2023,944,944
945,Beef Flat Iron Steak,"€671,00",7/17/2022,945,945
946,Lettuce - Lambs Mash,"€737,39",11/4/2022,946,946
947,Onions - Vidalia,"€101,06",10/20/2022,947,947
948,Chinese Foods - Cantonese,"€826,56",12/1/2022,948,948
949,Seaweed Green Sheets,"€217,52",1/1/2023,949,949
950,"Pasta - Tortellini, Fresh","€183,26",3/4/2023,950,950
951,"Lamb - Pieces, Diced","€860,95",3/6/2023,951,951
952,Nantucket - Kiwi Berry Cktl.,"€831,55",4/21/2023,952,952
953,"Syrup - Golden, Lyles","€635,39",7/28/2022,953,953
954,Guinea Fowl,"€553,28",6/16/2022,954,954
955,Anisette - Mcguiness,"€511,85",1/8/2023,955,955
956,"Nut - Almond, Blanched, Ground","€720,84",12/19/2022,956,956
957,Garlic - Elephant,"€52,41",3/19/2023,957,957
958,Cheese Cloth No 60,"€737,79",5/15/2023,958,958
959,Flour - Rye,"€539,39",3/5/2023,959,959
960,"Salmon - Atlantic, Fresh, Whole","€197,67",1/31/2023,960,960
961,Ice Cream - Super Sandwich,"€207,00",4/11/2023,961,961
962,"Wine - White, Riesling, Semi - Dry","€549,95",12/19/2022,962,962
963,"Sprite, Diet - 355ml","€93,29",6/2/2022,963,963
964,"Nut - Pistachio, Shelled","€638,56",4/20/2023,964,964
965,Pepper - Yellow Bell,"€923,77",7/18/2022,965,965
966,Wine - Chianti Classico Riserva,"€301,42",9/17/2022,966,966
967,Wine - Rosso Toscano Igt,"€711,83",12/7/2022,967,967
968,Wine - Barbera Alba Doc 2001,"€143,72",10/14/2022,968,968
969,Cheese - Goat With Herbs,"€16,01",11/16/2022,969,969
970,Dill Weed - Fresh,"€91,15",7/21/2022,970,970
971,Juice - Mango,"€502,55",1/3/2023,971,971
972,Higashimaru Usukuchi Soy,"€633,77",2/16/2023,972,972
973,Beans - Wax,"€606,06",6/28/2022,973,973
974,Calypso - Lemonade,"€261,46",5/16/2023,974,974
975,"Bread - Dark Rye, Loaf","€715,43",8/8/2022,975,975
976,Mayonnaise - Individual Pkg,"€160,09",2/2/2023,976,976
977,Dc - Frozen Momji,"€963,72",3/22/2023,977,977
978,"Nut - Hazelnut, Ground, Natural","€949,73",1/29/2023,978,978
979,Garam Marsala,"€889,50",2/13/2023,979,979
980,Garbage Bag - Clear,"€938,32",11/16/2022,980,980
981,"Garlic - Primerba, Paste","€778,49",4/2/2023,981,981
982,"Veal - Chops, Split, Frenched","€991,29",12/14/2022,982,982
983,Mayonnaise - Individual Pkg,"€488,64",7/2/2022,983,983
984,Chocolate - Milk Coating,"€473,01",11/28/2022,984,984
985,Bread Ww Cluster,"€664,57",7/15/2022,985,985
986,Vodka - Moskovskaya,"€430,29",8/8/2022,986,986
987,Tart - Butter Plain Squares,"€950,04",8/8/2022,987,987
988,"Appetizer - Spring Roll, Veg","€645,79",4/1/2023,988,988
989,Salmon - Sockeye Raw,"€390,53",11/7/2022,989,989
990,Vinegar - Sherry,"€645,03",12/21/2022,990,990
991,Garlic,"€17,96",7/13/2022,991,991
992,Pumpkin,"€521,77",1/16/2023,992,992
993,Cheese - Brick With Pepper,"€670,17",11/23/2022,993,993
994,Ecolab - Lime - A - Way 4/4 L,"€783,40",9/19/2022,994,994
995,Spinach - Frozen,"€573,93",10/24/2022,995,995
996,Otomegusa Dashi Konbu,"€947,47",2/14/2023,996,996
997,Shrimp - Black Tiger 8 - 12,"€661,60",1/8/2023,997,997
998,Lamb Shoulder Boneless Nz,"€375,63",2/16/2023,998,998
999,Wine - Rubyport,"€149,27",4/4/2023,999,999
1000,"Fish - Halibut, Cold Smoked","€871,48",8/31/2022,1000,1000
