1,Catarina,cmanhood0@cisco.com,$2y$10$hdZEgb4ZucH3CVYo.v.xK..zUi71DukUyUF5Jaz9hcj6vAb/oIra6,true
2,Andree,abrockton1@edublogs.org,$2y$10$TxS91wK57TLyvEefh17iauQ1Htmdn7mHUA2kCo/LpD5cNFGapqo96,true
3,Holli,hmaciver2@ebay.com,$2y$10$TdulPqELQMyupjoDZJyqJuLwfh9EWBE1CxBSUU6eU8cJvXRAFDlhe,false
6,Jonah,jlillow5@census.gov,$2y$10$jGB88E82c.nR4SgF62.q7uaPge0RRybbBhuv/Sm5d8sbSmyDxdEP.,false
7,Wait,wrubinowitsch6@theguardian.com,$2y$10$Li9S8plDsvwG/xltLOkFyeud4SRmEPTDT2gNfBaCOQjBPYbFAJ7Um,true
8,Vivienne,vdzeniskevich7@wsj.com,$2y$10$NUpI9hACuSqfTMCJ9/UBw.toxQJoIBDfHldjGzRxu0PxwEOY/KIRe,false
9,Gisella,gcastleman8@cyberchimps.com,$2y$10$KVNH9BEfHU8K3nZYNqRkM.fHUr3/oQSE8CF.SirDDTBHr8ToMofvO,true
10,Hi,hdurman9@ameblo.jp,$2y$10$0tCwFidnsgWDIA2/.8V1K.ilQD1FAhzoYS/5T4lwcGjqpDypcZfWm,true
11,Aggy,apascoea@dot.gov,$2y$10$4f5ArGC92W8/Mt8S.btIJOjHBWyBA4eJQhoHkK8SYOGQzdH0qaVHu,true
12,Daryn,dbrowseb@mapy.cz,$2y$10$r/wxTJ6t6O73xAX40DQI7uBKozU/GbBsHF.kM23px/CoqzzixSt7O,true
13,Suzi,sgiannasic@theatlantic.com,$2y$10$7URq0QyGhrYv4wy.FLCC8ua2MN8a7PIG1QjFTbZdsScxxa8NUhyEa,true
14,Harriett,hoxd@nba.com,$2y$10$jy2qRROKMdC/.bE90OEjYenLYebqTUVWliqtTENTxn3vDC9Sd6Mvu,true
15,Inge,ithomassene@google.ca,$2y$10$I7RT/j.SltBWp7IaFbZCOui1BLVpN0sdoIlEtFaOANpY/jp/ifjf6,true
16,Jeffrey,jbuckief@e-recht24.de,$2y$10$is9g.PLivc7c3//6Lem0DuPesp81p60HuKG3edhQn.3NBcUuQF.uW,true
17,Annie,anarbettg@google.fr,$2y$10$v5U0oXz19N5RBsBXK1rcc.olx0zQdOxoBMqJRhIebxdYLow5MPWbm,true
18,Ellerey,ewabersinkeh@columbia.edu,$2y$10$fY.Tim.UP6.cTVNwi48XJuQyIj7Kryjsc8meZCug1twaibqdUwSzW,true
19,Kirby,kcaulwelli@bloglovin.com,$2y$10$SNI4Ua3HQEgBuIH18eNfY.7BWSNYsHj91CjcEdbfCtWqEdftCRiba,true
20,Alina,awatmoughj@hostgator.com,$2y$10$Fte/1jaNzZnspj0c/VOBWOID3Oaut9/x7INaM9Qf1NkczQ3Wyhp5a,false
21,Rafe,rmackilpatrickk@patch.com,$2y$10$anAPQuhxGkeGAcKZDVjUs.TNETO77iqsOJQCJDCWXrLBnOCORwvSO,true
22,Pamela,pelleryl@diigo.com,$2y$10$11W3jOSzQ5I3w6ehhLvMX.Gm3cbj3Y2KqFBqoYyqlq9PkBUfwKlKG,false
23,Marjorie,mcarlettim@google.fr,$2y$10$KabhQE6jbP2tz//UzD92f.B82PIZYH5JLjNer55WkeXrcLfek/j3q,false
24,Maryann,mbaughenn@webs.com,$2y$10$ruRNqC/vPrvxelukKNRZpe6wbMEbDE4tcDYPAMtKhiBV42EiDuC5e,false
25,Shea,shoudhuryo@abc.net.au,$2y$10$uuWEGjFJOj.Lv0fHGN9GreWz1F8m5BeM5vAceTjIFEnj0g7f2L3Ga,false
26,Mohandas,mmacconnechiep@bloglovin.com,$2y$10$R0vX4jrYamvvu1XebXRUgOwgipl3rZrOjR.eQGj8Q/qyz/AoXLUwq,true
27,Christal,ccookq@auda.org.au,$2y$10$hXzGSBUVNln.Nrp0os.qw.S6ierjLX3ZIX.GPeuGsPjecxomMU2wq,true
28,Leann,lbutchersr@state.gov,$2y$10$cWXHRW09wXV70eECvGvxaOFL.DEzZ5LtfB0HPOspsGj0eJCVznyui,false
29,Dacie,dlelands@cbsnews.com,$2y$10$KlqZ3OMiQuVfXv.nAyrLIO8IHAUJeHz1hYaLrnyIBVexqFPF7WnPu,false
30,Tamiko,tmclainet@slideshare.net,$2y$10$UHikwBdZ.N7q0b.z02thPulMv/9F6UsJp5XvUuHN6etdIjICQDyTS,false
31,Eldredge,ebakeyu@digg.com,$2y$10$k2uodBTV4p1kpT.c8jks8e1Wj6wL8NI4rtIxn/kY.mdLBwIPuZoN2,true
32,Hazel,hscamadinv@stanford.edu,$2y$10$SWXC3ufnMcJFaGch9mRtJutMy.S/sBj8zgDrILnn2LGx1aHT46i3G,false
33,Chadwick,cduckitw@dyndns.org,$2y$10$kjLMkHvY/ARIDcyszp7naOKE2/8dO0o/Zu8W6kPz/s8pjZZol85RK,true
34,Pat,pmacqueenx@1und1.de,$2y$10$f0U8LcJ9XN1RM9.0ezsQ4.vtN.78YujEAunXQiUVw85SHqnG66bka,true
35,Abbi,akighlyy@answers.com,$2y$10$aBmfMu9tYImuNugq18C.MOgapwUvzQ4EgzM02ObPhCcBGw02aRKD2,true
36,Tracie,tfullagerz@lulu.com,$2y$10$Po37/3KynXKEt4JbTaHrUO2H67WvHzzkSU7P44/rDCg/nWoDiClIO,true
37,Bellina,btallyn10@storify.com,$2y$10$vTdGvO3GFwOT0YwUzGbaxOTtnBLsNv9bQGZrFw0YpOP/RzkKr42fe,true
38,Lynelle,llimmer11@cisco.com,$2y$10$sfyhj6/EHfKDRMO0/4Jm7.PvpM58g/Z4qhkv3xqDfJ8.p1XQaR1CO,false
39,Perla,pgot12@people.com.cn,$2y$10$84gtZDb1s6BJOAy0B.DKp.aMQvLrrTfMi.mn5rFv3pXG9vDB5DJWy,true
40,Burt,bby13@ustream.tv,$2y$10$Ds8w3qQy0cSLkNl4Np3FTOPd0HH2ekLdasV76ev94LSxp6pSOzC3q,false
41,Gwennie,gcooch14@aboutads.info,$2y$10$EHkiPMXead.LAgQzRoNxieLK23S5skMCPyKoSiXhZ/r8MCcb9YUYG,false
42,Hyacinth,htuffley15@discovery.com,$2y$10$/Qzs/LWHJ52rN6D0n0eU7e3rsq6I5hnFtFqdaeGKK3G3chmQDR5wO,true
43,Reina,rbenz16@youku.com,$2y$10$sDAxojp8IebqXBVRFnlja.s7FBjAMvzzgDn3D.xSwYdPr3cbyaWGS,true
44,Madelon,mwhitwood17@photobucket.com,$2y$10$71vN8arbYnbIzZRSJqpzYOiUiMU59ddVHfoh6WdFEirJ277Y9etfa,true
45,Horatius,hhargate18@arstechnica.com,$2y$10$B6FjDRruu.ybVSfIJWGYbeHubZ3rFuekn8WmhcuiPOJiQLBj4Inxi,true
46,Alejandrina,aprevost19@netscape.com,$2y$10$QrwI6r900e2eTpq56fvm2ulxE0MjGjzqgVlymfXnhSxs7UpKLDg9G,true
47,Bancroft,ballanby1a@census.gov,$2y$10$IODpPPqE2V4qmqySMwubeu4ldSrzYGQ7rmGOEB.3PyJ1624nwmQKW,true
48,Adara,acotterrill1b@ask.com,$2y$10$7lRpKdZQAtZU4mVQXFLNKeWFagcAMf7VHpzKyqUiTpdWLVepaKbSS,false
49,Carmela,cwhapple1c@privacy.gov.au,$2y$10$2H5usoVChwpwGy5sjrTRVuYjXIEMdpp/OGVRTpe6k9kQG2l3WhIaC,false
50,Charley,cskowcraft1d@si.edu,$2y$10$m4bqJFTietV42dFZ6405qOvswvVPz9H6E.gpf6W1r6Tufw/.hJfVC,true
51,Flossi,fsorley1e@amazon.com,$2y$10$aHyG/DkYm45ef0/xvC9bJePPFrG2pjNEhQXvZ1PCf7HSoWw/rtqxa,false
52,Jere,jcaudle1f@issuu.com,$2y$10$XK2TAUfs5JMAp47Wb3zFjuv8xgWe5xSuwNb0PdN45Eea7.7MQGTiy,false
53,Bonni,bcicccitti1g@360.cn,$2y$10$oJQ1f7t0AVA0vqFQRxBzV.br21Mjrjfgdzjqf5qfzP9p1WgwSP8KO,true
54,Antonia,anajara1h@tinyurl.com,$2y$10$tGx0hs3yaBFfQotgjS44p.nSulWpibM9P1tDlxOJyKGnrItmzN0tm,false
55,Derek,dcolegate1i@ocn.ne.jp,$2y$10$9W9da9HjwjjLLRjwhhhzTuQNs4TbNtQ8Rapk26X.xkxXiGo0TdWKW,true
56,Aggie,athewless1j@java.com,$2y$10$gwCbkeEsfkAPgZTdjveII.tytEtPCdE.i/EHuvOk5LG5N9IQfJJCm,true
57,Somerset,sbanks1k@shareasale.com,$2y$10$CvLwiEWnQ2RHXDD82/uyde/UAKvF/FlwYFuOxHab7W/mFFxZfBa/S,false
58,Fifine,fduce1l@scientificamerican.com,$2y$10$rft6o1iJYYGJyCvzQDDxXuZ9NK3SxiPj9zbrs3BSsghbpEDdk85Za,false
59,Hobard,hpettiford1m@studiopress.com,$2y$10$dPSCLBWtG9xsdUTOlN3WF.iM5Zz984TOc1zQl4cMANxH0xHAx4j9W,false
60,Raoul,rtooze1n@ftc.gov,$2y$10$c1DkhkTmP4sGcqTvpvN.J.RQdB2DuUFn5x0yOgn/XEFDynSHdeYaC,false
61,Eliza,emanolov1o@google.ru,$2y$10$3U8ZoxUQ2GUEqku4.cxTVeD0FI6DCh4PJ4/1CzkHdFNzdCXvqcckm,false
62,Sidnee,sboribal1p@surveymonkey.com,$2y$10$Vu4S/pF3yXplXV1Fe7wG1exI5..GhYpbvKfliwwgzDaGzZSs0N8ou,false
63,Cathe,cphlippi1q@irs.gov,$2y$10$ylwLaCIOawYTKoOqaa7k6ukmTE0AuH7DWhndna46P4e4YKQD4U/UC,true
64,Esdras,ewannan1r@qq.com,$2y$10$4PrulxHgU5J.R2bdDikqReOHRlPllletffmgLvRdS0c9Nscw/bMom,false
65,Andy,aespadate1s@cdc.gov,$2y$10$vwSiD/.oEcWxj3lUdwvsOuZjf0CQ2is0RG0uSKiqZ6CynHKgHmHme,true
66,Corella,cducker1t@wunderground.com,$2y$10$2VioaPpFnCh0hY3OazPTj.DBdSrK7E6FXABVHkjj1PBWyjzszA9am,false
67,Bamby,bpadbury1u@elpais.com,$2y$10$6BK6WELzamlgrhBFbq83qeQLS25IcyqBLc2WdeHI4CPSYImsuGL6a,false
68,Muffin,mkinsman1v@google.cn,$2y$10$i.wsCRF4PN.90LL9m3Wn0.NUM4TLsJS3D5OILQUB.stBK6kciHb/m,false
69,Constantia,cjacqueme1w@photobucket.com,$2y$10$KbEnNboP1cMOhZKdGmqrAeu64fADSC8HJ0XXVQEHJL8JxV1TyKqA2,true
70,Valma,vbuncom1x@nyu.edu,$2y$10$Q42DvwQ6q4Q5G.YkpWeD.uSTbdmcTwPwQPDfY1SESzgZkrF3tRHl.,false
71,Nessi,ngunbie1y@altervista.org,$2y$10$8lcGw3GEk9bCg0u99mgiMe22NQsZIr/5m.igt2.PySQj04UhXM2Ja,true
72,Cheslie,cdeandreis1z@si.edu,$2y$10$H0ZG6/rZ.sPRF.ABeu/Pg.PUXWeidEQhs7hr7gOXSkDQY9MCICSU.,true
73,Ethelind,ecampana20@cam.ac.uk,$2y$10$Ht1J/tDQGT3de4E6bMxLuOhj/flVcAG9haK8rVub49CgIC0zgqljC,true
74,Annaliese,asokill21@comcast.net,$2y$10$RPAfnOTHB7dK4x6IdTTnOeS1CfqyTv7OppZgzSIwHh3.X8.G.lwgi,false
75,Loretta,lkevane22@blog.com,$2y$10$5JrXGYyxb2B7xEAMt1PkI.Y1a2I7Z.GbioNA/zi1i1Za1SwyVv7Y6,false
76,Ardella,amiquelet23@dot.gov,$2y$10$Ce24WB8QOMS9PMm83QxcSOsjZs2yikLvMsnGmjTcv.Ob.zSItvc/i,true
77,Marie,mjaggard24@cnn.com,$2y$10$o3IkcW6j6Twb2u4bTnIVbOfVXVl/KTkHYE0m5fZ4JUmL7MimDBGXq,true
78,Barton,bcrowd25@zdnet.com,$2y$10$83sNSgeG5LhRnwDU2423n.uvet1uZefEyxBHnZ9hvBmupvU6QF4bu,false
79,Tabbie,tfrancom26@comcast.net,$2y$10$DTpHFYr0/n511rEPLoa0Je3DumyEAIe4pWInCs7s2/AmiX7dKV0Qa,true
80,Tybalt,tclorley27@bloglines.com,$2y$10$e.GV22EZj5XUzv1NDBsf8OAy8q2YvUBxyEsSxY9IWgzId.ap6SXW.,true
81,Susana,svogt28@networkadvertising.org,$2y$10$t4rFeEniXB6HysCNwccNBetYQjqPc4p7XjPn/KEvIJl1k3H2Aub9G,false
82,Piggy,pbrinkley29@51.la,$2y$10$dA4csob1gmAkFTz0G25jfesQDSdtp1AGc96DZ7mcXdgazf43QissK,false
83,Fae,fpittendreigh2a@fda.gov,$2y$10$osHoaJeivMsIc.coiZcoG.9L9Co1eIYfXbFhyVk0eg3mcWcmgKbVC,true
84,Gustave,gzeplin2b@simplemachines.org,$2y$10$XjafXpz3zF1Tmp7cBJKaYusQlbDbOvCM30R.h56b5ekc/FXvLT7U2,true
85,Mozes,mwestlake2c@technorati.com,$2y$10$eFzOZvRd/U67PTtwlb5yFefItQIBgo476LCJ063R5qeQDTWqip8uG,false
86,Cad,cswancock2d@time.com,$2y$10$A4ZQO/x6W5C08qOm6IWPwul4uswO3wnHitjMcly13CBWWdleOHde2,true
87,Vanna,vhacon2e@livejournal.com,$2y$10$yZB7FiBRKbuKV2JdO4ZOTedtxvGeGc0NWgmQFHxUZsfrvHrEExyRC,false
88,Nicolle,ndockray2f@zimbio.com,$2y$10$8hSj8cAO.iBv/3bbw.QzA.tc7Z1pY/NOe1dtNd11XUvqezh/m5E7m,true
89,Martin,mbrymner2g@histats.com,$2y$10$McXtWiyMRpw2GzE7dRHKce2XszGu7rmsxyliQnmqh.dLcLGwp6vQa,true
90,Mel,moubridge2h@tuttocitta.it,$2y$10$9spaot5dkWc9Vhz/54Zceeo.va6ghLNuylSQefVbt4fDJPIbJGpVu,false
91,Ashby,aandrzejewski2i@telegraph.co.uk,$2y$10$e8Ixf8wHm1NBWihpESSexuQZScZCVALmC227f8Qmbe0zCpUlSq3au,true
92,Gibbie,gfrankema2j@hao123.com,$2y$10$w8rqkgEPQwQoVbHMKHaPR.yz5Fcp7AqcDZvC8DrgSVYyEuLpWqi5G,false
93,Ailey,ajelley2k@who.int,$2y$10$9e/0moA2y6N3WFPjkBRKdejukQWuijXsvFrqbtlOTNEF7DgYOe7da,false
94,Fawn,fbarham2l@yellowpages.com,$2y$10$CURp.wpd29ifiCJUb.L.C.Vj2PJX/nSATc.RnM3rmfCxkHAmVk/GW,true
95,Oralia,ogarbott2m@vistaprint.com,$2y$10$kZlKp/Zovz9nwo/rzqRWX.PDklnSSc2Fo7zzqrjb439zByqWECtua,true
96,Roldan,rsilwood2n@gizmodo.com,$2y$10$p5hvnZSMx6oedGPoKCeHGeRLLJyIs3NjApd9orJncDWLMfAAiPzta,true
97,Francyne,ffoulstone2o@baidu.com,$2y$10$HFjgDgVhLkdoE5EuBtJjluBI3eHMJgdWW.gKjBkXDrjUL4eNrNHbi,false
98,Olive,obellworthy2p@apache.org,$2y$10$f.TzXmuR7czBq2iDTudOy.CqmRrFU.1LjkGnHKq9a0VxZsTvz3Jca,false
99,Cristen,carmatidge2q@yahoo.co.jp,$2y$10$liq7DE1TQwz7QprpheFMI.Ut1sYsDqvMQBfgmaRy.8MZMPCMRskBW,false
100,Adriena,athreadgill2r@youtube.com,$2y$10$VCc.duXBZeQDo6Bc9tJNR.vsYWg93bLF6gzPkW1Mx4ND7UTb5rxB2,true
101,Claudia,cralestone2s@oaic.gov.au,$2y$10$ueijYhU8YgDNn05vV6xdH.XAdvl2WHDigY4ZctjGZUv9bkHKTXEdy,false
102,Koralle,krosingdall2t@sciencedaily.com,$2y$10$yfSK4WXQaL9IfabNspmFnuXun1hW5pIGmYaWbuVOFqaUdztENUW8m,false
103,Bo,btibald2u@blogtalkradio.com,$2y$10$XAbc29rqB0SJIylucu78O.M3wOb3kh9t.u0d3MAMImfGwSbnM/.6G,false
104,Bobby,bguarnier2v@loc.gov,$2y$10$D0TuyQllLIcylFyMPHv2geM4BpPRV.ZoMzeuECEaJhK1d.n9N/UoS,false
105,Sutton,schambers2w@privacy.gov.au,$2y$10$E1DynTA.CrOf3WQ5au1xpuW8cTbqlrydTfioz1t/3lMdMgMcxny76,false
106,Bartolomeo,boliva2x@fema.gov,$2y$10$Y44XphbEB12yVnS..ih53uxqZK7kZ3OhzZNwXjsejkNJyK.AndS8W,true
107,Thea,tdobbinson2y@java.com,$2y$10$SZXiRGLcmp6VWyd2O019f.LrjJmMxWqv1/uqX/xqDV84xQgcDFexi,false
108,Angelika,abartolijn2z@fda.gov,$2y$10$bIMNHqDCA6Ffx.eboTZqoe3DnfshsYhYvI7LdHZt52KMUTkGL.j22,true
109,Barny,bdrinkall30@ebay.co.uk,$2y$10$BdHRqk1DEjmaJ0bd7.hz.ui9ZpznexdmlZL0klxpMhzpAPoq8RS.K,true
110,Fredia,fpearch31@apple.com,$2y$10$YD1ZtXBA/kHxN7uMRwJOcexzZvGcW32WqetEevF.SZIBEkLSX3gn.,true
111,Ronalda,rbeavors32@bloglovin.com,$2y$10$9bpMGCUT/lwDZ7bWEoXkaOnjbwpGX4.zZpFv5ULcGaPaVOZviZxrq,true
112,Reece,rmungan33@wordpress.org,$2y$10$.a0orPW4RNZBbxednTIAAuYWdLOoEYaXj.14xVkFO4TqEnNY0ZUj.,true
113,Reeta,rmcavinchey34@sohu.com,$2y$10$ycXCNt.mp1b/LzigEm83P.4RfZqbBliLy6.fZlcf7oUVbytdJtRxm,false
114,Adriaens,ahenkmann35@icq.com,$2y$10$fIxPtFZacSlua9w0MphQ0uz1uEz4GFAlI5bXqGqsrco0cLZNXEZH.,false
115,Lenore,lswindle36@hexun.com,$2y$10$4m2acFWmGnA68p15d6mAtupDv.VbaLHtRe8kQoLsZK3HdiKPFXHSy,true
116,Yoshiko,ymatuszak37@constantcontact.com,$2y$10$tK.0mBoN1/or6grzcgkRhOLj9dpxnDSg1/u9p9uE6PM98oAlFEHjG,false
117,Cedric,ctwaits38@imageshack.us,$2y$10$q0zXlR/hmP.4pCZwkgruLuSsjsWM0htDDgFMjsX7YgNeTVqB.veSm,false
118,Tyrus,tdressel39@amazonaws.com,$2y$10$bPG3hxk8I3c/R9R6ZF9s8OjmhEAVqTs5Lf9KvEi8DGN7JBKIKVXyy,false
119,Cross,cjordon3a@joomla.org,$2y$10$Pwld/Lq/XQ5QobWtlh6wOOTCbKfmzrW6WzRK56kL8T/0/yJLqXYn2,false
120,Margeaux,mmcbeath3b@hp.com,$2y$10$9b0tQdV6rFSWdYRnlJRM9Ob3PVlVxDbggPphPw.oCdTF0skFwpNb6,true
121,Rickert,rverity3c@123-reg.co.uk,$2y$10$CDV9Swo/LLNJkFAsGveMWuW2fx9F1agSxTbX.bAaCxgzCtKX8iTBW,false
122,Rees,rpettiford3d@apple.com,$2y$10$SW2v3t3HywBLBZ2QA55PCODRBXzemXaiPEJHvBjxPUKu9IQb3NmoK,false
123,Meredithe,mhammerton3e@businesswire.com,$2y$10$YD7fCVnEBy7/CNcA1Z4LuO140lGO1PDMETJcYhg3wxUbiuXCKdQaS,true
124,Berty,bkennon3f@un.org,$2y$10$g6dMtLlbRheNaoz5xrTQk.ZOxcuFQKFtlH8ZyyKCCHCNnlcV.EgYW,true
125,Adair,aclampett3g@senate.gov,$2y$10$jYXDdIzPbar.gV3kEve81unMJGn40bgLfk5ZeF8v9avWQgozbUM32,false
126,Reade,rfronsek3h@php.net,$2y$10$q2MBpiBzYY/bAx3WwpLFLOGGjavsawPGfXyO5xDreUDr0qJMk94yi,true
127,Stevana,sdigance3i@microsoft.com,$2y$10$REZ2L1Mi7dxYVE52RYeM5.YsCBA7rAAlupzef/pfWvJpkE8itp0XK,true
128,Una,uscard3j@nytimes.com,$2y$10$pp9XWnNIjb/6B7Zu484mmekGykelpKGN/Q9ASvTfD9CKtHiKG328W,true
129,Ron,rwallbank3k@youtube.com,$2y$10$JEa4KeNwvVgrcUox9ZtfP.KvtxzfPMMLdkv2oQzmpNZ6oOxQEHTgi,false
130,Nonie,nleechman3l@netscape.com,$2y$10$KNtU3MOfuocwnfB6gRv/aeFPMv1tuZeWSkyS1EAnOBdXGgTPjMhIa,true
131,Mario,mmarjanski3m@ted.com,$2y$10$ym.FbiSrGngDgAGlmX/0aOfbAOnH6348VWWsarFnc1FIyT1qfAu2a,false
132,Steward,seckersley3n@bloglines.com,$2y$10$GN/vc5phLuK.kCagtbKiEeU1ZbyjqpqKFHT5xS0w3YMqvD37qfzjm,false
133,Paco,pallebone3o@geocities.jp,$2y$10$sS14a7/iDc9qi5SReUeLMOl9qJHyWjLBzb3ILYwkI6vyHYZwUkLX2,true
134,Ingram,iordelt3p@deliciousdays.com,$2y$10$CAoN9Iu.0OW/m9mqBY4zJ.yks5tIqB3twE7kgii37yWMWVdT8XVeS,true
135,Beulah,bheathfield3q@dropbox.com,$2y$10$7wL/BdWIQGHnXLKYgnqC8O1d.EjVq/b34B6XJ9Pwz0oW0vc0ShKqS,true
136,Kleon,kokinneally3r@eepurl.com,$2y$10$KzxiTy2ogr5BRiB042tfMObfcdrXBw1.XtpNUlX8fT5zwSdSDUlh6,true
137,Dawna,divimy3s@patch.com,$2y$10$MAYzAITOScfyW2GrY1/PHuwKeZCJEwJgZAgjiJ4ujU.hWIx/Gb7TC,false
138,Lexi,lmckenna3t@prweb.com,$2y$10$lDJCARH9GfKwH50yD5WwCuF5ovCJVxvOagAYIlDCxhXJO40mvF83i,true
139,Adara,apaulo3u@hud.gov,$2y$10$J4xilTee/9a.3HKOLVDj4efAuwf5qpeLnO6vCWJgIGhO4p.OUcw9K,false
140,Paco,pordidge3v@cocolog-nifty.com,$2y$10$413RGas063WwK62jhuUry.5kyHK27EruSQCzC6ryJCqiLq1ZrcPva,false
141,Gilligan,gmaccosty3w@infoseek.co.jp,$2y$10$2JH0ZdaAj4JF0w9WcxVvd.R/0kq38IOXeIIeKcVhbcy5fbHNepX6q,true
142,Laureen,lgeratasch3x@amazon.com,$2y$10$Yc79/b9.u5LhRBHoifOy5O2C/nJJj7jqMj8PItImP2RuPnsoh8ooS,false
143,Trevor,tmeier3y@senate.gov,$2y$10$UTXy4Xn/sUFlFFSf2f0ht.qFtDDwbeFYHsBbt9WzoFdRdSkVoX2ga,false
144,Kennett,koseland3z@goo.gl,$2y$10$x4DIa/2oBOF2py/5wCLNCON/TdmbjdvrSxxnPonEpcsfrCFhh/LqC,true
145,Zorina,ztrye40@uiuc.edu,$2y$10$K5/M5zp7rXJx5faHq8u8QeILfbtf1JT3F0iRuoNmLg6HKhM5Hv7pC,true
146,Valeda,vdaborne41@google.ca,$2y$10$f5LItufuX.Qtg5c.QNgLMOTVlKc4LqYnNMs5HALehdBCICG3R45Te,true
147,Dorian,dgentle42@w3.org,$2y$10$3f.1w.5fZgZ8xZAFdBd7POu8qujWSVlkkR/rnVGjRnZiKAlvLmrQW,true
148,Andrew,avyse43@w3.org,$2y$10$EzdMxCzelWWqIz88HO.3pe7ZHJoC4b84VZaYHETGiHlT0fbeivTCm,false
149,Emelina,edombrell44@wiley.com,$2y$10$odv0D959BWa9Hq15I1ATi.U7oMA8FT2GxnnQc4efWHt7LSUj/1lTO,true
150,Sig,scogdon45@facebook.com,$2y$10$BMHWHhHKA4TSL4rRIXWzJuFkCh0M6yyiE4GbBP6Pn.8UTePq5pIvC,false
151,Aylmar,amanilove46@google.ca,$2y$10$hAIyo5VpPTVPylQct4HyVu3XuzEbErAQHha9S8Wf6vwUF72O0u07.,true
152,Wilbur,wfish47@buzzfeed.com,$2y$10$yfFJza35IemQhsW.X.RwjuSIwadG7J6P1OYMqUvKVScr9P.dOqM4O,true
153,Urbano,uatterley48@home.pl,$2y$10$uPT7/kOUIvuK.XB2c8s1h.5JKd1aneFswLnQHyTWeF2116a/s2sPC,false
154,Alister,abramford49@wp.com,$2y$10$c/LvASbkWyMecy8LEG5Vyu/EDJqslUOL1M2J6BVkZ0.ELfJn0v.xq,true
155,Liv,lvause4a@mozilla.org,$2y$10$H.j.soSqkEJ8QbFuguI8P.I8efl2h1607UU3pogCtKITbKsDHPDoO,false
156,Mauricio,mburford4b@ucla.edu,$2y$10$phN2BkjyKfumBfJfdvCUZO0EnJXYAMkXS9rRcoKeMcHMuN4k4IziG,true
157,Elysia,emorrowe4c@geocities.jp,$2y$10$g.rID16ZPxX3VYhVgB1YFOod2TeOLS/n/huZ.fYhYEtpU9IFxWimq,true
158,Hedwig,hmatusovsky4d@walmart.com,$2y$10$pJNZNdGXclcTPLBz5JZi0OC6rODNr3LaeiQn69cF8Wsi0wqmc6CqO,false
159,Briant,bcorbyn4e@sourceforge.net,$2y$10$F8jW/rj.MH68KojUmEgjoeOyzH/Yqq722J5niyStPslzz7eHIuAMC,true
160,Valle,vbaiden4f@mayoclinic.com,$2y$10$rGrOGjh.kZxLBYBkXbSgseSmFFSPRCkhcs2LEmrfSAyT63dCr4wni,false
161,Reba,rhay4g@answers.com,$2y$10$yZn90zOOKwaIRfx0RxEEAeLu2IHmekw17SsesucJ002T/ZiDnSCLC,false
162,Elihu,ecaddy4h@mtv.com,$2y$10$rRaPQlFUu7Vrvg5rpipjc.110iBq09ytgwv/lrubxIu2UOh46yw.a,true
163,Jaime,jolivelli4i@altervista.org,$2y$10$xjy.132QXYaNUxvsFTTN5ecufcTQ66iTomTc3c1Awik/wLzunYt0G,false
164,Brien,bbortol4j@drupal.org,$2y$10$BOUbJkozHig0n/dYTGdcM.0iX.lNU97ZaHrK4UDHSlu5OfQFGjY7O,false
165,Erminie,edirocca4k@instagram.com,$2y$10$3Y.UTzI56TzDX60VCTn2b.azmDNhCDd3taJk2lr3dmXUIvZK0rjtq,true
166,Norina,nmaris4l@icio.us,$2y$10$Id498fzAIH4xKtA4XgcHYODVwBk.imoLvW6TjiMcF.EuUO1o9Vp2q,true
167,Rowe,rpim4m@surveymonkey.com,$2y$10$.kroubn/ieV4QNskJ/sZG.p6KMIXfPPFNP/9GrzIUIZXiEI3rOzCC,true
168,Fleur,fdickon4n@gmpg.org,$2y$10$.bfv7DkEFx1NPsCVegk0C.yV.7GC/vOwv2Y273CXGrr9F6dHR.Nw2,false
169,Crysta,cbannerman4o@wikimedia.org,$2y$10$ARcooDTv.4lE5MuVSjQ58eqBlFLs0g2r4./1OItf2NXkwpegqe9Bi,false
170,Aldwin,abrigg4p@freewebs.com,$2y$10$VJngF/7KNpolYKsiP2gu.Od830Nsb6riH6Jz8qLAU1LK5ThWH552G,false
171,Nichole,npensom4q@disqus.com,$2y$10$Q2kkiJgvaR1qJt9PoUlNwOVwt4pxeLakMibXziExngs9NJn9VgqCS,true
172,Carita,crachuig4r@businesswire.com,$2y$10$sFc3./9aPs3S8gO2HtvzAe8d15w2HDEfvTc74ysO3WJMYp3QhvVVW,false
173,Ilysa,ilincke4s@wix.com,$2y$10$fk3DPr49VBGtz1Mtcg4GXOmbEborCclau3F0BR4Eye0RjWK1qrcMm,true
174,Drud,ddeblase4t@hexun.com,$2y$10$OJWcqOZxPJWse6RdvCXrfOqdCT2yp9IMJbTrzQeUSCRkleFO0vHQe,true
175,Joelynn,jboulde4u@blogspot.com,$2y$10$x0RD5q0YuwoTbQI1PSD7denctHaMgBhBQnenRxX7wvrFjgcHPXCfC,true
176,Guss,gmcdermottrow4v@xrea.com,$2y$10$GU2rB80dvjqdV7LEMVpz8.nI/JtVd7j9tVCIZHGyXp7sE7x2SY/Sq,false
177,Sapphira,sdebell4w@fda.gov,$2y$10$/Q1BPbDy3BOlHKaeEd/aDuN3zGU/G/mAilteaQ2cz7NXtPU1Z1F6e,true
178,Alverta,adodamead4x@arstechnica.com,$2y$10$BOvvaZmsi0cx8su9Ijr7SONTjuw3Pf/MCgca6CqnotOi2bSS0SwFy,false
179,Ediva,eguillet4y@guardian.co.uk,$2y$10$77NX2TaQxX/XTTsCSaLu9OfJoNqwT8e6FCYrZ1iATpfRiKygJSjo6,false
180,Jorgan,jgrindley4z@over-blog.com,$2y$10$dKmzBt/0Wi3X37MK70odJuy3MqhB0i7QsDGcvE7S/bxvvJxl3NluS,true
181,Gannie,gphysic50@smh.com.au,$2y$10$L5XzBZ0/.bMDG3DOeNACdO8hUXuxEAzoOGMDFRStDJYm8QE0n4Z4O,true
182,Gene,gbruggen51@google.de,$2y$10$ZCtkB0ZDmNy6FpR1UwskveoaKnjPIVgesAaf87xX92h13Bz/lYrb6,true
183,Justinn,jmedley52@sakura.ne.jp,$2y$10$C9l/A9zQjEIOjMkL8H/9DeU2Lhf0Bp2k6m9DUNlJgOtCxIIaSRbwW,false
184,Lusa,lbillingham53@domainmarket.com,$2y$10$rp9eKK0Sj.qmIEAnH3OdtuP9ZtXYy7tpTAZhp2m6TG1wwY8zmx1fy,true
185,Dyana,dcamies54@businessinsider.com,$2y$10$uUSf382zkyuP3ovJ8roudORHnBZlZzH7gQIe2x7LHUmZNjld4wO42,false
186,Haleigh,hevered55@ihg.com,$2y$10$UVha/jHkrZi.wd/je039.O5/Ix2xkL9O6ngiL9kYpC.524rH7kxym,true
187,Trumaine,tclemmen56@networksolutions.com,$2y$10$Q2EJMlvPUfJpN3gUP7cj8u.Lmee5SV.bAL3n/M9KOurKAQehiITu.,true
188,Kathlin,ktieman57@scientificamerican.com,$2y$10$0syMokJfSALogg67ZBWZteuephrNxXc9NZiEfHwH8JYupz4zkPN8K,true
189,Mechelle,memerson58@abc.net.au,$2y$10$9CuxMaFQIKhypJo0w6Ub7emF6meSjPpBxufdNuX/B579BxcH.1exm,true
190,Ellery,emargetson59@paginegialle.it,$2y$10$6TCAPh5PGGPZGtyeHuOuZu1FZGQ25PnLkP6LwnHiUCov6fcrMFW3.,true
191,Emelda,elazenby5a@java.com,$2y$10$W/XRNQ.Do5gM0/orva/hTuk9cuLlFYTGrfChdZFZWbEuAFka5Ma3m,false
192,Raynell,rslane5b@alexa.com,$2y$10$WTubzFyv4xRXQfC.NTU/ieSbzEmwQwEQMatEkfIqb8ZXBRIUkEAAC,true
193,Joelly,jcrabb5c@quantcast.com,$2y$10$EXYq7/jHA1PONyo1De8i7uVLlG5N9uiVlL4tSNihOJFXouKXPVcKC,true
194,Elvin,eferrand5d@trellian.com,$2y$10$HrDT8RUuOQuBsutgJQMmGeHieF/xG3DlzG7VgH0uUOBlH0lJ/qwI6,true
195,Zondra,zredsall5e@businesswire.com,$2y$10$MKSi6IRg1QbjTIAYkTPVmuBLYR5Yp/OsduRAypTDoKBsLOembw/s.,false
196,Garry,gcalkin5f@ameblo.jp,$2y$10$ewiB6UWQ.iOI5kqFKOA3auY6/9rlkb6.9XtWU3fioYnEKBLezUt/W,true
197,Barbabra,bschubart5g@odnoklassniki.ru,$2y$10$jovYnt/H8vZCGrJF2YqLbuzFC8A1bO.0ofBoqPauCJGexUOhEfBRa,true
198,Lyn,lbotfield5h@github.com,$2y$10$lL3WEdOBUkKCwH36eNPtY.NH2bY/oIg.WS6fIacLy.AQ25lWd6V96,false
199,Serene,sguyver5i@opera.com,$2y$10$pbFli6XQk9S0.NIt6RIjb.oUFgX4gn8eoSbSBQyzqcaAVImJRsdna,true
200,Fiona,fgrog5j@fema.gov,$2y$10$r1KXy4ApWILfaZd/rfVWS.oDTGalMwj0b/Cy3IZiVFv9K0dwkw6pW,true
201,Claudina,cmccosh5k@tinyurl.com,$2y$10$wFRKWefS2uvIV48EpXmI7.BbvWCfzLFCjQ3FCvxQHsRg9nxx5LIVu,false
202,Adolf,aferrick5l@ebay.com,$2y$10$iuxgLIChCku5GUUW8m769e5kMm9A63QWXlGlkeDIS0GW7OhXTA6Ya,false
203,Bogart,bniemetz5m@wikia.com,$2y$10$d3qy7qzlKHvE3HmSOC/QiOaKfbTeOlIkIWaSs8HZkIC2W/02gi0xS,false
204,Curtis,cschoolfield5n@amazon.de,$2y$10$zWDIGoziX7zLe8VQeD99t.nwlhnB.3Hezxp2Yjf.LKsV0b7hiZW2m,true
205,Robin,rcourse5o@cnn.com,$2y$10$aEW8TTCfbIrbbu4lYAxfLOsfX7J5ZJmRnRYCFK6NdM8beYxcePwee,true
206,Silvie,saire5p@jimdo.com,$2y$10$coBIIuw5C2fJlQsTo87Lu.uO3UFaKjcRAhJBaIaELjEMOKjOA0qGS,false
207,Edwina,eglabach5q@networksolutions.com,$2y$10$S/s8u.C8s3662MkYhoRdleGWqiQLQBWAsxSd/0N7agRVQnqQu3iyq,false
208,Wilone,wfolan5r@unc.edu,$2y$10$lij8AAgO8GIqvB0XlmAKIesddMJ9bAuj5Sb9ss7RMlEwFV8xpC3qK,true
209,Horst,htoal5s@quantcast.com,$2y$10$LrZu1yamWzLCqC.bbuIctubeXysKcOgISnaSXud5bZ0dScHecgbdG,false
210,Britte,bscardafield5t@auda.org.au,$2y$10$H/fbi.4Wrd374FNhuC0Meu4Zs1jYjEjyh5bVNcJhjP24fNmC0nFPG,false
211,Erasmus,etrenbey5u@deviantart.com,$2y$10$emeYiqqDrDAiMWlxmk5wbO22A/ApGCmjnx..iskbnYE4lBI2oLZFC,true
212,Frederic,fpawfoot5v@unesco.org,$2y$10$OfqU06pCx1ifWYWv36oJYuUtT9oD/hDBO24YY6GNtnvb0qDvCgCqu,true
213,Templeton,tcrocombe5w@epa.gov,$2y$10$DUwvcMRmmmRl5eCWwI45tuv2fKh5b0gH3znhb/k7FB8LQi.cvMYS2,false
214,Twila,twasmer5x@rediff.com,$2y$10$ekyZYV2WML.FG6SmF7U3HuguUNsfuzof64W4h6o/iFWef.wSleDw6,true
215,Ignacio,ihaws5y@altervista.org,$2y$10$Eh475RIyPwIVFqmMI9Qjh.YoQep77wf3XLZvKjBODqMADy5vfdWn.,false
216,Rowland,ryushkov5z@dyndns.org,$2y$10$iaO/oYvyvMtw9eVYUFTg1uu2oqKykLL6lh1AwtbQMIX7ceDdx/waq,false
217,Angelique,awittke60@com.com,$2y$10$xPrMyXn4RaAhtOhcOvlrEO8h118Ie9f92zq4WOPY9MZtNN7LtS0zu,true
218,Flint,fcradoc61@ning.com,$2y$10$0jbFp2MaobHX2nRz3ptLqODjwZgh7B2Wymnz3smEGqL66kmzuTd0O,false
219,Vicki,vashard62@myspace.com,$2y$10$udVEG88CsAVHfcRTSpO7Meb0Pzcdm87vrX5AoX8wHqFFbYMfKNNnm,true
220,Fiann,frickersy63@ovh.net,$2y$10$SU7vfzGYmhtsi3IJ9pVPcepsAx8xCHyGDmAnhSDOanpNmkKjc36Eu,true
221,Royal,rengeham64@google.ru,$2y$10$EI75Nd9y/LwJTCBi3n8JmO.jWvGtHjRS/ymZIXu.z9h/aJu6vNnz2,false
222,Liva,lkilius65@google.co.uk,$2y$10$dUA9GTIRquDAnp53saVEKupPQM4ctaadbCcrCjLdnhBHax15MxOSm,false
223,Sunny,sprise66@csmonitor.com,$2y$10$0HWFW5JCAeYuc2Ehd7py5Otxjl047eDHuiqbtbWAnPSAhhpueYxW6,false
224,Leelah,lmenchenton67@reuters.com,$2y$10$FRXnez0yKE3bdOYg4PHz8eZRj/24gcUQA.gd0q946GnznhTjD3vGm,false
225,Eadmund,ehaucke68@samsung.com,$2y$10$MQkQujeZUOYzPXvtzKlCd.rAhDmgkQ0MMTUr/0qsBc5smTYQ2eVYi,false
226,Rutherford,rpark69@tuttocitta.it,$2y$10$qsuf.Vo3vNMAezRyjk4B8.ON.76xtrd40onqahDfoXe.9ky3P0/RW,true
227,Nickolaus,ngrishanin6a@purevolume.com,$2y$10$w3YPZ2gVzBYEE0RLO/JGyOQymcqH5N6HL5BvWenMrU6Ov2e6d0Xla,false
228,Liuka,lnetherwood6b@chicagotribune.com,$2y$10$j9fS38BzqK2bYXpyBPRN2OGhrQRSDV7yhBvxknPXYc/lchl7u4xpi,true
229,York,ygooders6c@ebay.co.uk,$2y$10$epnCTongySIvK88L2hmNP.u2qfWltU/vyFYQTVewcKLL09yW98atO,true
230,Rodd,rgurnett6d@ted.com,$2y$10$bKQpp9IlV3E6kxHeiw5H5eRqUakp3jGx3Ov1Q5Q.RiPv6fVBYeU8K,true
231,Uta,udavley6e@hao123.com,$2y$10$siNkCoHAT9JuGWQJRFrAkOkJVFlo.Uwo290CFhxReZReBa7fli0Xa,true
232,Conrad,cdelaunde6f@imgur.com,$2y$10$bXjMSX2Nueuj0cKR4jkV0Ofwo8Zud/pUQ/Cd4ofNQsfb07MkzPnda,true
233,Rhea,rspoor6g@pen.io,$2y$10$hRdcHmAcl/IofKW5iy7qsutbqm3nScRusHdfXhAdR8Fm5Veu.NfB6,false
234,Melina,mcollinwood6h@ovh.net,$2y$10$qtXka4hzFF.VUYbrSfj60.ojaA9Jn.bHPVQcIKk4rimYxWabKc9.K,true
235,Aldrich,acarryer6i@digg.com,$2y$10$4TWPnohiatzstC3cA/2a4Oi009wS9J0VkLbvaWcT5mCC.zQC1Q7n.,true
236,Benito,bburtt6j@clickbank.net,$2y$10$93zOAP4nov/sog5zXbarJOnubeCBwKfNGw1pkpxP.Hs8SjMSjYP7e,false
237,Celinka,cwildish6k@unicef.org,$2y$10$WkmsoapESRqbi39XdRd1kudhX.9hfBqI8mrCihWi9ZQtoRHASRLVe,false
238,Julianna,jsloley6l@qq.com,$2y$10$eNnOu.I4ajiz7.BzHLTYreSJOFMUYAEpQq9aKZgTCC4/9Mut0FdHm,false
239,Jennilee,jtrenam6m@cornell.edu,$2y$10$oWVQpzZlwud93a.HQcI0RuBchWuBxKHOeST9tWK8QHc5Y7tVF/CmS,true
